timestamp,can_id,data
2025-06-26 20:24:09.386,0x320,DATA:68 3 136 0 0 0 0 0
2025-06-26 20:24:09.395,0x280,DATA:41 0 0 0 0 0 0 0
2025-06-26 20:24:09.395,0x288,DATA:17 195 51 0 0 94 207 0
2025-06-26 20:24:09.402,0x380,DATA:0 135 0 0 128 0 0 16
2025-06-26 20:24:09.405,0x470,DATA:0 0 0 0 2
2025-06-26 20:24:09.410,0x280,DATA:41 0 0 0 0 0 0 0
2025-06-26 20:24:09.416,0x288,DATA:17 195 51 0 0 94 207 0
2025-06-26 20:24:09.418,0x320,DATA:68 3 136 0 0 0 0 0
2025-06-26 20:24:09.418,0x280,DATA:41 0 0 0 0 0 0 0
2025-06-26 20:24:09.429,0x288,DATA:81 195 51 0 0 94 207 0
2025-06-26 20:24:09.435,0x288,DATA:81 195 51 0 0 94 207 0
2025-06-26 20:24:09.435,0x488,DATA:253 19 92 116 166 0 0 96
2025-06-26 20:24:09.437,0x520,DATA:6 0 1 150 124 18 163 1
2025-06-26 20:24:09.443,0x280,DATA:41 0 0 0 0 0 0 0
2025-06-26 20:24:09.443,0x288,DATA:81 195 51 0 0 94 207 0
2025-06-26 20:24:09.451,0x380,DATA:0 135 0 0 128 0 0 16
2025-06-26 20:24:09.458,0x320,DATA:68 3 136 0 0 0 0 0
2025-06-26 20:24:09.462,0x470,DATA:0 0 0 0 2
2025-06-26 20:24:09.462,0x570,DATA:3 0 0 0
2025-06-26 20:24:09.468,0x280,DATA:41 0 0 0 0 0 0 0
2025-06-26 20:24:09.472,0x288,DATA:143 195 51 0 0 94 207 0
2025-06-26 20:24:09.474,0x380,DATA:0 135 0 0 128 0 0 16
2025-06-26 20:24:09.482,0x320,DATA:68 3 136 0 0 0 0 0
2025-06-26 20:24:09.484,0x280,DATA:41 0 0 0 0 0 0 0
2025-06-26 20:24:09.492,0x288,DATA:143 195 51 0 0 94 207 0
2025-06-26 20:24:09.492,0x288,DATA:143 195 51 0 0 94 207 0
2025-06-26 20:24:09.500,0x488,DATA:93 19 92 116 166 0 0 192
2025-06-26 20:24:09.503,0x320,DATA:68 3 136 0 0 0 0 0
2025-06-26 20:24:09.508,0x470,DATA:0 0 0 0 2
2025-06-26 20:24:09.515,0x280,DATA:41 0 0 0 0 0 0 0
2025-06-26 20:24:09.517,0x288,DATA:213 195 51 0 0 94 207 0
2025-06-26 20:24:09.522,0x320,DATA:68 3 136 0 0 0 0 0
2025-06-26 20:24:09.526,0x280,DATA:41 0 0 0 0 0 0 0
2025-06-26 20:24:09.527,0x280,DATA:41 0 0 0 0 0 0 0
2025-06-26 20:24:09.533,0x288,DATA:213 195 51 0 0 94 207 0
2025-06-26 20:24:09.537,0x380,DATA:0 135 0 0 128 0 0 16
2025-06-26 20:24:09.543,0x488,DATA:157 19 92 116 166 0 0 0
2025-06-26 20:24:09.544,0x320,DATA:68 3 136 0 0 0 0 0
2025-06-26 20:24:09.548,0x280,DATA:41 0 0 0 0 0 0 0
2025-06-26 20:24:09.554,0x280,DATA:41 0 0 0 0 0 0 0
2025-06-26 20:24:09.556,0x288,DATA:17 195 51 0 0 94 207 0
2025-06-26 20:24:09.556,0x380,DATA:0 135 0 0 128 0 0 16
2025-06-26 20:24:09.564,0x488,DATA:173 19 92 116 166 0 0 48
2025-06-26 20:24:09.564,0x570,DATA:3 0 0 0
2025-06-26 20:24:09.575,0x5D8,DATA:1 4 0 0 0 0 0 0
2025-06-26 20:24:09.578,0x320,DATA:68 3 136 0 0 0 0 0
2025-06-26 20:24:09.581,0x280,DATA:41 0 0 0 0 0 0 0
2025-06-26 20:24:09.585,0x288,DATA:81 195 51 0 0 94 207 0
2025-06-26 20:24:09.589,0x380,DATA:0 135 0 0 128 0 0 16
2025-06-26 20:24:09.594,0x280,DATA:41 0 0 0 0 0 0 0
2025-06-26 20:24:09.599,0x288,DATA:81 195 51 0 0 94 207 0
2025-06-26 20:24:09.599,0x380,DATA:0 135 0 0 128 0 0 16
2025-06-26 20:24:09.601,0x320,DATA:68 3 136 0 0 0 0 0
2025-06-26 20:24:09.606,0x280,DATA:41 0 0 0 0 0 0 0
2025-06-26 20:24:09.606,0x288,DATA:81 195 51 0 0 94 207 0
2025-06-26 20:24:09.616,0x470,DATA:0 0 0 0 2
2025-06-26 20:24:09.616,0x280,DATA:41 0 0 0 0 0 0 0
2025-06-26 20:24:09.626,0x288,DATA:81 195 51 0 0 94 207 0
2025-06-26 20:24:09.626,0x380,DATA:0 135 0 0 128 0 0 16
2025-06-26 20:24:09.632,0x480,DATA:192 12 0 0 0 64 1 141
2025-06-26 20:24:09.637,0x280,DATA:41 0 0 0 0 0 0 0
2025-06-26 20:24:09.638,0x320,DATA:68 3 136 0 0 0 0 0
2025-06-26 20:24:09.643,0x280,DATA:41 0 0 0 0 0 0 0
2025-06-26 20:24:09.647,0x288,DATA:143 195 51 0 0 94 207 0
2025-06-26 20:24:09.647,0x380,DATA:0 135 0 0 128 0 0 16
2025-06-26 20:24:09.655,0x520,DATA:65 66 1 150 124 18 163 1
2025-06-26 20:24:09.658,0x280,DATA:41 0 0 0 0 0 0 0
2025-06-26 20:24:09.663,0x288,DATA:143 195 51 0 0 94 207 0
2025-06-26 20:24:09.672,0x320,DATA:68 3 136 0 0 0 0 0
2025-06-26 20:24:09.672,0x470,DATA:0 0 0 0 2
2025-06-26 20:24:09.672,0x570,DATA:3 0 0 0
2025-06-26 20:24:09.682,0x280,DATA:41 0 0 0 0 0 0 0
2025-06-26 20:24:09.682,0x288,DATA:213 195 51 0 0 94 207 0
2025-06-26 20:24:09.688,0x280,DATA:41 0 0 0 0 0 0 0
2025-06-26 20:24:09.689,0x288,DATA:213 195 51 0 0 94 207 0
2025-06-26 20:24:09.689,0x380,DATA:0 135 0 0 128 0 0 16
2025-06-26 20:24:09.696,0x320,DATA:68 3 136 0 0 0 0 0
2025-06-26 20:24:09.704,0x280,DATA:41 0 0 0 0 0 0 0
2025-06-26 20:24:09.704,0x288,DATA:17 195 51 0 0 94 207 0
2025-06-26 20:24:09.710,0x470,DATA:0 0 0 0 2
2025-06-26 20:24:09.710,0x280,DATA:41 0 0 0 0 0 0 0
2025-06-26 20:24:09.713,0x288,DATA:17 195 51 0 0 94 207 0
2025-06-26 20:24:09.720,0x320,DATA:68 3 136 0 0 0 0 0
2025-06-26 20:24:09.720,0x280,DATA:41 0 0 0 0 0 0 0
2025-06-26 20:24:09.731,0x288,DATA:17 195 51 0 0 94 207 0
2025-06-26 20:24:09.737,0x380,DATA:0 135 0 0 128 0 0 16
2025-06-26 20:24:09.737,0x280,DATA:41 0 0 0 0 0 0 0
2025-06-26 20:24:09.741,0x280,DATA:41 0 0 0 0 0 0 0
2025-06-26 20:24:09.747,0x288,DATA:81 195 51 0 0 94 207 0
2025-06-26 20:24:09.747,0x380,DATA:0 135 0 0 128 0 0 16
2025-06-26 20:24:09.754,0x488,DATA:253 19 92 116 166 0 0 96
2025-06-26 20:24:09.754,0x320,DATA:68 3 136 0 0 0 0 0
2025-06-26 20:24:09.754,0x420,DATA:3 0 0 0 195 0 128 0
2025-06-26 20:24:09.770,0x280,DATA:41 0 0 0 0 0 0 0
2025-06-26 20:24:09.772,0x288,DATA:81 195 51 0 0 94 207 0
2025-06-26 20:24:09.777,0x380,DATA:0 135 0 0 128 0 0 16
2025-06-26 20:24:09.782,0x488,DATA:29 19 92 116 166 0 0 128
2025-06-26 20:24:09.783,0x320,DATA:68 3 136 0 0 0 0 0
2025-06-26 20:24:09.788,0x280,DATA:41 0 0 0 0 0 0 0
2025-06-26 20:24:09.793,0x288,DATA:143 195 51 0 0 94 207 0
2025-06-26 20:24:09.794,0x380,DATA:0 135 0 0 128 0 0 16
2025-06-26 20:24:09.799,0x320,DATA:68 3 136 0 0 0 0 0
2025-06-26 20:24:09.803,0x280,DATA:41 0 0 0 0 0 0 0
2025-06-26 20:24:09.805,0x470,DATA:0 0 0 0 2
2025-06-26 20:24:09.809,0x280,DATA:41 0 0 0 0 0 0 0
2025-06-26 20:24:09.811,0x320,DATA:68 3 136 0 0 0 0 0
2025-06-26 20:24:09.816,0x280,DATA:41 0 0 0 0 0 0 0
2025-06-26 20:24:09.821,0x288,DATA:213 195 51 0 0 94 207 0
2025-06-26 20:24:09.827,0x280,DATA:41 0 0 0 0 0 0 0
2025-06-26 20:24:09.828,0x288,DATA:213 195 51 0 0 94 207 0
2025-06-26 20:24:09.832,0x380,DATA:0 135 0 0 128 0 0 16
2025-06-26 20:24:09.843,0x320,DATA:68 3 136 0 0 0 0 0
2025-06-26 20:24:09.844,0x280,DATA:41 0 0 0 0 0 0 0
2025-06-26 20:24:09.850,0x288,DATA:213 195 51 0 0 94 207 0
2025-06-26 20:24:09.854,0x280,DATA:41 0 0 0 0 0 0 0
2025-06-26 20:24:09.854,0x288,DATA:213 195 51 0 0 94 207 0
2025-06-26 20:24:09.860,0x380,DATA:0 135 0 0 128 0 0 16
2025-06-26 20:24:09.864,0x588,DATA:234 64 116 0 0 3 0 0
2025-06-26 20:24:09.867,0x5D8,DATA:1 4 0 0 0 0 0 0
2025-06-26 20:24:09.871,0x280,DATA:41 0 0 0 0 0 0 0
2025-06-26 20:24:09.875,0x288,DATA:17 195 51 0 0 94 207 0
2025-06-26 20:24:09.877,0x320,DATA:68 3 136 0 0 0 0 0
2025-06-26 20:24:09.882,0x280,DATA:41 0 0 0 0 0 0 0
2025-06-26 20:24:09.888,0x280,DATA:41 0 0 0 0 0 0 0
2025-06-26 20:24:09.892,0x288,DATA:17 195 51 0 0 94 207 0
2025-06-26 20:24:09.894,0x380,DATA:0 135 0 0 128 0 0 16
2025-06-26 20:24:09.900,0x488,DATA:221 19 92 116 166 0 0 64
2025-06-26 20:24:09.905,0x320,DATA:68 3 136 0 0 0 0 0
2025-06-26 20:24:09.906,0x280,DATA:41 0 0 0 0 0 0 0
2025-06-26 20:24:09.910,0x288,DATA:81 195 51 0 0 94 207 0
2025-06-26 20:24:09.914,0x470,DATA:0 0 0 0 2
2025-06-26 20:24:09.916,0x280,DATA:41 0 0 0 0 0 0 0
2025-06-26 20:24:09.922,0x488,DATA:237 19 92 116 166 0 0 112
2025-06-26 20:24:09.927,0x280,DATA:41 0 0 0 0 0 0 0
2025-06-26 20:24:09.927,0x288,DATA:81 195 51 0 0 94 207 0
2025-06-26 20:24:09.933,0x320,DATA:68 3 136 0 0 0 0 0
2025-06-26 20:24:09.938,0x280,DATA:41 0 0 0 0 0 0 0
2025-06-26 20:24:09.943,0x288,DATA:143 195 51 0 0 94 207 0
2025-06-26 20:24:09.944,0x380,DATA:0 135 0 0 128 0 0 16
2025-06-26 20:24:09.949,0x280,DATA:41 0 0 0 0 0 0 0
2025-06-26 20:24:09.955,0x288,DATA:143 195 51 0 0 94 207 0
2025-06-26 20:24:09.959,0x380,DATA:0 135 0 0 128 0 0 16
2025-06-26 20:24:09.965,0x320,DATA:68 3 136 0 0 0 0 0
2025-06-26 20:24:09.967,0x420,DATA:3 0 0 0 195 0 128 0
2025-06-26 20:24:09.970,0x470,DATA:0 0 0 0 2
2025-06-26 20:24:09.972,0x280,DATA:41 0 0 0 0 0 0 0
2025-06-26 20:24:09.976,0x280,DATA:41 0 0 0 0 0 0 0
2025-06-26 20:24:09.983,0x488,DATA:77 19 92 116 166 0 0 208
2025-06-26 20:24:09.986,0x280,DATA:41 0 0 0 0 0 0 0
2025-06-26 20:24:09.993,0x288,DATA:213 195 51 0 0 94 207 0
2025-06-26 20:24:09.998,0x380,DATA:0 135 0 0 128 0 0 16
2025-06-26 20:24:10.000,0x320,DATA:68 3 136 0 0 0 0 0
2025-06-26 20:24:10.008,0x280,DATA:41 0 0 0 0 0 0 0
2025-06-26 20:24:10.012,0x288,DATA:213 195 51 0 0 94 207 0
2025-06-26 20:24:10.015,0x470,DATA:0 0 0 0 2
2025-06-26 20:24:10.017,0x280,DATA:41 0 0 0 0 0 0 0
2025-06-26 20:24:10.022,0x288,DATA:213 195 51 0 0 94 207 0
2025-06-26 20:24:10.026,0x320,DATA:68 3 136 0 0 0 0 0
2025-06-26 20:24:10.028,0x280,DATA:41 0 0 0 0 0 0 0
2025-06-26 20:24:10.038,0x288,DATA:17 195 51 0 0 94 207 0
2025-06-26 20:24:10.038,0x280,DATA:41 0 0 0 0 0 0 0
2025-06-26 20:24:10.044,0x288,DATA:17 195 51 0 0 94 207 0
2025-06-26 20:24:10.048,0x380,DATA:0 135 0 0 128 0 0 16
2025-06-26 20:24:10.050,0x520,DATA:1 192 1 150 124 18 163 1
2025-06-26 20:24:10.056,0x280,DATA:41 0 0 0 0 0 0 0
2025-06-26 20:24:10.061,0x288,DATA:17 195 51 0 0 94 207 0
2025-06-26 20:24:10.065,0x320,DATA:68 3 136 0 0 0 0 0
2025-06-26 20:24:10.065,0x470,DATA:0 0 0 0 2
2025-06-26 20:24:10.072,0x570,DATA:3 0 0 0
2025-06-26 20:24:10.073,0x280,DATA:41 0 0 0 0 0 0 0
2025-06-26 20:24:10.077,0x280,DATA:41 0 0 0 0 0 0 0
2025-06-26 20:24:10.083,0x288,DATA:81 195 51 0 0 94 207 0
2025-06-26 20:24:10.088,0x320,DATA:68 3 136 0 0 0 0 0
2025-06-26 20:24:10.089,0x280,DATA:41 0 0 0 0 0 0 0
2025-06-26 20:24:10.094,0x288,DATA:81 195 51 0 0 94 207 0
2025-06-26 20:24:10.099,0x280,DATA:41 0 0 0 0 0 0 0
2025-06-26 20:24:10.105,0x288,DATA:81 195 51 0 0 94 207 0
2025-06-26 20:24:10.110,0x480,DATA:89 12 0 0 0 64 1 20
2025-06-26 20:24:10.111,0x470,DATA:0 0 0 0 2
2025-06-26 20:24:10.116,0x280,DATA:41 0 0 0 0 0 0 0
2025-06-26 20:24:10.118,0x320,DATA:68 3 136 0 0 0 0 0
2025-06-26 20:24:10.121,0x280,DATA:41 0 0 0 0 0 0 0
2025-06-26 20:24:10.126,0x288,DATA:143 195 51 0 0 94 207 0
2025-06-26 20:24:10.126,0x380,DATA:0 135 0 0 128 0 0 16
2025-06-26 20:24:10.132,0x280,DATA:41 0 0 0 0 0 0 0
2025-06-26 20:24:10.134,0x288,DATA:143 195 51 0 0 94 207 0
2025-06-26 20:24:10.142,0x380,DATA:0 135 0 0 128 0 0 16
2025-06-26 20:24:10.144,0x280,DATA:41 0 0 0 0 0 0 0
2025-06-26 20:24:10.152,0x288,DATA:213 195 51 0 0 94 207 0
2025-06-26 20:24:10.152,0x320,DATA:68 3 136 0 0 0 0 0
2025-06-26 20:24:10.160,0x280,DATA:41 0 0 0 0 0 0 0
2025-06-26 20:24:10.164,0x288,DATA:213 195 51 0 0 94 207 0
2025-06-26 20:24:10.166,0x380,DATA:0 135 0 0 128 0 0 16
2025-06-26 20:24:10.168,0x488,DATA:109 19 92 116 166 0 0 240
2025-06-26 20:24:10.176,0x570,DATA:3 0 0 0
2025-06-26 20:24:10.178,0x5D8,DATA:1 4 0 0 0 0 0 0
2025-06-26 20:24:10.178,0x320,DATA:68 3 136 0 0 0 0 0
2025-06-26 20:24:10.184,0x280,DATA:41 0 0 0 0 0 0 0
2025-06-26 20:24:10.189,0x288,DATA:17 195 51 0 0 94 207 0
2025-06-26 20:24:10.193,0x280,DATA:41 0 0 0 0 0 0 0
2025-06-26 20:24:10.194,0x288,DATA:17 195 51 0 0 94 207 0
2025-06-26 20:24:10.204,0x380,DATA:0 135 0 0 128 0 0 16
2025-06-26 20:24:10.205,0x320,DATA:68 3 136 0 0 0 0 0
2025-06-26 20:24:10.210,0x280,DATA:41 0 0 0 0 0 0 0
2025-06-26 20:24:10.215,0x288,DATA:17 195 51 0 0 94 207 0
2025-06-26 20:24:10.215,0x470,DATA:0 0 0 0 2
2025-06-26 20:24:10.219,0x280,DATA:41 0 0 0 0 0 0 0
2025-06-26 20:24:10.224,0x380,DATA:0 135 0 0 128 0 0 16
2025-06-26 20:24:10.224,0x280,DATA:41 0 0 0 0 0 0 0
2025-06-26 20:24:10.231,0x288,DATA:81 195 51 0 0 94 207 0
2025-06-26 20:24:10.234,0x380,DATA:0 135 0 0 128 0 0 16
2025-06-26 20:24:10.239,0x320,DATA:68 3 136 0 0 0 0 0
2025-06-26 20:24:10.239,0x280,DATA:41 0 0 0 0 0 0 0
2025-06-26 20:24:10.247,0x288,DATA:81 195 51 0 0 94 207 0
2025-06-26 20:24:10.251,0x520,DATA:6 0 1 150 124 18 163 1
2025-06-26 20:24:10.255,0x280,DATA:41 0 0 0 0 0 0 0
2025-06-26 20:24:10.258,0x320,DATA:68 3 136 0 0 0 0 0
2025-06-26 20:24:10.266,0x470,DATA:0 0 0 0 2
2025-06-26 20:24:10.266,0x280,DATA:41 0 0 0 0 0 0 0
2025-06-26 20:24:10.272,0x280,DATA:41 0 0 0 0 0 0 0
2025-06-26 20:24:10.278,0x380,DATA:0 135 0 0 128 0 0 16
2025-06-26 20:24:10.282,0x588,DATA:234 64 116 0 0 3 0 0
2025-06-26 20:24:10.284,0x320,DATA:68 3 136 0 0 0 0 0
2025-06-26 20:24:10.288,0x280,DATA:41 0 0 0 0 0 0 0
2025-06-26 20:24:10.293,0x288,DATA:143 195 51 0 0 94 207 0
2025-06-26 20:24:10.295,0x320,DATA:68 3 135 0 0 0 0 0
2025-06-26 20:24:10.300,0x280,DATA:41 0 0 0 0 0 0 0
2025-06-26 20:24:10.305,0x288,DATA:213 195 51 0 0 94 207 0
2025-06-26 20:24:10.306,0x470,DATA:0 0 0 0 2
2025-06-26 20:24:10.310,0x280,DATA:41 0 0 0 0 0 0 0
2025-06-26 20:24:10.315,0x288,DATA:213 195 51 0 0 94 207 0
2025-06-26 20:24:10.317,0x320,DATA:68 3 135 0 0 0 0 0
2025-06-26 20:24:10.328,0x280,DATA:41 0 0 0 0 0 0 0
2025-06-26 20:24:10.332,0x288,DATA:213 195 51 0 0 94 207 0
2025-06-26 20:24:10.334,0x380,DATA:0 135 0 0 128 0 0 16
2025-06-26 20:24:10.338,0x380,DATA:0 135 0 0 128 0 0 16
2025-06-26 20:24:10.342,0x588,DATA:234 64 116 0 0 3 0 0
2025-06-26 20:24:10.342,0x280,DATA:41 0 0 0 0 0 0 0
2025-06-26 20:24:10.349,0x288,DATA:17 195 51 0 0 94 207 0
2025-06-26 20:24:10.349,0x380,DATA:0 135 0 0 128 0 0 16
2025-06-26 20:24:10.349,0x320,DATA:68 3 135 0 0 0 0 0
2025-06-26 20:24:10.360,0x420,DATA:3 0 0 0 195 0 128 0
2025-06-26 20:24:10.360,0x280,DATA:41 0 0 0 0 0 0 0
2025-06-26 20:24:10.370,0x280,DATA:41 0 0 0 0 0 0 0
2025-06-26 20:24:10.372,0x288,DATA:17 195 51 0 0 94 207 0
2025-06-26 20:24:10.376,0x380,DATA:0 135 0 0 128 0 0 16
2025-06-26 20:24:10.383,0x488,DATA:221 19 92 116 166 0 0 64
2025-06-26 20:24:10.384,0x320,DATA:68 3 135 0 0 0 0 0
2025-06-26 20:24:10.389,0x280,DATA:41 0 0 0 0 0 0 0
2025-06-26 20:24:10.393,0x288,DATA:81 195 51 0 0 94 207 0
2025-06-26 20:24:10.394,0x280,DATA:41 0 0 0 0 0 0 0
2025-06-26 20:24:10.398,0x380,DATA:0 135 0 0 128 0 0 16
2025-06-26 20:24:10.400,0x470,DATA:0 0 0 0 2
2025-06-26 20:24:10.404,0x280,DATA:41 0 0 0 0 0 0 0
2025-06-26 20:24:10.406,0x288,DATA:81 195 51 0 0 94 207 0
2025-06-26 20:24:10.417,0x320,DATA:68 3 135 0 0 0 0 0
2025-06-26 20:24:10.421,0x280,DATA:41 0 0 0 0 0 0 0
2025-06-26 20:24:10.423,0x288,DATA:143 195 51 0 0 94 207 0
2025-06-26 20:24:10.423,0x280,DATA:41 0 0 0 0 0 0 0
2025-06-26 20:24:10.430,0x288,DATA:143 195 51 0 0 94 207 0
2025-06-26 20:24:10.433,0x380,DATA:0 135 0 0 128 0 0 16
2025-06-26 20:24:10.439,0x488,DATA:61 19 92 116 166 0 0 160
2025-06-26 20:24:10.444,0x280,DATA:41 0 0 0 0 0 0 0
2025-06-26 20:24:10.449,0x288,DATA:143 195 51 0 0 94 207 0
2025-06-26 20:24:10.451,0x320,DATA:68 3 135 0 0 0 0 0
2025-06-26 20:24:10.456,0x488,DATA:93 19 92 116 166 0 0 192
2025-06-26 20:24:10.461,0x320,DATA:68 3 135 0 0 0 0 0
2025-06-26 20:24:10.466,0x470,DATA:0 0 0 0 2
2025-06-26 20:24:10.467,0x280,DATA:41 0 0 0 0 0 0 0
2025-06-26 20:24:10.472,0x288,DATA:213 195 51 0 0 94 207 0
2025-06-26 20:24:10.477,0x380,DATA:0 135 0 0 128 0 0 16
2025-06-26 20:24:10.478,0x320,DATA:68 3 135 0 0 0 0 0
2025-06-26 20:24:10.483,0x280,DATA:41 0 0 0 0 0 0 0
2025-06-26 20:24:10.488,0x288,DATA:213 195 51 0 0 94 207 0
2025-06-26 20:24:10.488,0x280,DATA:41 0 0 0 0 0 0 0
2025-06-26 20:24:10.494,0x288,DATA:213 195 51 0 0 94 207 0
2025-06-26 20:24:10.505,0x380,DATA:0 135 0 0 128 0 0 16
2025-06-26 20:24:10.506,0x320,DATA:68 3 135 0 0 0 0 0
2025-06-26 20:24:10.515,0x280,DATA:41 0 0 0 0 0 0 0
2025-06-26 20:24:10.516,0x288,DATA:17 195 51 0 0 94 207 0
2025-06-26 20:24:10.522,0x380,DATA:0 135 0 0 128 0 0 16
2025-06-26 20:24:10.527,0x588,DATA:234 64 116 0 0 3 0 0
2025-06-26 20:24:10.530,0x320,DATA:68 3 135 0 0 0 0 0
2025-06-26 20:24:10.530,0x280,DATA:41 0 0 0 0 0 0 0
2025-06-26 20:24:10.537,0x288,DATA:17 195 51 0 0 94 207 0
2025-06-26 20:24:10.537,0x280,DATA:41 0 0 0 0 0 0 0
2025-06-26 20:24:10.543,0x288,DATA:81 195 51 0 0 94 207 0
2025-06-26 20:24:10.548,0x320,DATA:68 3 135 0 0 0 0 0
2025-06-26 20:24:10.551,0x380,DATA:0 135 0 0 128 0 0 16
2025-06-26 20:24:10.551,0x280,DATA:41 0 0 0 0 0 0 0
2025-06-26 20:24:10.561,0x288,DATA:81 195 51 0 0 94 207 0
2025-06-26 20:24:10.566,0x380,DATA:0 135 0 0 128 0 0 16
2025-06-26 20:24:10.567,0x320,DATA:68 3 135 0 0 0 0 0
2025-06-26 20:24:10.572,0x420,DATA:3 0 0 0 195 0 128 0
2025-06-26 20:24:10.576,0x280,DATA:41 0 0 0 0 0 0 0
2025-06-26 20:24:10.576,0x288,DATA:81 195 51 0 0 94 207 0
2025-06-26 20:24:10.584,0x488,DATA:29 19 92 116 166 0 0 128
2025-06-26 20:24:10.589,0x280,DATA:41 0 0 0 0 0 0 0
2025-06-26 20:24:10.594,0x288,DATA:143 195 51 0 0 94 207 0
2025-06-26 20:24:10.598,0x380,DATA:0 135 0 0 128 0 0 16
2025-06-26 20:24:10.598,0x320,DATA:68 3 135 0 0 0 0 0
2025-06-26 20:24:10.600,0x280,DATA:41 0 0 0 0 0 0 0
2025-06-26 20:24:10.610,0x288,DATA:143 195 51 0 0 94 207 0
2025-06-26 20:24:10.611,0x380,DATA:0 135 0 0 128 0 0 16
2025-06-26 20:24:10.615,0x470,DATA:0 0 0 0 2
2025-06-26 20:24:10.621,0x280,DATA:41 0 0 0 0 0 0 0
2025-06-26 20:24:10.623,0x288,DATA:143 195 51 0 0 94 207 0
2025-06-26 20:24:10.632,0x320,DATA:68 3 135 0 0 0 0 0
2025-06-26 20:24:10.633,0x280,DATA:41 0 0 0 0 0 0 0
2025-06-26 20:24:10.637,0x280,DATA:41 0 0 0 0 0 0 0
2025-06-26 20:24:10.643,0x288,DATA:213 195 51 0 0 94 207 0
2025-06-26 20:24:10.643,0x380,DATA:0 135 0 0 128 0 0 16
2025-06-26 20:24:10.649,0x488,DATA:125 19 92 116 166 0 0 224
2025-06-26 20:24:10.655,0x520,DATA:255 143 1 150 124 18 163 1
2025-06-26 20:24:10.655,0x280,DATA:41 0 0 0 0 0 0 0
2025-06-26 20:24:10.661,0x288,DATA:213 195 51 0 0 94 207 0
2025-06-26 20:24:10.665,0x320,DATA:68 3 135 0 0 0 0 0
2025-06-26 20:24:10.667,0x280,DATA:41 0 0 0 0 0 0 0
2025-06-26 20:24:10.667,0x288,DATA:17 195 51 0 0 94 207 0
2025-06-26 20:24:10.667,0x280,DATA:41 0 0 0 0 0 0 0
2025-06-26 20:24:10.682,0x288,DATA:17 195 51 0 0 94 207 0
2025-06-26 20:24:10.688,0x380,DATA:0 135 0 0 128 0 0 16
2025-06-26 20:24:10.688,0x320,DATA:68 3 135 0 0 0 0 0
2025-06-26 20:24:10.690,0x280,DATA:41 0 0 0 0 0 0 0
2025-06-26 20:24:10.699,0x288,DATA:17 195 51 0 0 94 207 0
2025-06-26 20:24:10.699,0x280,DATA:41 0 0 0 0 0 0 0
2025-06-26 20:24:10.702,0x288,DATA:17 195 51 0 0 94 207 0
2025-06-26 20:24:10.709,0x380,DATA:0 135 0 0 128 0 0 16
2025-06-26 20:24:10.711,0x488,DATA:205 19 92 116 166 0 0 80
2025-06-26 20:24:10.713,0x470,DATA:0 0 0 0 2
2025-06-26 20:24:10.713,0x280,DATA:41 0 0 0 0 0 0 0
2025-06-26 20:24:10.720,0x320,DATA:68 3 135 0 0 0 0 0
2025-06-26 20:24:10.727,0x280,DATA:41 0 0 0 0 0 0 0
2025-06-26 20:24:10.731,0x280,DATA:41 0 0 0 0 0 0 0
2025-06-26 20:24:10.737,0x288,DATA:81 195 51 0 0 94 207 0
2025-06-26 20:24:10.744,0x380,DATA:0 135 0 0 128 0 0 16
2025-06-26 20:24:10.744,0x280,DATA:41 0 0 0 0 0 0 0
2025-06-26 20:24:10.748,0x288,DATA:143 195 51 0 0 94 207 0
2025-06-26 20:24:10.754,0x320,DATA:68 3 135 0 0 0 0 0
2025-06-26 20:24:10.754,0x380,DATA:0 135 0 0 128 0 0 16
2025-06-26 20:24:10.761,0x280,DATA:41 0 0 0 0 0 0 0
2025-06-26 20:24:10.761,0x380,DATA:0 135 0 0 128 0 0 16
2025-06-26 20:24:10.766,0x570,DATA:3 0 0 0
2025-06-26 20:24:10.769,0x5D8,DATA:1 4 0 0 0 0 0 0
2025-06-26 20:24:10.777,0x320,DATA:68 3 135 0 0 0 0 0
2025-06-26 20:24:10.779,0x280,DATA:41 0 0 0 0 0 0 0
2025-06-26 20:24:10.784,0x288,DATA:213 195 51 0 0 94 207 0
2025-06-26 20:24:10.785,0x280,DATA:41 0 0 0 0 0 0 0
2025-06-26 20:24:10.785,0x288,DATA:213 195 51 0 0 94 207 0
2025-06-26 20:24:10.793,0x380,DATA:0 135 0 0 128 0 0 16
2025-06-26 20:24:10.799,0x488,DATA:125 19 92 116 166 0 0 224
2025-06-26 20:24:10.804,0x320,DATA:68 3 135 0 0 0 0 0
2025-06-26 20:24:10.806,0x280,DATA:41 0 0 0 0 0 0 0
2025-06-26 20:24:10.810,0x288,DATA:213 195 51 0 0 94 207 0
2025-06-26 20:24:10.810,0x470,DATA:0 0 0 0 2
2025-06-26 20:24:10.814,0x280,DATA:41 0 0 0 0 0 0 0
2025-06-26 20:24:10.820,0x288,DATA:17 195 51 0 0 94 207 0
2025-06-26 20:24:10.827,0x380,DATA:0 135 0 0 128 0 0 16
2025-06-26 20:24:10.831,0x480,DATA:148 12 0 0 0 64 1 217
2025-06-26 20:24:10.835,0x280,DATA:41 0 0 0 0 0 0 0
2025-06-26 20:24:10.837,0x280,DATA:41 0 0 0 0 0 0 0
2025-06-26 20:24:10.837,0x288,DATA:17 195 51 0 0 94 207 0
2025-06-26 20:24:10.849,0x520,DATA:1 192 1 150 124 18 163 1
2025-06-26 20:24:10.850,0x280,DATA:41 0 0 0 0 0 0 0
2025-06-26 20:24:10.854,0x288,DATA:17 195 51 0 0 94 207 0
2025-06-26 20:24:10.860,0x320,DATA:68 3 135 0 0 0 0 0
2025-06-26 20:24:10.861,0x470,DATA:0 0 0 0 2
2025-06-26 20:24:10.865,0x280,DATA:41 0 0 0 0 0 0 0
2025-06-26 20:24:10.871,0x288,DATA:81 195 51 0 0 94 207 0
2025-06-26 20:24:10.877,0x280,DATA:41 0 0 0 0 0 0 0
2025-06-26 20:24:10.877,0x288,DATA:81 195 51 0 0 94 207 0
2025-06-26 20:24:10.882,0x280,DATA:41 0 0 0 0 0 0 0
2025-06-26 20:24:10.888,0x380,DATA:0 135 0 0 128 0 0 16
2025-06-26 20:24:10.894,0x480,DATA:148 12 0 0 0 64 1 217
2025-06-26 20:24:10.894,0x320,DATA:68 3 135 0 0 0 0 0
2025-06-26 20:24:10.898,0x280,DATA:41 0 0 0 0 0 0 0
2025-06-26 20:24:10.901,0x288,DATA:143 195 51 0 0 94 207 0
2025-06-26 20:24:10.901,0x470,DATA:0 0 0 0 2
2025-06-26 20:24:10.908,0x280,DATA:41 0 0 0 0 0 0 0
2025-06-26 20:24:10.915,0x288,DATA:143 195 51 0 0 94 207 0
2025-06-26 20:24:10.919,0x320,DATA:68 3 135 0 0 0 0 0
2025-06-26 20:24:10.922,0x280,DATA:41 0 0 0 0 0 0 0
2025-06-26 20:24:10.923,0x288,DATA:143 195 51 0 0 94 207 0
2025-06-26 20:24:10.930,0x280,DATA:41 0 0 0 0 0 0 0
2025-06-26 20:24:10.933,0x288,DATA:143 195 51 0 0 94 207 0
2025-06-26 20:24:10.942,0x380,DATA:0 135 0 0 128 0 0 16
2025-06-26 20:24:10.942,0x280,DATA:41 0 0 0 0 0 0 0
2025-06-26 20:24:10.948,0x320,DATA:68 3 135 0 0 0 0 0
2025-06-26 20:24:10.953,0x488,DATA:77 19 92 116 166 0 0 208
2025-06-26 20:24:10.955,0x320,DATA:68 3 135 0 0 0 0 0
2025-06-26 20:24:10.955,0x420,DATA:3 0 0 0 195 0 128 0
2025-06-26 20:24:10.965,0x280,DATA:41 0 0 0 0 0 0 0
2025-06-26 20:24:10.966,0x280,DATA:41 0 0 0 0 0 0 0
2025-06-26 20:24:10.972,0x288,DATA:213 195 51 0 0 94 207 0
2025-06-26 20:24:10.976,0x380,DATA:0 135 0 0 128 0 0 16
2025-06-26 20:24:10.978,0x488,DATA:157 19 92 116 166 0 0 0
2025-06-26 20:24:10.982,0x320,DATA:68 3 135 0 0 0 0 0
2025-06-26 20:24:10.988,0x280,DATA:41 0 0 0 0 0 0 0
2025-06-26 20:24:10.993,0x280,DATA:41 0 0 0 0 0 0 0
2025-06-26 20:24:10.993,0x288,DATA:17 195 51 0 0 94 207 0
2025-06-26 20:24:10.996,0x380,DATA:0 135 0 0 128 0 0 16
2025-06-26 20:24:11.004,0x280,DATA:41 0 0 0 0 0 0 0
2025-06-26 20:24:11.006,0x288,DATA:17 195 51 0 0 94 207 0
2025-06-26 20:24:11.007,0x488,DATA:173 19 92 116 166 0 0 48
2025-06-26 20:24:11.013,0x320,DATA:68 3 135 0 0 0 0 0
2025-06-26 20:24:11.021,0x280,DATA:41 0 0 0 0 0 0 0
2025-06-26 20:24:11.021,0x288,DATA:81 195 51 0 0 94 207 0
2025-06-26 20:24:11.024,0x380,DATA:0 135 0 0 128 0 0 16
2025-06-26 20:24:11.032,0x280,DATA:41 0 0 0 0 0 0 0
2025-06-26 20:24:11.038,0x288,DATA:81 195 51 0 0 94 207 0
2025-06-26 20:24:11.038,0x280,DATA:41 0 0 0 0 0 0 0
2025-06-26 20:24:11.038,0x288,DATA:81 195 51 0 0 94 207 0
2025-06-26 20:24:11.049,0x320,DATA:68 3 135 0 0 0 0 0
2025-06-26 20:24:11.055,0x520,DATA:6 0 1 150 124 18 163 1
2025-06-26 20:24:11.055,0x280,DATA:41 0 0 0 0 0 0 0
2025-06-26 20:24:11.055,0x288,DATA:81 195 51 0 0 94 207 0
2025-06-26 20:24:11.065,0x380,DATA:0 135 0 0 128 0 0 16
2025-06-26 20:24:11.065,0x320,DATA:68 3 135 0 0 0 0 0
2025-06-26 20:24:11.072,0x470,DATA:0 0 0 0 2
2025-06-26 20:24:11.072,0x280,DATA:41 0 0 0 0 0 0 0
2025-06-26 20:24:11.076,0x320,DATA:68 3 135 0 0 0 0 0
2025-06-26 20:24:11.082,0x280,DATA:41 0 0 0 0 0 0 0
2025-06-26 20:24:11.088,0x288,DATA:143 195 51 0 0 94 207 0
2025-06-26 20:24:11.088,0x280,DATA:41 0 0 0 0 0 0 0
2025-06-26 20:24:11.094,0x288,DATA:143 195 51 0 0 94 207 0
2025-06-26 20:24:11.096,0x380,DATA:0 135 0 0 128 0 0 16
2025-06-26 20:24:11.102,0x320,DATA:68 3 135 0 0 0 0 0
2025-06-26 20:24:11.102,0x280,DATA:41 0 0 0 0 0 0 0
2025-06-26 20:24:11.110,0x470,DATA:0 0 0 0 2
2025-06-26 20:24:11.110,0x280,DATA:41 0 0 0 0 0 0 0
2025-06-26 20:24:11.118,0x288,DATA:213 195 51 0 0 94 207 0
2025-06-26 20:24:11.118,0x380,DATA:0 135 0 0 128 0 0 16
2025-06-26 20:24:11.126,0x320,DATA:68 3 135 0 0 0 0 0
2025-06-26 20:24:11.128,0x280,DATA:41 0 0 0 0 0 0 0
2025-06-26 20:24:11.136,0x380,DATA:0 135 0 0 128 0 0 16
2025-06-26 20:24:11.138,0x588,DATA:234 64 116 0 0 3 0 0
2025-06-26 20:24:11.142,0x280,DATA:41 0 0 0 0 0 0 0
2025-06-26 20:24:11.142,0x280,DATA:41 0 0 0 0 0 0 0
2025-06-26 20:24:11.149,0x288,DATA:17 195 51 0 0 94 207 0
2025-06-26 20:24:11.151,0x380,DATA:0 135 0 0 128 0 0 16
2025-06-26 20:24:11.159,0x320,DATA:68 3 135 0 0 0 0 0
2025-06-26 20:24:11.162,0x420,DATA:3 0 0 0 195 0 128 0
2025-06-26 20:24:11.162,0x280,DATA:41 0 0 0 0 0 0 0
2025-06-26 20:24:11.170,0x288,DATA:17 195 51 0 0 94 207 0
2025-06-26 20:24:11.176,0x280,DATA:41 0 0 0 0 0 0 0
2025-06-26 20:24:11.176,0x288,DATA:17 195 51 0 0 94 207 0
2025-06-26 20:24:11.180,0x320,DATA:68 3 135 0 0 0 0 0
2025-06-26 20:24:11.184,0x280,DATA:41 0 0 0 0 0 0 0
2025-06-26 20:24:11.192,0x288,DATA:81 195 51 0 0 94 207 0
2025-06-26 20:24:11.192,0x380,DATA:0 135 0 0 128 0 0 16
2025-06-26 20:24:11.192,0x588,DATA:234 64 116 0 0 3 0 0
2025-06-26 20:24:11.201,0x320,DATA:68 3 135 0 0 0 0 0
2025-06-26 20:24:11.205,0x470,DATA:0 0 0 0 2
2025-06-26 20:24:11.209,0x280,DATA:41 0 0 0 0 0 0 0
2025-06-26 20:24:11.215,0x288,DATA:81 195 51 0 0 94 207 0
2025-06-26 20:24:11.221,0x320,DATA:68 3 135 0 0 0 0 0
2025-06-26 20:24:11.221,0x280,DATA:41 0 0 0 0 0 0 0
2025-06-26 20:24:11.232,0x288,DATA:143 195 51 0 0 94 207 0
2025-06-26 20:24:11.232,0x280,DATA:41 0 0 0 0 0 0 0
2025-06-26 20:24:11.235,0x288,DATA:143 195 51 0 0 94 207 0
2025-06-26 20:24:11.243,0x380,DATA:0 135 0 0 128 0 0 16
2025-06-26 20:24:11.243,0x280,DATA:41 0 0 0 0 0 0 0
2025-06-26 20:24:11.243,0x288,DATA:143 195 51 0 0 94 207 0
2025-06-26 20:24:11.253,0x320,DATA:68 3 135 0 0 0 0 0
2025-06-26 20:24:11.253,0x280,DATA:41 0 0 0 0 0 0 0
2025-06-26 20:24:11.260,0x288,DATA:143 195 51 0 0 94 207 0
2025-06-26 20:24:11.260,0x320,DATA:68 3 135 0 0 0 0 0
2025-06-26 20:24:11.263,0x280,DATA:41 0 0 0 0 0 0 0
2025-06-26 20:24:11.270,0x280,DATA:41 0 0 0 0 0 0 0
2025-06-26 20:24:11.272,0x288,DATA:213 195 51 0 0 94 207 0
2025-06-26 20:24:11.280,0x320,DATA:68 3 135 0 0 0 0 0
2025-06-26 20:24:11.280,0x280,DATA:41 0 0 0 0 0 0 0
2025-06-26 20:24:11.287,0x288,DATA:213 195 51 0 0 94 207 0
2025-06-26 20:24:11.292,0x280,DATA:41 0 0 0 0 0 0 0
2025-06-26 20:24:11.294,0x288,DATA:213 195 51 0 0 94 207 0
2025-06-26 20:24:11.299,0x380,DATA:0 135 0 0 128 0 0 16
2025-06-26 20:24:11.304,0x320,DATA:68 3 135 0 0 0 0 0
2025-06-26 20:24:11.306,0x280,DATA:41 0 0 0 0 0 0 0
2025-06-26 20:24:11.310,0x288,DATA:17 195 51 0 0 94 207 0
2025-06-26 20:24:11.312,0x320,DATA:68 3 135 0 0 0 0 0
2025-06-26 20:24:11.316,0x280,DATA:41 0 0 0 0 0 0 0
2025-06-26 20:24:11.321,0x288,DATA:17 195 51 0 0 94 207 0
2025-06-26 20:24:11.327,0x280,DATA:41 0 0 0 0 0 0 0
2025-06-26 20:24:11.332,0x288,DATA:17 195 51 0 0 94 207 0
2025-06-26 20:24:11.334,0x380,DATA:0 135 0 0 128 0 0 16
2025-06-26 20:24:11.338,0x488,DATA:221 19 92 116 166 0 0 64
2025-06-26 20:24:11.342,0x280,DATA:41 0 0 0 0 0 0 0
2025-06-26 20:24:11.344,0x288,DATA:81 195 51 0 0 94 207 0
2025-06-26 20:24:11.349,0x320,DATA:68 3 135 0 0 0 0 0
2025-06-26 20:24:11.354,0x280,DATA:41 0 0 0 0 0 0 0
2025-06-26 20:24:11.356,0x288,DATA:81 195 51 0 0 94 207 0
2025-06-26 20:24:11.360,0x380,DATA:0 135 0 0 128 0 0 16
2025-06-26 20:24:11.365,0x288,DATA:81 195 51 0 0 94 207 0
2025-06-26 20:24:11.365,0x420,DATA:3 0 0 0 195 0 128 0
2025-06-26 20:24:11.376,0x488,DATA:237 19 92 116 166 0 0 112
2025-06-26 20:24:11.377,0x320,DATA:68 3 135 0 0 0 0 0
2025-06-26 20:24:11.381,0x280,DATA:41 0 0 0 0 0 0 0
2025-06-26 20:24:11.387,0x288,DATA:143 195 51 0 0 94 207 0
2025-06-26 20:24:11.387,0x280,DATA:41 0 0 0 0 0 0 0
2025-06-26 20:24:11.395,0x288,DATA:143 195 51 0 0 94 207 0
2025-06-26 20:24:11.399,0x320,DATA:68 3 135 0 0 0 0 0
2025-06-26 20:24:11.403,0x280,DATA:41 0 0 0 0 0 0 0
2025-06-26 20:24:11.405,0x288,DATA:143 195 51 0 0 94 207 0
2025-06-26 20:24:11.410,0x380,DATA:0 135 0 0 128 0 0 16
2025-06-26 20:24:11.414,0x470,DATA:0 0 0 0 2
2025-06-26 20:24:11.417,0x280,DATA:41 0 0 0 0 0 0 0
2025-06-26 20:24:11.420,0x320,DATA:68 3 135 0 0 0 0 0
2025-06-26 20:24:11.422,0x280,DATA:41 0 0 0 0 0 0 0
2025-06-26 20:24:11.427,0x380,DATA:0 135 0 0 128 0 0 16
2025-06-26 20:24:11.432,0x480,DATA:89 12 0 0 0 64 1 20
2025-06-26 20:24:11.434,0x280,DATA:41 0 0 0 0 0 0 0
2025-06-26 20:24:11.437,0x288,DATA:213 195 51 0 0 94 207 0
2025-06-26 20:24:11.444,0x520,DATA:255 143 1 150 124 18 163 1
2025-06-26 20:24:11.449,0x280,DATA:41 0 0 0 0 0 0 0
2025-06-26 20:24:11.455,0x288,DATA:213 195 51 0 0 94 207 0
2025-06-26 20:24:11.459,0x280,DATA:41 0 0 0 0 0 0 0
2025-06-26 20:24:11.465,0x288,DATA:17 195 51 0 0 94 207 0
2025-06-26 20:24:11.465,0x320,DATA:68 3 135 0 0 0 0 0
2025-06-26 20:24:11.471,0x380,DATA:0 135 0 0 128 0 0 16
2025-06-26 20:24:11.473,0x280,DATA:41 0 0 0 0 0 0 0
2025-06-26 20:24:11.477,0x288,DATA:17 195 51 0 0 94 207 0
2025-06-26 20:24:11.481,0x320,DATA:68 3 135 0 0 0 0 0
2025-06-26 20:24:11.483,0x280,DATA:41 0 0 0 0 0 0 0
2025-06-26 20:24:11.492,0x288,DATA:17 195 51 0 0 94 207 0
2025-06-26 20:24:11.494,0x320,DATA:68 3 135 0 0 0 0 0
2025-06-26 20:24:11.499,0x280,DATA:41 0 0 0 0 0 0 0
2025-06-26 20:24:11.504,0x288,DATA:81 195 51 0 0 94 207 0
2025-06-26 20:24:11.508,0x470,DATA:0 0 0 0 2
2025-06-26 20:24:11.515,0x280,DATA:41 0 0 0 0 0 0 0
2025-06-26 20:24:11.515,0x288,DATA:81 195 51 0 0 94 207 0
2025-06-26 20:24:11.521,0x320,DATA:68 3 135 0 0 0 0 0
2025-06-26 20:24:11.526,0x280,DATA:41 0 0 0 0 0 0 0
2025-06-26 20:24:11.528,0x288,DATA:81 195 51 0 0 94 207 0
2025-06-26 20:24:11.532,0x380,DATA:0 135 0 0 128 0 0 16
2025-06-26 20:24:11.537,0x280,DATA:41 0 0 0 0 0 0 0
2025-06-26 20:24:11.543,0x288,DATA:81 195 51 0 0 94 207 0
2025-06-26 20:24:11.543,0x280,DATA:41 0 0 0 0 0 0 0
2025-06-26 20:24:11.549,0x288,DATA:143 195 51 0 0 94 207 0
2025-06-26 20:24:11.555,0x320,DATA:68 3 135 0 0 0 0 0
2025-06-26 20:24:11.560,0x488,DATA:61 19 92 116 166 0 0 160
2025-06-26 20:24:11.560,0x320,DATA:68 3 135 0 0 0 0 0
2025-06-26 20:24:11.565,0x280,DATA:41 0 0 0 0 0 0 0
2025-06-26 20:24:11.569,0x288,DATA:143 195 51 0 0 94 207 0
2025-06-26 20:24:11.572,0x280,DATA:41 0 0 0 0 0 0 0
2025-06-26 20:24:11.576,0x288,DATA:143 195 51 0 0 94 207 0
2025-06-26 20:24:11.582,0x380,DATA:0 135 0 0 128 0 0 16
2025-06-26 20:24:11.584,0x320,DATA:68 3 135 0 0 0 0 0
2025-06-26 20:24:11.588,0x280,DATA:41 0 0 0 0 0 0 0
2025-06-26 20:24:11.593,0x280,DATA:41 0 0 0 0 0 0 0
2025-06-26 20:24:11.599,0x288,DATA:213 195 51 0 0 94 207 0
2025-06-26 20:24:11.600,0x380,DATA:0 135 0 0 128 0 0 16
2025-06-26 20:24:11.605,0x320,DATA:68 3 135 0 0 0 0 0
2025-06-26 20:24:11.610,0x280,DATA:41 0 0 0 0 0 0 0
2025-06-26 20:24:11.612,0x288,DATA:213 195 51 0 0 94 207 0
2025-06-26 20:24:11.616,0x380,DATA:0 135 0 0 128 0 0 16
2025-06-26 20:24:11.621,0x280,DATA:41 0 0 0 0 0 0 0
2025-06-26 20:24:11.622,0x380,DATA:0 135 0 0 128 0 0 16
2025-06-26 20:24:11.624,0x588,DATA:234 64 116 0 0 3 0 0
2025-06-26 20:24:11.624,0x280,DATA:41 0 0 0 0 0 0 0
2025-06-26 20:24:11.630,0x288,DATA:17 195 51 0 0 94 207 0
2025-06-26 20:24:11.638,0x280,DATA:41 0 0 0 0 0 0 0
2025-06-26 20:24:11.638,0x288,DATA:17 195 51 0 0 94 207 0
2025-06-26 20:24:11.647,0x320,DATA:68 3 135 0 0 0 0 0
2025-06-26 20:24:11.647,0x520,DATA:1 192 1 150 124 18 163 1
2025-06-26 20:24:11.647,0x280,DATA:41 0 0 0 0 0 0 0
2025-06-26 20:24:11.656,0x288,DATA:17 195 51 0 0 94 207 0
2025-06-26 20:24:11.656,0x320,DATA:68 3 135 0 0 0 0 0
2025-06-26 20:24:11.666,0x280,DATA:41 0 0 0 0 0 0 0
2025-06-26 20:24:11.666,0x288,DATA:81 195 51 0 0 94 207 0
2025-06-26 20:24:11.672,0x280,DATA:41 0 0 0 0 0 0 0
2025-06-26 20:24:11.676,0x288,DATA:81 195 51 0 0 94 207 0
2025-06-26 20:24:11.681,0x380,DATA:0 135 0 0 128 0 0 16
2025-06-26 20:24:11.687,0x488,DATA:253 19 92 116 166 0 0 96
2025-06-26 20:24:11.690,0x280,DATA:41 0 0 0 0 0 0 0
2025-06-26 20:24:11.694,0x288,DATA:81 195 51 0 0 94 207 0
2025-06-26 20:24:11.697,0x380,DATA:0 135 0 0 128 0 0 16
2025-06-26 20:24:11.697,0x320,DATA:68 3 135 0 0 0 0 0
2025-06-26 20:24:11.705,0x280,DATA:41 0 0 0 0 0 0 0
2025-06-26 20:24:11.707,0x470,DATA:0 0 0 0 2
2025-06-26 20:24:11.707,0x280,DATA:41 0 0 0 0 0 0 0
2025-06-26 20:24:11.716,0x288,DATA:143 195 51 0 0 94 207 0
2025-06-26 20:24:11.721,0x320,DATA:68 3 135 0 0 0 0 0
2025-06-26 20:24:11.721,0x280,DATA:41 0 0 0 0 0 0 0
2025-06-26 20:24:11.725,0x288,DATA:143 195 51 0 0 94 207 0
2025-06-26 20:24:11.730,0x280,DATA:41 0 0 0 0 0 0 0
2025-06-26 20:24:11.735,0x288,DATA:143 195 51 0 0 94 207 0
2025-06-26 20:24:11.739,0x380,DATA:0 135 0 0 128 0 0 16
2025-06-26 20:24:11.749,0x488,DATA:77 19 92 116 166 0 0 208
2025-06-26 20:24:11.749,0x280,DATA:41 0 0 0 0 0 0 0
2025-06-26 20:24:11.759,0x288,DATA:213 195 51 0 0 94 207 0
2025-06-26 20:24:11.759,0x320,DATA:68 3 135 0 0 0 0 0
2025-06-26 20:24:11.764,0x280,DATA:41 0 0 0 0 0 0 0
2025-06-26 20:24:11.769,0x288,DATA:213 195 51 0 0 94 207 0
2025-06-26 20:24:11.771,0x280,DATA:41 0 0 0 0 0 0 0
2025-06-26 20:24:11.773,0x288,DATA:213 195 51 0 0 94 207 0
2025-06-26 20:24:11.781,0x380,DATA:0 135 0 0 128 0 0 16
2025-06-26 20:24:11.781,0x280,DATA:41 0 0 0 0 0 0 0
2025-06-26 20:24:11.788,0x380,DATA:0 135 0 0 128 0 0 16
2025-06-26 20:24:11.790,0x480,DATA:148 12 0 0 0 64 1 217
2025-06-26 20:24:11.790,0x320,DATA:68 3 135 0 0 0 0 0
2025-06-26 20:24:11.799,0x280,DATA:41 0 0 0 0 0 0 0
2025-06-26 20:24:11.800,0x288,DATA:17 195 51 0 0 94 207 0
2025-06-26 20:24:11.805,0x470,DATA:0 0 0 0 2
2025-06-26 20:24:11.810,0x280,DATA:41 0 0 0 0 0 0 0
2025-06-26 20:24:11.815,0x288,DATA:17 195 51 0 0 94 207 0
2025-06-26 20:24:11.815,0x320,DATA:68 3 135 0 0 0 0 0
2025-06-26 20:24:11.822,0x280,DATA:41 0 0 0 0 0 0 0
2025-06-26 20:24:11.827,0x288,DATA:81 195 51 0 0 94 207 0
2025-06-26 20:24:11.828,0x280,DATA:41 0 0 0 0 0 0 0
2025-06-26 20:24:11.833,0x288,DATA:81 195 51 0 0 94 207 0
2025-06-26 20:24:11.837,0x380,DATA:0 135 0 0 128 0 0 16
2025-06-26 20:24:11.839,0x280,DATA:41 0 0 0 0 0 0 0
2025-06-26 20:24:11.843,0x288,DATA:81 195 51 0 0 94 207 0
2025-06-26 20:24:11.849,0x380,DATA:0 135 0 0 128 0 0 16
2025-06-26 20:24:11.855,0x320,DATA:68 3 135 0 0 0 0 0
2025-06-26 20:24:11.855,0x280,DATA:41 0 0 0 0 0 0 0
2025-06-26 20:24:11.860,0x288,DATA:143 195 51 0 0 94 207 0
2025-06-26 20:24:11.864,0x280,DATA:41 0 0 0 0 0 0 0
2025-06-26 20:24:11.864,0x288,DATA:143 195 51 0 0 94 207 0
2025-06-26 20:24:11.868,0x380,DATA:0 135 0 0 128 0 0 16
2025-06-26 20:24:11.877,0x488,DATA:61 19 92 116 166 0 0 160
2025-06-26 20:24:11.880,0x320,DATA:68 3 135 0 0 0 0 0
2025-06-26 20:24:11.885,0x280,DATA:41 0 0 0 0 0 0 0
2025-06-26 20:24:11.885,0x288,DATA:143 195 51 0 0 94 207 0
2025-06-26 20:24:11.894,0x280,DATA:41 0 0 0 0 0 0 0
2025-06-26 20:24:11.897,0x288,DATA:143 195 51 0 0 94 207 0
2025-06-26 20:24:11.901,0x320,DATA:68 3 135 0 0 0 0 0
2025-06-26 20:24:11.910,0x380,DATA:0 135 0 0 128 0 0 16
2025-06-26 20:24:11.910,0x280,DATA:41 0 0 0 0 0 0 0
2025-06-26 20:24:11.910,0x288,DATA:213 195 51 0 0 94 207 0
2025-06-26 20:24:11.918,0x320,DATA:68 3 135 0 0 0 0 0
2025-06-26 20:24:11.918,0x280,DATA:41 0 0 0 0 0 0 0
2025-06-26 20:24:11.927,0x288,DATA:213 195 51 0 0 94 207 0
2025-06-26 20:24:11.927,0x280,DATA:41 0 0 0 0 0 0 0
2025-06-26 20:24:11.927,0x288,DATA:213 195 51 0 0 94 207 0
2025-06-26 20:24:11.937,0x380,DATA:0 135 0 0 128 0 0 16
2025-06-26 20:24:11.937,0x280,DATA:41 0 0 0 0 0 0 0
2025-06-26 20:24:11.944,0x288,DATA:17 195 51 0 0 94 207 0
2025-06-26 20:24:11.948,0x320,DATA:68 3 135 0 0 0 0 0
2025-06-26 20:24:11.953,0x280,DATA:41 0 0 0 0 0 0 0
2025-06-26 20:24:11.959,0x288,DATA:17 195 51 0 0 94 207 0
2025-06-26 20:24:11.960,0x380,DATA:0 135 0 0 128 0 0 16
2025-06-26 20:24:11.964,0x288,DATA:17 195 51 0 0 94 207 0
2025-06-26 20:24:11.969,0x380,DATA:0 135 0 0 128 0 0 16
2025-06-26 20:24:11.969,0x488,DATA:173 19 92 116 166 0 0 48
2025-06-26 20:24:11.976,0x320,DATA:68 3 135 0 0 0 0 0
2025-06-26 20:24:11.980,0x280,DATA:41 0 0 0 0 0 0 0
2025-06-26 20:24:11.980,0x288,DATA:81 195 51 0 0 94 207 0
2025-06-26 20:24:11.984,0x380,DATA:0 135 0 0 128 0 0 16
2025-06-26 20:24:11.993,0x280,DATA:41 0 0 0 0 0 0 0
2025-06-26 20:24:11.993,0x288,DATA:81 195 51 0 0 94 207 0
2025-06-26 20:24:11.993,0x320,DATA:68 3 135 0 0 0 0 0
2025-06-26 20:24:12.001,0x280,DATA:41 0 0 0 0 0 0 0
2025-06-26 20:24:12.009,0x280,DATA:41 0 0 0 0 0 0 0
2025-06-26 20:24:12.011,0x288,DATA:81 195 51 0 0 94 207 0
2025-06-26 20:24:12.011,0x380,DATA:0 135 0 0 128 0 0 16
2025-06-26 20:24:12.022,0x320,DATA:68 3 135 0 0 0 0 0
2025-06-26 20:24:12.026,0x288,DATA:143 195 51 0 0 94 207 0
2025-06-26 20:24:12.032,0x488,DATA:13 19 92 116 166 0 0 144
2025-06-26 20:24:12.034,0x280,DATA:41 0 0 0 0 0 0 0
2025-06-26 20:24:12.036,0x288,DATA:143 195 51 0 0 94 207 0
2025-06-26 20:24:12.043,0x380,DATA:0 135 0 0 128 0 0 16
2025-06-26 20:24:12.043,0x320,DATA:68 3 135 0 0 0 0 0
2025-06-26 20:24:12.054,0x520,DATA:65 66 1 150 124 18 163 1
2025-06-26 20:24:12.054,0x280,DATA:41 0 0 0 0 0 0 0
2025-06-26 20:24:12.060,0x288,DATA:143 195 51 0 0 94 207 0
2025-06-26 20:24:12.065,0x280,DATA:41 0 0 0 0 0 0 0
2025-06-26 20:24:12.065,0x288,DATA:213 195 51 0 0 94 207 0
2025-06-26 20:24:12.068,0x320,DATA:68 3 135 0 0 0 0 0
2025-06-26 20:24:12.068,0x280,DATA:41 0 0 0 0 0 0 0
2025-06-26 20:24:12.077,0x288,DATA:213 195 51 0 0 94 207 0
2025-06-26 20:24:12.081,0x380,DATA:0 135 0 0 128 0 0 16
2025-06-26 20:24:12.081,0x280,DATA:41 0 0 0 0 0 0 0
2025-06-26 20:24:12.085,0x380,DATA:0 135 0 0 128 0 0 16
2025-06-26 20:24:12.093,0x480,DATA:89 12 0 0 0 64 1 20
2025-06-26 20:24:12.095,0x320,DATA:68 3 135 0 0 0 0 0
2025-06-26 20:24:12.102,0x280,DATA:41 0 0 0 0 0 0 0
2025-06-26 20:24:12.105,0x288,DATA:17 195 51 0 0 94 207 0
2025-06-26 20:24:12.110,0x280,DATA:41 0 0 0 0 0 0 0
2025-06-26 20:24:12.115,0x288,DATA:17 195 51 0 0 94 207 0
2025-06-26 20:24:12.115,0x380,DATA:0 135 0 0 128 0 0 16
2025-06-26 20:24:12.122,0x320,DATA:68 3 135 0 0 0 0 0
2025-06-26 20:24:12.127,0x280,DATA:41 0 0 0 0 0 0 0
2025-06-26 20:24:12.128,0x288,DATA:17 195 51 0 0 94 207 0
2025-06-26 20:24:12.132,0x280,DATA:41 0 0 0 0 0 0 0
2025-06-26 20:24:12.137,0x288,DATA:17 195 51 0 0 94 207 0
2025-06-26 20:24:12.142,0x280,DATA:41 0 0 0 0 0 0 0
2025-06-26 20:24:12.142,0x288,DATA:81 195 51 0 0 94 207 0
2025-06-26 20:24:12.149,0x380,DATA:0 135 0 0 128 0 0 16
2025-06-26 20:24:12.155,0x320,DATA:68 3 135 0 0 0 0 0
2025-06-26 20:24:12.155,0x280,DATA:41 0 0 0 0 0 0 0
2025-06-26 20:24:12.160,0x288,DATA:81 195 51 0 0 94 207 0
2025-06-26 20:24:12.165,0x280,DATA:41 0 0 0 0 0 0 0
2025-06-26 20:24:12.167,0x288,DATA:81 195 51 0 0 94 207 0
2025-06-26 20:24:12.167,0x380,DATA:0 135 0 0 128 0 0 16
2025-06-26 20:24:12.173,0x320,DATA:68 3 135 0 0 0 0 0
2025-06-26 20:24:12.173,0x280,DATA:41 0 0 0 0 0 0 0
2025-06-26 20:24:12.181,0x288,DATA:143 195 51 0 0 94 207 0
2025-06-26 20:24:12.188,0x380,DATA:0 135 0 0 128 0 0 16
2025-06-26 20:24:12.190,0x280,DATA:41 0 0 0 0 0 0 0
2025-06-26 20:24:12.190,0x288,DATA:143 195 51 0 0 94 207 0
2025-06-26 20:24:12.199,0x380,DATA:0 135 0 0 128 0 0 16
2025-06-26 20:24:12.199,0x320,DATA:68 3 135 0 0 0 0 0
2025-06-26 20:24:12.199,0x280,DATA:41 0 0 0 0 0 0 0
2025-06-26 20:24:12.209,0x380,DATA:0 135 0 0 128 0 0 16
2025-06-26 20:24:12.214,0x488,DATA:93 19 92 116 166 0 0 192
2025-06-26 20:24:12.214,0x280,DATA:41 0 0 0 0 0 0 0
2025-06-26 20:24:12.219,0x280,DATA:41 0 0 0 0 0 0 0
2025-06-26 20:24:12.223,0x288,DATA:213 195 51 0 0 94 207 0
2025-06-26 20:24:12.223,0x380,DATA:0 135 0 0 128 0 0 16
2025-06-26 20:24:12.231,0x488,DATA:125 19 92 116 166 0 0 224
2025-06-26 20:24:12.231,0x280,DATA:41 0 0 0 0 0 0 0
2025-06-26 20:24:12.240,0x288,DATA:213 195 51 0 0 94 207 0
2025-06-26 20:24:12.249,0x380,DATA:0 135 0 0 128 0 0 16
2025-06-26 20:24:12.250,0x520,DATA:255 143 1 150 124 18 163 1
2025-06-26 20:24:12.250,0x280,DATA:41 0 0 0 0 0 0 0
2025-06-26 20:24:12.257,0x280,DATA:41 0 0 0 0 0 0 0
2025-06-26 20:24:12.261,0x288,DATA:17 195 51 0 0 94 207 0
2025-06-26 20:24:12.265,0x320,DATA:68 3 135 0 0 0 0 0
2025-06-26 20:24:12.271,0x380,DATA:0 135 0 0 128 0 0 16
2025-06-26 20:24:12.271,0x320,DATA:68 3 135 0 0 0 0 0
2025-06-26 20:24:12.275,0x280,DATA:41 0 0 0 0 0 0 0
2025-06-26 20:24:12.282,0x280,DATA:41 0 0 0 0 0 0 0
2025-06-26 20:24:12.282,0x288,DATA:17 195 51 0 0 94 207 0
2025-06-26 20:24:12.282,0x380,DATA:0 135 0 0 128 0 0 16
2025-06-26 20:24:12.292,0x320,DATA:68 3 135 0 0 0 0 0
2025-06-26 20:24:12.298,0x280,DATA:41 0 0 0 0 0 0 0
2025-06-26 20:24:12.298,0x288,DATA:81 195 51 0 0 94 207 0
2025-06-26 20:24:12.302,0x280,DATA:41 0 0 0 0 0 0 0
2025-06-26 20:24:12.307,0x288,DATA:81 195 51 0 0 94 207 0
2025-06-26 20:24:12.307,0x380,DATA:0 135 0 0 128 0 0 16
2025-06-26 20:24:12.315,0x320,DATA:68 3 135 0 0 0 0 0
2025-06-26 20:24:12.315,0x280,DATA:41 0 0 0 0 0 0 0
2025-06-26 20:24:12.315,0x288,DATA:81 195 51 0 0 94 207 0
2025-06-26 20:24:12.323,0x380,DATA:0 135 0 0 128 0 0 16
2025-06-26 20:24:12.332,0x588,DATA:234 64 116 0 0 3 0 0
2025-06-26 20:24:12.338,0x280,DATA:41 0 0 0 0 0 0 0
2025-06-26 20:24:12.338,0x288,DATA:143 195 51 0 0 94 207 0
2025-06-26 20:24:12.344,0x280,DATA:41 0 0 0 0 0 0 0
2025-06-26 20:24:12.348,0x288,DATA:143 195 48 0 0 94 207 0
2025-06-26 20:24:12.348,0x280,DATA:41 0 0 0 0 0 0 0
2025-06-26 20:24:12.354,0x288,DATA:143 195 48 0 0 94 207 0
2025-06-26 20:24:12.360,0x320,DATA:68 3 135 0 0 0 0 0
2025-06-26 20:24:12.361,0x280,DATA:41 0 0 0 0 0 0 0
2025-06-26 20:24:12.366,0x288,DATA:143 195 48 0 0 94 207 0
2025-06-26 20:24:12.371,0x380,DATA:0 135 0 0 128 0 0 16
2025-06-26 20:24:12.376,0x488,DATA:93 19 92 116 166 0 0 192
2025-06-26 20:24:12.382,0x320,DATA:68 3 135 0 0 0 0 0
2025-06-26 20:24:12.382,0x280,DATA:41 0 0 0 0 0 0 0
2025-06-26 20:24:12.388,0x288,DATA:213 195 48 0 0 94 207 0
2025-06-26 20:24:12.391,0x288,DATA:213 195 48 0 0 94 207 0
2025-06-26 20:24:12.391,0x488,DATA:125 19 92 116 166 0 0 224
2025-06-26 20:24:12.404,0x280,DATA:41 0 0 0 0 0 0 0
2025-06-26 20:24:12.404,0x288,DATA:213 195 48 0 0 94 207 0
2025-06-26 20:24:12.409,0x380,DATA:0 135 0 0 128 0 0 16
2025-06-26 20:24:12.409,0x470,DATA:0 0 0 0 2
2025-06-26 20:24:12.412,0x320,DATA:68 3 135 0 0 0 0 0
2025-06-26 20:24:12.421,0x280,DATA:41 0 0 0 0 0 0 0
2025-06-26 20:24:12.423,0x288,DATA:17 195 48 0 0 94 207 0
2025-06-26 20:24:12.428,0x280,DATA:41 0 0 0 0 0 0 0
2025-06-26 20:24:12.430,0x288,DATA:17 195 48 0 0 94 207 0
2025-06-26 20:24:12.430,0x380,DATA:0 135 0 0 128 0 0 16
2025-06-26 20:24:12.438,0x280,DATA:41 0 0 0 0 0 0 0
2025-06-26 20:24:12.442,0x288,DATA:17 195 48 0 0 94 207 0
2025-06-26 20:24:12.449,0x380,DATA:0 135 0 0 128 0 0 16
2025-06-26 20:24:12.454,0x280,DATA:41 0 0 0 0 0 0 0
2025-06-26 20:24:12.454,0x288,DATA:17 195 48 0 0 94 207 0
2025-06-26 20:24:12.460,0x380,DATA:0 135 0 0 128 0 0 16
2025-06-26 20:24:12.465,0x5D0,DATA:128 2 65 32 0 0
2025-06-26 20:24:12.465,0x280,DATA:41 0 0 0 0 0 0 0
2025-06-26 20:24:12.472,0x288,DATA:81 195 48 0 0 94 207 0
2025-06-26 20:24:12.477,0x280,DATA:41 0 0 0 0 0 0 0
2025-06-26 20:24:12.482,0x288,DATA:81 195 48 0 0 94 207 0
2025-06-26 20:24:12.483,0x320,DATA:68 3 135 0 0 0 0 0
2025-06-26 20:24:12.488,0x280,DATA:41 0 0 0 0 0 0 0
2025-06-26 20:24:12.494,0x288,DATA:81 195 48 0 0 94 207 0
2025-06-26 20:24:12.495,0x380,DATA:0 135 0 0 128 0 0 16
2025-06-26 20:24:12.495,0x280,DATA:41 0 0 0 0 0 0 0
2025-06-26 20:24:12.502,0x288,DATA:143 195 48 0 0 94 207 0
2025-06-26 20:24:12.510,0x280,DATA:41 0 0 0 0 0 0 0
2025-06-26 20:24:12.510,0x288,DATA:143 195 48 0 0 94 207 0
2025-06-26 20:24:12.519,0x380,DATA:0 135 0 0 128 0 0 16
2025-06-26 20:24:12.522,0x470,DATA:0 0 0 0 2
2025-06-26 20:24:12.526,0x488,DATA:45 19 92 116 166 0 0 176
2025-06-26 20:24:12.526,0x280,DATA:41 0 0 0 0 0 0 0
2025-06-26 20:24:12.532,0x288,DATA:143 195 48 0 0 94 207 0
2025-06-26 20:24:12.537,0x280,DATA:41 0 0 0 0 0 0 0
2025-06-26 20:24:12.543,0x288,DATA:213 195 48 0 0 94 207 0
2025-06-26 20:24:12.548,0x380,DATA:0 135 0 0 128 0 0 16
2025-06-26 20:24:12.548,0x280,DATA:41 0 0 0 0 0 0 0
2025-06-26 20:24:12.555,0x288,DATA:213 195 48 0 0 94 207 0
2025-06-26 20:24:12.560,0x380,DATA:0 135 0 0 128 0 0 16
2025-06-26 20:24:12.560,0x280,DATA:41 0 0 0 0 0 0 0
2025-06-26 20:24:12.567,0x288,DATA:213 195 48 0 0 94 207 0
2025-06-26 20:24:12.567,0x320,DATA:68 3 135 0 0 0 0 0
2025-06-26 20:24:12.567,0x280,DATA:41 0 0 0 0 0 0 0
2025-06-26 20:24:12.582,0x288,DATA:213 195 48 0 0 94 207 0
2025-06-26 20:24:12.583,0x380,DATA:0 135 0 0 128 0 0 16
2025-06-26 20:24:12.585,0x488,DATA:157 19 92 116 166 0 0 0
2025-06-26 20:24:12.591,0x380,DATA:0 135 0 0 128 0 0 16
2025-06-26 20:24:12.599,0x480,DATA:15 12 0 0 0 64 1 66
2025-06-26 20:24:12.599,0x320,DATA:68 3 135 0 0 0 0 0
2025-06-26 20:24:12.602,0x280,DATA:41 0 0 0 0 0 0 0
2025-06-26 20:24:12.608,0x288,DATA:17 195 48 0 0 94 207 0
2025-06-26 20:24:12.608,0x280,DATA:41 0 0 0 0 0 0 0
2025-06-26 20:24:12.617,0x288,DATA:17 195 48 0 0 94 207 0
2025-06-26 20:24:12.620,0x380,DATA:0 135 0 0 128 0 0 16
2025-06-26 20:24:12.620,0x320,DATA:68 3 135 0 0 0 0 0
2025-06-26 20:24:12.627,0x280,DATA:41 0 0 0 0 0 0 0
2025-06-26 20:24:12.632,0x288,DATA:81 195 48 0 0 94 207 0
2025-06-26 20:24:12.632,0x380,DATA:0 135 0 0 128 0 0 16
2025-06-26 20:24:12.639,0x280,DATA:41 0 0 0 0 0 0 0
2025-06-26 20:24:12.643,0x288,DATA:81 195 48 0 0 94 207 0
2025-06-26 20:24:12.649,0x280,DATA:41 0 0 0 0 0 0 0
2025-06-26 20:24:12.649,0x288,DATA:81 195 48 0 0 94 207 0
2025-06-26 20:24:12.655,0x380,DATA:0 135 0 0 128 0 0 16
2025-06-26 20:24:12.660,0x280,DATA:41 0 0 0 0 0 0 0
2025-06-26 20:24:12.662,0x288,DATA:143 195 48 0 0 94 207 0
2025-06-26 20:24:12.667,0x280,DATA:41 0 0 0 0 0 0 0
2025-06-26 20:24:12.672,0x288,DATA:143 195 48 0 0 94 207 0
2025-06-26 20:24:12.673,0x380,DATA:0 135 0 0 128 0 0 16
2025-06-26 20:24:12.677,0x488,DATA:61 19 92 116 166 0 0 160
2025-06-26 20:24:12.683,0x320,DATA:68 3 135 0 0 0 0 0
2025-06-26 20:24:12.684,0x280,DATA:41 0 0 0 0 0 0 0
2025-06-26 20:24:12.690,0x288,DATA:143 195 48 0 0 94 207 0
2025-06-26 20:24:12.690,0x280,DATA:41 0 0 0 0 0 0 0
2025-06-26 20:24:12.697,0x288,DATA:143 195 48 0 0 94 207 0
2025-06-26 20:24:12.701,0x380,DATA:0 135 0 0 128 0 0 16
2025-06-26 20:24:12.705,0x320,DATA:68 3 135 0 0 0 0 0
2025-06-26 20:24:12.707,0x280,DATA:41 0 0 0 0 0 0 0
2025-06-26 20:24:12.714,0x288,DATA:213 195 48 0 0 94 207 0
2025-06-26 20:24:12.714,0x488,DATA:125 19 92 116 166 0 0 224
2025-06-26 20:24:12.721,0x280,DATA:41 0 0 0 0 0 0 0
2025-06-26 20:24:12.724,0x288,DATA:213 195 48 0 0 94 207 0
2025-06-26 20:24:12.724,0x280,DATA:41 0 0 0 0 0 0 0
2025-06-26 20:24:12.738,0x288,DATA:213 195 48 0 0 94 207 0
2025-06-26 20:24:12.739,0x380,DATA:0 135 0 0 128 0 0 16
2025-06-26 20:24:12.743,0x280,DATA:41 0 0 0 0 0 0 0
2025-06-26 20:24:12.749,0x288,DATA:17 195 48 0 0 94 207 0
2025-06-26 20:24:12.750,0x380,DATA:0 135 0 0 128 0 0 16
2025-06-26 20:24:12.755,0x280,DATA:41 0 0 0 0 0 0 0
2025-06-26 20:24:12.760,0x288,DATA:17 195 48 0 0 94 207 0
2025-06-26 20:24:12.761,0x280,DATA:41 0 0 0 0 0 0 0
2025-06-26 20:24:12.766,0x288,DATA:17 195 48 0 0 94 207 0
2025-06-26 20:24:12.767,0x320,DATA:68 3 135 0 0 0 0 0
2025-06-26 20:24:12.770,0x588,DATA:234 64 116 0 0 3 0 0
2025-06-26 20:24:12.777,0x280,DATA:41 0 0 0 0 0 0 0
2025-06-26 20:24:12.783,0x288,DATA:81 195 48 0 0 94 207 0
2025-06-26 20:24:12.788,0x280,DATA:41 0 0 0 0 0 0 0
2025-06-26 20:24:12.789,0x288,DATA:81 195 48 0 0 94 207 0
2025-06-26 20:24:12.794,0x380,DATA:0 135 0 0 128 0 0 16
2025-06-26 20:24:12.799,0x488,DATA:253 19 92 116 166 0 0 96
2025-06-26 20:24:12.800,0x280,DATA:41 0 0 0 0 0 0 0
2025-06-26 20:24:12.804,0x288,DATA:81 195 48 0 0 94 207 0
2025-06-26 20:24:12.809,0x280,DATA:41 0 0 0 0 0 0 0
2025-06-26 20:24:12.809,0x288,DATA:81 195 48 0 0 94 207 0
2025-06-26 20:24:12.816,0x380,DATA:0 135 0 0 128 0 0 16
2025-06-26 20:24:12.820,0x280,DATA:41 0 0 0 0 0 0 0
2025-06-26 20:24:12.820,0x288,DATA:143 195 48 0 0 94 207 0
2025-06-26 20:24:12.827,0x320,DATA:68 3 135 0 0 0 0 0
2025-06-26 20:24:12.832,0x288,DATA:143 195 48 0 0 94 207 0
2025-06-26 20:24:12.838,0x488,DATA:61 19 92 116 166 0 0 160
2025-06-26 20:24:12.843,0x280,DATA:41 0 0 0 0 0 0 0
2025-06-26 20:24:12.843,0x280,DATA:41 0 0 0 0 0 0 0
2025-06-26 20:24:12.849,0x288,DATA:143 195 48 0 0 94 207 0
2025-06-26 20:24:12.855,0x280,DATA:41 0 0 0 0 0 0 0
2025-06-26 20:24:12.857,0x288,DATA:213 195 48 0 0 94 207 0
2025-06-26 20:24:12.861,0x320,DATA:68 3 135 0 0 0 0 0
2025-06-26 20:24:12.866,0x280,DATA:41 0 0 0 0 0 0 0
2025-06-26 20:24:12.871,0x288,DATA:213 195 48 0 0 94 207 0
2025-06-26 20:24:12.872,0x380,DATA:0 135 0 0 128 0 0 16
2025-06-26 20:24:12.878,0x488,DATA:125 19 92 116 166 0 0 224
2025-06-26 20:24:12.883,0x280,DATA:41 0 0 0 0 0 0 0
2025-06-26 20:24:12.884,0x288,DATA:213 195 48 0 0 94 207 0
2025-06-26 20:24:12.889,0x320,DATA:68 3 135 0 0 0 0 0
2025-06-26 20:24:12.894,0x280,DATA:41 0 0 0 0 0 0 0
2025-06-26 20:24:12.895,0x380,DATA:0 135 0 0 128 0 0 16
2025-06-26 20:24:12.905,0x480,DATA:15 12 0 0 0 64 1 66
2025-06-26 20:24:12.905,0x280,DATA:41 0 0 0 0 0 0 0
2025-06-26 20:24:12.911,0x288,DATA:17 195 48 0 0 94 207 0
2025-06-26 20:24:12.916,0x380,DATA:0 135 0 0 128 0 0 16
2025-06-26 20:24:12.916,0x280,DATA:41 0 0 0 0 0 0 0
2025-06-26 20:24:12.922,0x288,DATA:17 195 48 0 0 94 207 0
2025-06-26 20:24:12.923,0x320,DATA:68 3 135 0 0 0 0 0
2025-06-26 20:24:12.927,0x280,DATA:41 0 0 0 0 0 0 0
2025-06-26 20:24:12.932,0x288,DATA:17 195 48 0 0 94 207 0
2025-06-26 20:24:12.932,0x380,DATA:0 135 0 0 128 0 0 16
2025-06-26 20:24:12.935,0x280,DATA:41 0 0 0 0 0 0 0
2025-06-26 20:24:12.944,0x288,DATA:81 195 48 0 0 94 207 0
2025-06-26 20:24:12.944,0x280,DATA:41 0 0 0 0 0 0 0
2025-06-26 20:24:12.955,0x288,DATA:81 195 48 0 0 94 207 0
2025-06-26 20:24:12.956,0x380,DATA:0 135 0 0 128 0 0 16
2025-06-26 20:24:12.960,0x488,DATA:253 19 92 116 166 0 0 96
2025-06-26 20:24:12.966,0x488,DATA:237 19 92 116 166 0 0 112
2025-06-26 20:24:12.967,0x480,DATA:15 12 0 0 0 64 1 66
2025-06-26 20:24:12.972,0x5D0,DATA:128 2 65 32 0 0
2025-06-26 20:24:12.977,0x280,DATA:41 0 0 0 0 0 0 0
2025-06-26 20:24:12.978,0x288,DATA:143 195 48 0 0 94 207 0
2025-06-26 20:24:12.982,0x320,DATA:68 3 135 0 0 0 0 0
2025-06-26 20:24:12.985,0x280,DATA:41 0 0 0 0 0 0 0
2025-06-26 20:24:12.985,0x288,DATA:143 195 48 0 0 94 207 0
2025-06-26 20:24:12.994,0x280,DATA:41 0 0 0 0 0 0 0
2025-06-26 20:24:13.000,0x288,DATA:143 195 48 0 0 94 207 0
2025-06-26 20:24:13.003,0x320,DATA:68 3 135 0 0 0 0 0
2025-06-26 20:24:13.003,0x380,DATA:0 135 0 0 128 0 0 16
2025-06-26 20:24:13.008,0x280,DATA:41 0 0 0 0 0 0 0
2025-06-26 20:24:13.016,0x288,DATA:143 195 48 0 0 94 207 0
2025-06-26 20:24:13.016,0x380,DATA:0 135 0 0 128 0 0 16
2025-06-26 20:24:13.024,0x480,DATA:89 12 0 0 0 64 1 20
2025-06-26 20:24:13.024,0x280,DATA:41 0 0 0 0 0 0 0
2025-06-26 20:24:13.032,0x288,DATA:213 195 48 0 0 94 207 0
2025-06-26 20:24:13.034,0x280,DATA:41 0 0 0 0 0 0 0
2025-06-26 20:24:13.034,0x288,DATA:213 195 48 0 0 94 207 0
2025-06-26 20:24:13.044,0x380,DATA:0 135 0 0 128 0 0 16
2025-06-26 20:24:13.049,0x280,DATA:41 0 0 0 0 0 0 0
2025-06-26 20:24:13.055,0x288,DATA:213 195 48 0 0 94 207 0
2025-06-26 20:24:13.055,0x380,DATA:0 135 0 0 128 0 0 16
2025-06-26 20:24:13.057,0x280,DATA:41 0 0 0 0 0 0 0
2025-06-26 20:24:13.066,0x288,DATA:17 195 48 0 0 94 207 0
2025-06-26 20:24:13.066,0x320,DATA:68 3 135 0 0 0 0 0
2025-06-26 20:24:13.066,0x280,DATA:41 0 0 0 0 0 0 0
2025-06-26 20:24:13.076,0x288,DATA:17 195 48 0 0 94 207 0
2025-06-26 20:24:13.076,0x380,DATA:0 135 0 0 128 0 0 16
2025-06-26 20:24:13.082,0x488,DATA:189 19 92 116 166 0 0 32
2025-06-26 20:24:13.087,0x280,DATA:41 0 0 0 0 0 0 0
2025-06-26 20:24:13.089,0x288,DATA:17 195 48 0 0 94 207 0
2025-06-26 20:24:13.097,0x280,DATA:41 0 0 0 0 0 0 0
2025-06-26 20:24:13.097,0x288,DATA:81 195 48 0 0 94 207 0
2025-06-26 20:24:13.097,0x320,DATA:68 3 135 0 0 0 0 0
2025-06-26 20:24:13.108,0x280,DATA:41 0 0 0 0 0 0 0
2025-06-26 20:24:13.108,0x288,DATA:81 195 48 0 0 94 207 0
2025-06-26 20:24:13.114,0x380,DATA:0 135 0 0 128 0 0 16
2025-06-26 20:24:13.119,0x280,DATA:41 0 0 0 0 0 0 0
2025-06-26 20:24:13.122,0x288,DATA:81 195 48 0 0 94 207 0
2025-06-26 20:24:13.126,0x320,DATA:68 3 135 0 0 0 0 0
2025-06-26 20:24:13.128,0x280,DATA:41 0 0 0 0 0 0 0
2025-06-26 20:24:13.131,0x288,DATA:81 195 48 0 0 94 207 0
2025-06-26 20:24:13.138,0x380,DATA:0 135 0 0 128 0 0 16
2025-06-26 20:24:13.139,0x488,DATA:13 19 92 116 166 0 0 144
2025-06-26 20:24:13.149,0x480,DATA:192 12 0 0 0 64 1 141
2025-06-26 20:24:13.149,0x280,DATA:41 0 0 0 0 0 0 0
2025-06-26 20:24:13.149,0x280,DATA:41 0 0 0 0 0 0 0
2025-06-26 20:24:13.160,0x288,DATA:143 195 48 0 0 94 207 0
2025-06-26 20:24:13.161,0x320,DATA:68 3 135 0 0 0 0 0
2025-06-26 20:24:13.168,0x280,DATA:41 0 0 0 0 0 0 0
2025-06-26 20:24:13.172,0x288,DATA:143 195 48 0 0 94 207 0
2025-06-26 20:24:13.172,0x380,DATA:0 135 0 0 128 0 0 16
2025-06-26 20:24:13.172,0x280,DATA:41 0 0 0 0 0 0 0
2025-06-26 20:24:13.181,0x288,DATA:213 195 48 0 0 94 207 0
2025-06-26 20:24:13.187,0x320,DATA:68 3 135 0 0 0 0 0
2025-06-26 20:24:13.187,0x280,DATA:41 0 0 0 0 0 0 0
2025-06-26 20:24:13.192,0x288,DATA:213 195 48 0 0 94 207 0
2025-06-26 20:24:13.196,0x380,DATA:0 135 0 0 128 0 0 16
2025-06-26 20:24:13.204,0x488,DATA:125 19 92 116 166 0 0 224
2025-06-26 20:24:13.204,0x320,DATA:68 3 135 0 0 0 0 0
2025-06-26 20:24:13.204,0x488,DATA:109 19 92 116 166 0 0 240
2025-06-26 20:24:13.213,0x280,DATA:41 0 0 0 0 0 0 0
2025-06-26 20:24:13.221,0x288,DATA:17 195 48 0 0 94 207 0
2025-06-26 20:24:13.221,0x320,DATA:68 3 135 0 0 0 0 0
2025-06-26 20:24:13.223,0x280,DATA:41 0 0 0 0 0 0 0
2025-06-26 20:24:13.230,0x288,DATA:17 195 48 0 0 94 207 0
2025-06-26 20:24:13.230,0x380,DATA:0 135 0 0 128 0 0 16
2025-06-26 20:24:13.238,0x280,DATA:41 0 0 0 0 0 0 0
2025-06-26 20:24:13.240,0x288,DATA:17 195 48 0 0 94 207 0
2025-06-26 20:24:13.244,0x380,DATA:0 135 0 0 128 0 0 16
2025-06-26 20:24:13.246,0x488,DATA:173 19 92 116 166 0 0 48
2025-06-26 20:24:13.255,0x280,DATA:41 0 0 0 0 0 0 0
2025-06-26 20:24:13.256,0x288,DATA:17 195 48 0 0 94 207 0
2025-06-26 20:24:13.266,0x280,DATA:41 0 0 0 0 0 0 0
2025-06-26 20:24:13.266,0x288,DATA:81 195 48 0 0 94 207 0
2025-06-26 20:24:13.271,0x380,DATA:0 135 0 0 128 0 0 16
2025-06-26 20:24:13.276,0x280,DATA:41 0 0 0 0 0 0 0
2025-06-26 20:24:13.276,0x288,DATA:81 195 48 0 0 94 207 0
2025-06-26 20:24:13.282,0x320,DATA:68 3 135 0 0 0 0 0
2025-06-26 20:24:13.288,0x280,DATA:41 0 0 0 0 0 0 0
2025-06-26 20:24:13.288,0x288,DATA:81 195 48 0 0 94 207 0
2025-06-26 20:24:13.288,0x380,DATA:0 135 0 0 128 0 0 16
2025-06-26 20:24:13.297,0x280,DATA:41 0 0 0 0 0 0 0
2025-06-26 20:24:13.297,0x288,DATA:143 195 48 0 0 94 207 0
2025-06-26 20:24:13.305,0x320,DATA:68 3 135 0 0 0 0 0
2025-06-26 20:24:13.308,0x280,DATA:41 0 0 0 0 0 0 0
2025-06-26 20:24:13.314,0x288,DATA:143 195 48 0 0 94 207 0
2025-06-26 20:24:13.314,0x380,DATA:0 135 0 0 128 0 0 16
2025-06-26 20:24:13.321,0x380,DATA:0 135 0 0 128 0 0 16
2025-06-26 20:24:13.321,0x480,DATA:89 12 0 0 0 64 1 20
2025-06-26 20:24:13.332,0x280,DATA:41 0 0 0 0 0 0 0
2025-06-26 20:24:13.332,0x280,DATA:41 0 0 0 0 0 0 0
2025-06-26 20:24:13.339,0x288,DATA:213 195 48 0 0 94 207 0
2025-06-26 20:24:13.339,0x380,DATA:0 135 0 0 128 0 0 16
2025-06-26 20:24:13.347,0x488,DATA:77 19 92 116 166 0 0 208
2025-06-26 20:24:13.350,0x280,DATA:41 0 0 0 0 0 0 0
2025-06-26 20:24:13.355,0x288,DATA:213 195 48 0 0 94 207 0
2025-06-26 20:24:13.355,0x280,DATA:41 0 0 0 0 0 0 0
2025-06-26 20:24:13.360,0x288,DATA:213 195 48 0 0 94 207 0
2025-06-26 20:24:13.364,0x380,DATA:0 135 0 0 128 0 0 16
2025-06-26 20:24:13.371,0x280,DATA:41 0 0 0 0 0 0 0
2025-06-26 20:24:13.371,0x288,DATA:213 195 48 0 0 94 207 0
2025-06-26 20:24:13.371,0x380,DATA:0 135 0 0 128 0 0 16
2025-06-26 20:24:13.381,0x488,DATA:157 19 92 116 166 0 0 0
2025-06-26 20:24:13.387,0x488,DATA:141 19 92 116 166 0 0 16
2025-06-26 20:24:13.387,0x280,DATA:41 0 0 0 0 0 0 0
2025-06-26 20:24:13.392,0x288,DATA:17 195 48 0 0 94 207 0
2025-06-26 20:24:13.397,0x280,DATA:41 0 0 0 0 0 0 0
2025-06-26 20:24:13.404,0x288,DATA:17 195 48 0 0 94 207 0
2025-06-26 20:24:13.404,0x280,DATA:41 0 0 0 0 0 0 0
2025-06-26 20:24:13.410,0x288,DATA:17 195 48 0 0 94 207 0
2025-06-26 20:24:13.411,0x380,DATA:0 135 0 0 128 0 0 16
2025-06-26 20:24:13.416,0x470,DATA:0 0 0 0 2
2025-06-26 20:24:13.421,0x280,DATA:41 0 0 0 0 0 0 0
2025-06-26 20:24:13.421,0x288,DATA:81 195 48 0 0 94 207 0
2025-06-26 20:24:13.428,0x280,DATA:41 0 0 0 0 0 0 0
2025-06-26 20:24:13.430,0x288,DATA:81 195 48 0 0 94 207 0
2025-06-26 20:24:13.438,0x380,DATA:0 135 0 0 128 0 0 16
2025-06-26 20:24:13.439,0x380,DATA:0 135 0 0 128 0 0 16
2025-06-26 20:24:13.444,0x480,DATA:148 12 0 0 0 64 1 217
2025-06-26 20:24:13.449,0x320,DATA:68 3 135 0 0 0 0 0
2025-06-26 20:24:13.450,0x280,DATA:41 0 0 0 0 0 0 0
2025-06-26 20:24:13.455,0x280,DATA:41 0 0 0 0 0 0 0
2025-06-26 20:24:13.460,0x288,DATA:143 195 48 0 0 94 207 0
2025-06-26 20:24:13.461,0x320,DATA:68 3 135 0 0 0 0 0
2025-06-26 20:24:13.463,0x280,DATA:41 0 0 0 0 0 0 0
2025-06-26 20:24:13.468,0x288,DATA:143 195 48 0 0 94 207 0
2025-06-26 20:24:13.477,0x280,DATA:41 0 0 0 0 0 0 0
2025-06-26 20:24:13.483,0x288,DATA:143 195 48 0 0 94 207 0
2025-06-26 20:24:13.483,0x320,DATA:68 3 135 0 0 0 0 0
2025-06-26 20:24:13.483,0x280,DATA:41 0 0 0 0 0 0 0
2025-06-26 20:24:13.491,0x288,DATA:143 195 48 0 0 94 207 0
2025-06-26 20:24:13.491,0x380,DATA:0 135 0 0 128 0 0 16
2025-06-26 20:24:13.499,0x488,DATA:93 19 92 116 166 0 0 192
2025-06-26 20:24:13.499,0x288,DATA:213 195 48 0 0 94 207 0
2025-06-26 20:24:13.508,0x380,DATA:0 135 0 0 128 0 0 16
2025-06-26 20:24:13.516,0x480,DATA:192 12 0 0 0 64 1 141
2025-06-26 20:24:13.516,0x280,DATA:41 0 0 0 0 0 0 0
2025-06-26 20:24:13.516,0x288,DATA:213 195 48 0 0 94 207 0
2025-06-26 20:24:13.524,0x280,DATA:41 0 0 0 0 0 0 0
2025-06-26 20:24:13.532,0x288,DATA:213 195 48 0 0 94 207 0
2025-06-26 20:24:13.537,0x380,DATA:0 135 0 0 128 0 0 16
2025-06-26 20:24:13.537,0x280,DATA:41 0 0 0 0 0 0 0
2025-06-26 20:24:13.543,0x288,DATA:17 195 48 0 0 94 207 0
2025-06-26 20:24:13.548,0x380,DATA:0 135 0 0 128 0 0 16
2025-06-26 20:24:13.548,0x488,DATA:141 19 92 116 166 0 0 16
2025-06-26 20:24:13.548,0x280,DATA:41 0 0 0 0 0 0 0
2025-06-26 20:24:13.560,0x288,DATA:17 195 48 0 0 94 207 0
2025-06-26 20:24:13.566,0x380,DATA:0 135 0 0 128 0 0 16
2025-06-26 20:24:13.566,0x280,DATA:41 0 0 0 0 0 0 0
2025-06-26 20:24:13.566,0x288,DATA:17 195 48 0 0 94 207 0
2025-06-26 20:24:13.574,0x488,DATA:221 19 92 116 166 0 0 64
2025-06-26 20:24:13.582,0x588,DATA:234 64 116 0 0 3 0 0
2025-06-26 20:24:13.582,0x280,DATA:41 0 0 0 0 0 0 0
2025-06-26 20:24:13.584,0x280,DATA:41 0 0 0 0 0 0 0
2025-06-26 20:24:13.593,0x288,DATA:81 195 48 0 0 94 207 0
2025-06-26 20:24:13.593,0x380,DATA:0 135 0 0 128 0 0 16
2025-06-26 20:24:13.599,0x280,DATA:41 0 0 0 0 0 0 0
2025-06-26 20:24:13.605,0x288,DATA:81 195 48 0 0 94 207 0
2025-06-26 20:24:13.605,0x320,DATA:68 3 135 0 0 0 0 0
2025-06-26 20:24:13.610,0x280,DATA:41 0 0 0 0 0 0 0
2025-06-26 20:24:13.616,0x288,DATA:81 195 48 0 0 94 207 0
2025-06-26 20:24:13.617,0x380,DATA:0 135 0 0 128 0 0 16
2025-06-26 20:24:13.617,0x470,DATA:0 0 0 0 2
2025-06-26 20:24:13.628,0x280,DATA:41 0 0 0 0 0 0 0
2025-06-26 20:24:13.628,0x288,DATA:143 195 48 0 0 94 207 0
2025-06-26 20:24:13.628,0x380,DATA:0 135 0 0 128 0 0 16
2025-06-26 20:24:13.636,0x280,DATA:41 0 0 0 0 0 0 0
2025-06-26 20:24:13.645,0x288,DATA:143 195 48 0 0 94 207 0
2025-06-26 20:24:13.645,0x280,DATA:41 0 0 0 0 0 0 0
2025-06-26 20:24:13.653,0x288,DATA:143 195 48 0 0 94 207 0
2025-06-26 20:24:13.653,0x380,DATA:0 135 0 0 128 0 0 16
2025-06-26 20:24:13.660,0x280,DATA:41 0 0 0 0 0 0 0
2025-06-26 20:24:13.665,0x288,DATA:213 195 48 0 0 94 207 0
2025-06-26 20:24:13.671,0x380,DATA:0 135 0 0 128 0 0 16
2025-06-26 20:24:13.673,0x320,DATA:68 3 135 0 0 0 0 0
2025-06-26 20:24:13.677,0x280,DATA:41 0 0 0 0 0 0 0
2025-06-26 20:24:13.682,0x288,DATA:213 195 48 0 0 94 207 0
2025-06-26 20:24:13.682,0x380,DATA:0 135 0 0 128 0 0 16
2025-06-26 20:24:13.682,0x280,DATA:41 0 0 0 0 0 0 0
2025-06-26 20:24:13.690,0x288,DATA:213 195 48 0 0 94 207 0
2025-06-26 20:24:13.700,0x320,DATA:68 3 135 0 0 0 0 0
2025-06-26 20:24:13.700,0x280,DATA:41 0 0 0 0 0 0 0
2025-06-26 20:24:13.700,0x288,DATA:17 195 48 0 0 94 207 0
2025-06-26 20:24:13.708,0x320,DATA:68 3 135 0 0 0 0 0
2025-06-26 20:24:13.708,0x280,DATA:41 0 0 0 0 0 0 0
2025-06-26 20:24:13.715,0x288,DATA:17 195 48 0 0 94 207 0
2025-06-26 20:24:13.715,0x380,DATA:0 135 0 0 128 0 0 16
2025-06-26 20:24:13.715,0x280,DATA:41 0 0 0 0 0 0 0
2025-06-26 20:24:13.727,0x288,DATA:17 195 48 0 0 94 207 0
2025-06-26 20:24:13.733,0x320,DATA:68 3 135 0 0 0 0 0
2025-06-26 20:24:13.733,0x280,DATA:41 0 0 0 0 0 0 0
2025-06-26 20:24:13.740,0x288,DATA:17 195 48 0 0 94 207 0
2025-06-26 20:24:13.740,0x280,DATA:41 0 0 0 0 0 0 0
2025-06-26 20:24:13.750,0x288,DATA:81 195 48 0 0 94 207 0
2025-06-26 20:24:13.754,0x380,DATA:0 135 0 0 128 0 0 16
2025-06-26 20:24:13.754,0x488,DATA:253 19 92 116 166 0 0 96
2025-06-26 20:24:13.757,0x280,DATA:41 0 0 0 0 0 0 0
2025-06-26 20:24:13.766,0x288,DATA:81 195 48 0 0 94 207 0
2025-06-26 20:24:13.766,0x5D8,DATA:1 4 0 0 0 0 0 0
2025-06-26 20:24:13.771,0x280,DATA:41 0 0 0 0 0 0 0
2025-06-26 20:24:13.776,0x288,DATA:81 195 48 0 0 94 207 0
2025-06-26 20:24:13.776,0x380,DATA:0 135 0 0 128 0 0 16
2025-06-26 20:24:13.783,0x280,DATA:41 0 0 0 0 0 0 0
2025-06-26 20:24:13.783,0x280,DATA:41 0 0 0 0 0 0 0
2025-06-26 20:24:13.783,0x288,DATA:143 195 48 0 0 94 207 0
2025-06-26 20:24:13.793,0x380,DATA:0 135 0 0 128 0 0 16
2025-06-26 20:24:13.799,0x488,DATA:61 19 92 116 166 0 0 160
2025-06-26 20:24:13.799,0x280,DATA:41 0 0 0 0 0 0 0
2025-06-26 20:24:13.801,0x288,DATA:143 195 48 0 0 94 207 0
2025-06-26 20:24:13.807,0x380,DATA:0 135 0 0 128 0 0 16
2025-06-26 20:24:13.815,0x588,DATA:234 64 116 0 0 3 0 0
2025-06-26 20:24:13.815,0x580,DATA:143 0 0 0 0 0 0 0
2025-06-26 20:24:13.821,0x280,DATA:41 0 0 0 0 0 0 0
2025-06-26 20:24:13.825,0x280,DATA:41 0 0 0 0 0 0 0
2025-06-26 20:24:13.825,0x288,DATA:213 195 48 0 0 94 207 0
2025-06-26 20:24:13.833,0x280,DATA:41 0 0 0 0 0 0 0
2025-06-26 20:24:13.835,0x288,DATA:213 195 48 0 0 94 207 0
2025-06-26 20:24:13.844,0x380,DATA:0 135 0 0 128 0 0 16
2025-06-26 20:24:13.844,0x488,DATA:109 19 92 116 166 0 0 240
2025-06-26 20:24:13.850,0x280,DATA:41 0 0 0 0 0 0 0
2025-06-26 20:24:13.850,0x288,DATA:213 195 48 0 0 94 207 0
2025-06-26 20:24:13.859,0x380,DATA:0 135 0 0 128 0 0 16
2025-06-26 20:24:13.859,0x280,DATA:41 0 0 0 0 0 0 0
2025-06-26 20:24:13.866,0x288,DATA:17 195 48 0 0 94 207 0
2025-06-26 20:24:13.868,0x380,DATA:0 135 0 0 128 0 0 16
2025-06-26 20:24:13.868,0x380,DATA:0 135 0 0 128 0 0 16
2025-06-26 20:24:13.876,0x588,DATA:234 64 116 0 0 3 0 0
2025-06-26 20:24:13.876,0x280,DATA:41 0 0 0 0 0 0 0
2025-06-26 20:24:13.882,0x280,DATA:41 0 0 0 0 0 0 0
2025-06-26 20:24:13.882,0x288,DATA:17 195 48 0 0 94 207 0
2025-06-26 20:24:13.882,0x380,DATA:0 135 0 0 128 0 0 16
2025-06-26 20:24:13.894,0x280,DATA:41 0 0 0 0 0 0 0
2025-06-26 20:24:13.900,0x288,DATA:81 195 48 0 0 94 207 0
2025-06-26 20:24:13.900,0x280,DATA:41 0 0 0 0 0 0 0
2025-06-26 20:24:13.910,0x288,DATA:81 195 48 0 0 94 207 0
2025-06-26 20:24:13.911,0x380,DATA:0 135 0 0 128 0 0 16
2025-06-26 20:24:13.916,0x488,DATA:253 19 92 116 166 0 0 96
2025-06-26 20:24:13.921,0x280,DATA:41 0 0 0 0 0 0 0
2025-06-26 20:24:13.922,0x288,DATA:81 195 48 0 0 94 207 0
2025-06-26 20:24:13.926,0x280,DATA:41 0 0 0 0 0 0 0
2025-06-26 20:24:13.933,0x288,DATA:81 195 48 0 0 94 207 0
2025-06-26 20:24:13.933,0x380,DATA:0 135 0 0 128 0 0 16
2025-06-26 20:24:13.937,0x280,DATA:41 0 0 0 0 0 0 0
2025-06-26 20:24:13.942,0x288,DATA:143 195 48 0 0 94 207 0
2025-06-26 20:24:13.942,0x380,DATA:0 135 0 0 128 0 0 16
2025-06-26 20:24:13.949,0x280,DATA:41 0 0 0 0 0 0 0
2025-06-26 20:24:13.955,0x288,DATA:143 195 48 0 0 94 207 0
2025-06-26 20:24:13.957,0x380,DATA:0 135 0 0 128 0 0 16
2025-06-26 20:24:13.957,0x280,DATA:41 0 0 0 0 0 0 0
2025-06-26 20:24:13.965,0x288,DATA:143 195 48 0 0 94 207 0
2025-06-26 20:24:13.965,0x380,DATA:0 135 0 0 128 0 0 16
2025-06-26 20:24:13.965,0x280,DATA:41 0 0 0 0 0 0 0
2025-06-26 20:24:13.976,0x288,DATA:213 195 48 0 0 94 207 0
2025-06-26 20:24:13.983,0x320,DATA:68 3 135 0 0 0 0 0
2025-06-26 20:24:13.983,0x380,DATA:0 135 0 0 128 0 0 16
2025-06-26 20:24:13.984,0x280,DATA:41 0 0 0 0 0 0 0
2025-06-26 20:24:13.993,0x288,DATA:213 195 48 0 0 94 207 0
2025-06-26 20:24:13.999,0x488,DATA:109 19 92 116 166 0 0 240
2025-06-26 20:24:14.004,0x280,DATA:41 0 0 0 0 0 0 0
2025-06-26 20:24:14.006,0x288,DATA:213 195 48 0 0 94 207 0
2025-06-26 20:24:14.006,0x280,DATA:41 0 0 0 0 0 0 0
2025-06-26 20:24:14.015,0x288,DATA:17 195 48 0 0 94 207 0
2025-06-26 20:24:14.015,0x320,DATA:68 3 135 0 0 0 0 0
2025-06-26 20:24:14.015,0x380,DATA:0 135 0 0 128 0 0 16
2025-06-26 20:24:14.024,0x280,DATA:41 0 0 0 0 0 0 0
2025-06-26 20:24:14.024,0x288,DATA:17 195 48 0 0 94 207 0
2025-06-26 20:24:14.033,0x380,DATA:0 135 0 0 128 0 0 16
2025-06-26 20:24:14.033,0x280,DATA:41 0 0 0 0 0 0 0
2025-06-26 20:24:14.039,0x288,DATA:17 195 48 0 0 94 207 0
2025-06-26 20:24:14.039,0x380,DATA:0 135 0 0 128 0 0 16
2025-06-26 20:24:14.051,0x280,DATA:41 0 0 0 0 0 0 0
2025-06-26 20:24:14.051,0x288,DATA:17 195 48 0 0 94 207 0
2025-06-26 20:24:14.060,0x380,DATA:0 135 0 0 128 0 0 16
2025-06-26 20:24:14.060,0x470,DATA:0 0 0 0 2
2025-06-26 20:24:14.066,0x5D0,DATA:128 2 65 32 0 0
2025-06-26 20:24:14.066,0x280,DATA:41 0 0 0 0 0 0 0
2025-06-26 20:24:14.066,0x280,DATA:41 0 0 0 0 0 0 0
2025-06-26 20:24:14.075,0x288,DATA:81 195 48 0 0 94 207 0
2025-06-26 20:24:14.081,0x320,DATA:68 3 135 0 0 0 0 0
2025-06-26 20:24:14.081,0x280,DATA:41 0 0 0 0 0 0 0
2025-06-26 20:24:14.088,0x288,DATA:81 195 48 0 0 94 207 0
2025-06-26 20:24:14.089,0x380,DATA:0 135 0 0 128 0 0 16
2025-06-26 20:24:14.099,0x280,DATA:41 0 0 0 0 0 0 0
2025-06-26 20:24:14.099,0x288,DATA:143 195 48 0 0 94 207 0
2025-06-26 20:24:14.100,0x380,DATA:0 135 0 0 128 0 0 16
2025-06-26 20:24:14.109,0x280,DATA:41 0 0 0 0 0 0 0
2025-06-26 20:24:14.109,0x288,DATA:143 195 48 0 0 94 207 0
2025-06-26 20:24:14.114,0x380,DATA:0 135 0 0 128 0 0 16
2025-06-26 20:24:14.122,0x320,DATA:68 3 135 0 0 0 0 0
2025-06-26 20:24:14.122,0x488,DATA:45 19 92 116 166 0 0 176
2025-06-26 20:24:14.133,0x280,DATA:41 0 0 0 0 0 0 0
2025-06-26 20:24:14.133,0x280,DATA:41 0 0 0 0 0 0 0
2025-06-26 20:24:14.137,0x288,DATA:213 195 48 0 0 94 207 0
2025-06-26 20:24:14.144,0x380,DATA:0 135 0 0 128 0 0 16
2025-06-26 20:24:14.149,0x488,DATA:77 19 92 116 166 0 0 208
2025-06-26 20:24:14.149,0x280,DATA:41 0 0 0 0 0 0 0
2025-06-26 20:24:14.149,0x288,DATA:213 195 48 0 0 94 207 0
2025-06-26 20:24:14.160,0x380,DATA:0 135 0 0 128 0 0 16
2025-06-26 20:24:14.166,0x280,DATA:41 0 0 0 0 0 0 0
2025-06-26 20:24:14.166,0x288,DATA:213 195 48 0 0 94 207 0
2025-06-26 20:24:14.171,0x280,DATA:41 0 0 0 0 0 0 0
2025-06-26 20:24:14.175,0x288,DATA:213 195 48 0 0 94 207 0
2025-06-26 20:24:14.175,0x380,DATA:0 135 0 0 128 0 0 16
2025-06-26 20:24:14.182,0x288,DATA:17 195 48 0 0 94 207 0
2025-06-26 20:24:14.185,0x380,DATA:0 135 0 0 128 0 0 16
2025-06-26 20:24:14.185,0x480,DATA:15 12 0 0 0 64 1 66
2025-06-26 20:24:14.190,0x280,DATA:41 0 0 0 0 0 0 0
2025-06-26 20:24:14.199,0x280,DATA:41 0 0 0 0 0 0 0
2025-06-26 20:24:14.199,0x288,DATA:17 195 48 0 0 94 207 0
2025-06-26 20:24:14.199,0x380,DATA:0 135 0 0 128 0 0 16
2025-06-26 20:24:14.206,0x280,DATA:41 0 0 0 0 0 0 0
2025-06-26 20:24:14.215,0x288,DATA:17 195 48 0 0 94 207 0
2025-06-26 20:24:14.215,0x280,DATA:41 0 0 0 0 0 0 0
2025-06-26 20:24:14.215,0x288,DATA:81 195 48 0 0 94 207 0
2025-06-26 20:24:14.227,0x380,DATA:0 135 0 0 128 0 0 16
2025-06-26 20:24:14.227,0x280,DATA:41 0 0 0 0 0 0 0
2025-06-26 20:24:14.231,0x288,DATA:81 195 48 0 0 94 207 0
2025-06-26 20:24:14.231,0x380,DATA:0 135 0 0 128 0 0 16
2025-06-26 20:24:14.241,0x488,DATA:253 19 92 116 166 0 0 96
2025-06-26 20:24:14.248,0x280,DATA:41 0 0 0 0 0 0 0
2025-06-26 20:24:14.248,0x288,DATA:81 195 48 0 0 94 207 0
2025-06-26 20:24:14.248,0x488,DATA:237 19 92 116 166 0 0 112
2025-06-26 20:24:14.256,0x280,DATA:41 0 0 0 0 0 0 0
2025-06-26 20:24:14.256,0x288,DATA:143 195 48 0 0 94 207 0
2025-06-26 20:24:14.265,0x280,DATA:41 0 0 0 0 0 0 0
2025-06-26 20:24:14.265,0x288,DATA:143 195 48 0 0 94 207 0
2025-06-26 20:24:14.273,0x380,DATA:0 135 0 0 128 0 0 16
2025-06-26 20:24:14.273,0x280,DATA:41 0 0 0 0 0 0 0
2025-06-26 20:24:14.281,0x288,DATA:143 195 48 0 0 94 207 0
2025-06-26 20:24:14.288,0x380,DATA:0 135 0 0 128 0 0 16
2025-06-26 20:24:14.288,0x320,DATA:68 3 135 0 0 0 0 0
2025-06-26 20:24:14.290,0x280,DATA:41 0 0 0 0 0 0 0
2025-06-26 20:24:14.298,0x288,DATA:143 195 48 0 0 94 207 0
2025-06-26 20:24:14.298,0x380,DATA:0 135 0 0 128 0 0 16
2025-06-26 20:24:14.304,0x280,DATA:41 0 0 0 0 0 0 0
2025-06-26 20:24:14.307,0x288,DATA:213 195 48 0 0 94 207 0
2025-06-26 20:24:14.314,0x280,DATA:41 0 0 0 0 0 0 0
2025-06-26 20:24:14.314,0x288,DATA:213 195 48 0 0 94 207 0
2025-06-26 20:24:14.314,0x380,DATA:0 135 0 0 128 0 0 16
2025-06-26 20:24:14.326,0x488,DATA:109 19 92 116 166 0 0 240
2025-06-26 20:24:14.331,0x280,DATA:41 0 0 0 0 0 0 0
2025-06-26 20:24:14.331,0x288,DATA:213 195 48 0 0 94 207 0
2025-06-26 20:24:14.331,0x380,DATA:0 135 0 0 128 0 0 16
2025-06-26 20:24:14.341,0x280,DATA:41 0 0 0 0 0 0 0
2025-06-26 20:24:14.341,0x288,DATA:17 195 48 0 0 94 207 0
2025-06-26 20:24:14.349,0x380,DATA:0 135 0 0 128 0 0 16
2025-06-26 20:24:14.352,0x280,DATA:41 0 0 0 0 0 0 0
2025-06-26 20:24:14.352,0x288,DATA:17 195 48 0 0 94 207 0
2025-06-26 20:24:14.364,0x380,DATA:0 135 0 0 128 0 0 16
2025-06-26 20:24:14.364,0x320,DATA:68 3 135 0 0 0 0 0
2025-06-26 20:24:14.364,0x420,DATA:3 0 0 0 195 0 128 0
2025-06-26 20:24:14.364,0x570,DATA:3 0 0 0
2025-06-26 20:24:14.373,0x280,DATA:41 0 0 0 0 0 0 0
2025-06-26 20:24:14.381,0x288,DATA:81 195 48 0 0 94 207 0
2025-06-26 20:24:14.383,0x280,DATA:41 0 0 0 0 0 0 0
2025-06-26 20:24:14.387,0x288,DATA:81 195 48 0 0 94 207 0
2025-06-26 20:24:14.389,0x380,DATA:0 135 0 0 128 0 0 16
2025-06-26 20:24:14.389,0x488,DATA:253 19 92 116 166 0 0 96
2025-06-26 20:24:14.399,0x280,DATA:41 0 0 0 0 0 0 0
2025-06-26 20:24:14.399,0x288,DATA:81 195 48 0 0 94 207 0
2025-06-26 20:24:14.410,0x280,DATA:41 0 0 0 0 0 0 0
2025-06-26 20:24:14.410,0x288,DATA:81 195 48 0 0 94 207 0
2025-06-26 20:24:14.414,0x380,DATA:0 135 0 0 128 0 0 16
2025-06-26 20:24:14.414,0x320,DATA:68 3 135 0 0 0 0 0
2025-06-26 20:24:14.422,0x480,DATA:192 12 0 0 0 64 1 141
2025-06-26 20:24:14.422,0x280,DATA:41 0 0 0 0 0 0 0
2025-06-26 20:24:14.430,0x288,DATA:143 195 48 0 0 94 207 0
2025-06-26 20:24:14.438,0x280,DATA:41 0 0 0 0 0 0 0
2025-06-26 20:24:14.442,0x288,DATA:143 195 48 0 0 94 207 0
2025-06-26 20:24:14.442,0x380,DATA:0 135 0 0 128 0 0 16
2025-06-26 20:24:14.449,0x280,DATA:41 0 0 0 0 0 0 0
2025-06-26 20:24:14.449,0x288,DATA:143 195 48 0 0 94 207 0
2025-06-26 20:24:14.449,0x280,DATA:41 0 0 0 0 0 0 0
2025-06-26 20:24:14.460,0x288,DATA:213 195 48 0 0 94 207 0
2025-06-26 20:24:14.465,0x380,DATA:0 135 0 0 128 0 0 16
2025-06-26 20:24:14.466,0x488,DATA:77 19 92 116 166 0 0 208
2025-06-26 20:24:14.470,0x280,DATA:41 0 0 0 0 0 0 0
2025-06-26 20:24:14.477,0x288,DATA:213 195 48 0 0 94 207 0
2025-06-26 20:24:14.482,0x380,DATA:0 135 0 0 128 0 0 16
2025-06-26 20:24:14.482,0x480,DATA:192 12 0 0 0 64 1 141
2025-06-26 20:24:14.482,0x280,DATA:41 0 0 0 0 0 0 0
2025-06-26 20:24:14.490,0x288,DATA:213 195 48 0 0 94 207 0
2025-06-26 20:24:14.499,0x280,DATA:41 0 0 0 0 0 0 0
2025-06-26 20:24:14.499,0x288,DATA:17 195 48 0 0 94 207 0
2025-06-26 20:24:14.499,0x380,DATA:0 135 0 0 128 0 0 16
2025-06-26 20:24:14.506,0x280,DATA:41 0 0 0 0 0 0 0
2025-06-26 20:24:14.510,0x288,DATA:17 195 48 0 0 94 207 0
2025-06-26 20:24:14.516,0x380,DATA:0 135 0 0 128 0 0 16
2025-06-26 20:24:14.516,0x280,DATA:41 0 0 0 0 0 0 0
2025-06-26 20:24:14.519,0x288,DATA:17 195 48 0 0 94 207 0
2025-06-26 20:24:14.523,0x280,DATA:41 0 0 0 0 0 0 0
2025-06-26 20:24:14.531,0x288,DATA:17 195 48 0 0 94 207 0
2025-06-26 20:24:14.531,0x380,DATA:0 135 0 0 128 0 0 16
2025-06-26 20:24:14.543,0x380,DATA:0 135 0 0 128 0 0 16
2025-06-26 20:24:14.548,0x480,DATA:15 12 0 0 0 64 1 66
2025-06-26 20:24:14.548,0x320,DATA:68 3 135 0 0 0 0 0
2025-06-26 20:24:14.553,0x280,DATA:41 0 0 0 0 0 0 0
2025-06-26 20:24:14.556,0x280,DATA:41 0 0 0 0 0 0 0
2025-06-26 20:24:14.556,0x288,DATA:81 195 48 0 0 94 207 0
2025-06-26 20:24:14.566,0x380,DATA:0 135 0 0 128 0 0 16
2025-06-26 20:24:14.566,0x280,DATA:41 0 0 0 0 0 0 0
2025-06-26 20:24:14.566,0x288,DATA:81 195 48 0 0 94 207 0
2025-06-26 20:24:14.572,0x280,DATA:41 0 0 0 0 0 0 0
2025-06-26 20:24:14.582,0x288,DATA:143 195 48 0 0 94 207 0
2025-06-26 20:24:14.584,0x380,DATA:0 135 0 0 128 0 0 16
2025-06-26 20:24:14.590,0x280,DATA:41 0 0 0 0 0 0 0
2025-06-26 20:24:14.593,0x288,DATA:143 195 48 0 0 94 207 0
2025-06-26 20:24:14.598,0x380,DATA:0 135 0 0 128 0 0 16
2025-06-26 20:24:14.598,0x488,DATA:61 19 92 116 166 0 0 160
2025-06-26 20:24:14.602,0x280,DATA:41 0 0 0 0 0 0 0
2025-06-26 20:24:14.605,0x380,DATA:0 135 0 0 128 0 0 16
2025-06-26 20:24:14.605,0x320,DATA:68 3 135 0 0 0 0 0
2025-06-26 20:24:14.614,0x280,DATA:41 0 0 0 0 0 0 0
2025-06-26 20:24:14.614,0x288,DATA:213 195 48 0 0 94 207 0
2025-06-26 20:24:14.627,0x280,DATA:41 0 0 0 0 0 0 0
2025-06-26 20:24:14.627,0x288,DATA:213 195 48 0 0 94 207 0
2025-06-26 20:24:14.633,0x380,DATA:0 135 0 0 128 0 0 16
2025-06-26 20:24:14.635,0x488,DATA:125 19 92 116 166 0 0 224
2025-06-26 20:24:14.639,0x280,DATA:41 0 0 0 0 0 0 0
2025-06-26 20:24:14.641,0x288,DATA:213 195 48 0 0 94 207 0
2025-06-26 20:24:14.647,0x380,DATA:0 135 0 0 128 0 0 16
2025-06-26 20:24:14.647,0x280,DATA:41 0 0 0 0 0 0 0
2025-06-26 20:24:14.655,0x288,DATA:213 195 48 0 0 94 207 0
2025-06-26 20:24:14.660,0x380,DATA:0 135 0 0 128 0 0 16
2025-06-26 20:24:14.665,0x288,DATA:17 195 48 0 0 94 207 0
2025-06-26 20:24:14.665,0x488,DATA:141 19 92 116 166 0 0 16
2025-06-26 20:24:14.671,0x480,DATA:148 12 0 0 0 64 1 217
2025-06-26 20:24:14.675,0x280,DATA:41 0 0 0 0 0 0 0
2025-06-26 20:24:14.682,0x288,DATA:17 195 48 0 0 94 207 0
2025-06-26 20:24:14.682,0x380,DATA:0 135 0 0 128 0 0 16
2025-06-26 20:24:14.682,0x280,DATA:41 0 0 0 0 0 0 0
2025-06-26 20:24:14.690,0x288,DATA:17 195 48 0 0 94 207 0
2025-06-26 20:24:14.690,0x280,DATA:41 0 0 0 0 0 0 0
2025-06-26 20:24:14.699,0x288,DATA:81 195 48 0 0 94 207 0
2025-06-26 20:24:14.699,0x380,DATA:0 135 0 0 128 0 0 16
2025-06-26 20:24:14.699,0x320,DATA:68 3 135 0 0 0 0 0
2025-06-26 20:24:14.709,0x280,DATA:41 0 0 0 0 0 0 0
2025-06-26 20:24:14.715,0x288,DATA:81 195 48 0 0 94 207 0
2025-06-26 20:24:14.715,0x380,DATA:0 135 0 0 128 0 0 16
2025-06-26 20:24:14.725,0x280,DATA:41 0 0 0 0 0 0 0
2025-06-26 20:24:14.725,0x288,DATA:81 195 48 0 0 94 207 0
2025-06-26 20:24:14.732,0x380,DATA:0 135 0 0 128 0 0 16
2025-06-26 20:24:14.732,0x280,DATA:41 0 0 0 0 0 0 0
2025-06-26 20:24:14.732,0x288,DATA:143 195 48 0 0 94 207 0
2025-06-26 20:24:14.740,0x280,DATA:41 0 0 0 0 0 0 0
2025-06-26 20:24:14.748,0x288,DATA:143 195 48 0 0 94 207 0
2025-06-26 20:24:14.748,0x380,DATA:0 135 0 0 128 0 0 16
2025-06-26 20:24:14.748,0x488,DATA:61 19 92 116 166 0 0 160
2025-06-26 20:24:14.760,0x280,DATA:41 0 0 0 0 0 0 0
2025-06-26 20:24:14.760,0x288,DATA:143 195 48 0 0 94 207 0
2025-06-26 20:24:14.766,0x380,DATA:0 135 0 0 128 0 0 16
2025-06-26 20:24:14.771,0x280,DATA:41 0 0 0 0 0 0 0
2025-06-26 20:24:14.773,0x288,DATA:143 195 48 0 0 94 207 0
2025-06-26 20:24:14.773,0x380,DATA:0 135 0 0 128 0 0 16
2025-06-26 20:24:14.782,0x280,DATA:41 0 0 0 0 0 0 0
2025-06-26 20:24:14.784,0x488,DATA:77 19 92 116 166 0 0 208
2025-06-26 20:24:14.793,0x280,DATA:41 0 0 0 0 0 0 0
2025-06-26 20:24:14.799,0x288,DATA:213 195 48 0 0 94 207 0
2025-06-26 20:24:14.799,0x380,DATA:0 135 0 0 128 0 0 16
2025-06-26 20:24:14.803,0x280,DATA:41 0 0 0 0 0 0 0
2025-06-26 20:24:14.810,0x288,DATA:213 195 48 0 0 94 207 0
2025-06-26 20:24:14.810,0x380,DATA:0 135 0 0 128 0 0 16
2025-06-26 20:24:14.810,0x488,DATA:157 19 92 116 166 0 0 0
2025-06-26 20:24:14.817,0x280,DATA:41 0 0 0 0 0 0 0
2025-06-26 20:24:14.817,0x288,DATA:17 195 48 0 0 94 207 0
2025-06-26 20:24:14.826,0x380,DATA:0 135 0 0 128 0 0 16
2025-06-26 20:24:14.831,0x280,DATA:41 0 0 0 0 0 0 0
2025-06-26 20:24:14.831,0x288,DATA:17 195 48 0 0 94 207 0
2025-06-26 20:24:14.837,0x280,DATA:41 0 0 0 0 0 0 0
2025-06-26 20:24:14.842,0x288,DATA:17 195 48 0 0 94 207 0
2025-06-26 20:24:14.849,0x380,DATA:0 135 0 0 128 0 0 16
2025-06-26 20:24:14.851,0x488,DATA:173 19 92 116 166 0 0 48
2025-06-26 20:24:14.851,0x280,DATA:41 0 0 0 0 0 0 0
2025-06-26 20:24:14.859,0x288,DATA:81 195 48 0 0 94 207 0
2025-06-26 20:24:14.866,0x380,DATA:0 135 0 0 128 0 0 16
2025-06-26 20:24:14.866,0x280,DATA:41 0 0 0 0 0 0 0
2025-06-26 20:24:14.867,0x288,DATA:81 195 48 0 0 94 207 0
2025-06-26 20:24:14.876,0x380,DATA:0 135 0 0 128 0 0 16
2025-06-26 20:24:14.876,0x280,DATA:41 0 0 0 0 0 0 0
2025-06-26 20:24:14.880,0x288,DATA:81 195 48 0 0 94 207 0
2025-06-26 20:24:14.885,0x380,DATA:0 135 0 0 128 0 0 16
2025-06-26 20:24:14.892,0x280,DATA:41 0 0 0 0 0 0 0
2025-06-26 20:24:14.892,0x288,DATA:81 195 48 0 0 94 207 0
2025-06-26 20:24:14.892,0x380,DATA:0 135 0 0 128 0 0 16
2025-06-26 20:24:14.904,0x280,DATA:41 0 0 0 0 0 0 0
2025-06-26 20:24:14.904,0x288,DATA:143 195 48 0 0 94 207 0
2025-06-26 20:24:14.910,0x380,DATA:0 135 0 0 128 0 0 16
2025-06-26 20:24:14.910,0x280,DATA:41 0 0 0 0 0 0 0
2025-06-26 20:24:14.910,0x288,DATA:143 195 48 0 0 94 207 0
2025-06-26 20:24:14.918,0x380,DATA:0 135 0 0 128 0 0 16
2025-06-26 20:24:14.926,0x280,DATA:41 0 0 0 0 0 0 0
2025-06-26 20:24:14.928,0x288,DATA:143 195 48 0 0 94 207 0
2025-06-26 20:24:14.928,0x280,DATA:41 0 0 0 0 0 0 0
2025-06-26 20:24:14.938,0x288,DATA:213 195 48 0 0 94 207 0
2025-06-26 20:24:14.944,0x380,DATA:0 135 0 0 128 0 0 16
2025-06-26 20:24:14.949,0x488,DATA:77 19 92 116 166 0 0 208
2025-06-26 20:24:14.950,0x280,DATA:41 0 0 0 0 0 0 0
2025-06-26 20:24:14.955,0x288,DATA:213 195 48 0 0 94 207 0
2025-06-26 20:24:14.958,0x380,DATA:0 135 0 0 128 0 0 16
2025-06-26 20:24:14.958,0x280,DATA:41 0 0 0 0 0 0 0
2025-06-26 20:24:14.966,0x288,DATA:213 195 48 0 0 94 207 0
2025-06-26 20:24:14.971,0x380,DATA:0 135 0 0 128 0 0 16
2025-06-26 20:24:14.972,0x488,DATA:157 19 92 116 166 0 0 0
2025-06-26 20:24:14.977,0x280,DATA:41 0 0 0 0 0 0 0
2025-06-26 20:24:14.982,0x288,DATA:17 195 48 0 0 94 207 0
2025-06-26 20:24:14.982,0x280,DATA:41 0 0 0 0 0 0 0
2025-06-26 20:24:14.982,0x288,DATA:17 195 48 0 0 94 207 0
2025-06-26 20:24:14.991,0x380,DATA:0 135 0 0 128 0 0 16
2025-06-26 20:24:14.998,0x280,DATA:41 0 0 0 0 0 0 0
2025-06-26 20:24:14.998,0x288,DATA:17 195 48 0 0 94 207 0
2025-06-26 20:24:14.998,0x380,DATA:0 135 0 0 128 0 0 16
2025-06-26 20:24:15.007,0x280,DATA:41 0 0 0 0 0 0 0
2025-06-26 20:24:15.007,0x288,DATA:17 195 48 0 0 94 207 0
2025-06-26 20:24:15.016,0x380,DATA:0 135 0 0 128 0 0 16
2025-06-26 20:24:15.021,0x280,DATA:41 0 0 0 0 0 0 0
2025-06-26 20:24:15.021,0x288,DATA:81 195 48 0 0 94 207 0
2025-06-26 20:24:15.031,0x380,DATA:0 135 0 0 128 0 0 16
2025-06-26 20:24:15.034,0x488,DATA:253 19 92 116 166 0 0 96
2025-06-26 20:24:15.034,0x280,DATA:41 0 0 0 0 0 0 0
2025-06-26 20:24:15.043,0x288,DATA:81 195 48 0 0 94 207 0
2025-06-26 20:24:15.048,0x280,DATA:41 0 0 0 0 0 0 0
2025-06-26 20:24:15.048,0x288,DATA:81 195 48 0 0 94 207 0
2025-06-26 20:24:15.048,0x280,DATA:41 0 0 0 0 0 0 0
2025-06-26 20:24:15.056,0x288,DATA:143 195 48 0 0 94 207 0
2025-06-26 20:24:15.056,0x380,DATA:0 135 0 0 128 0 0 16
2025-06-26 20:24:15.064,0x280,DATA:41 0 0 0 0 0 0 0
2025-06-26 20:24:15.064,0x288,DATA:143 195 48 0 0 94 207 0
2025-06-26 20:24:15.064,0x380,DATA:0 135 0 0 128 0 0 16
2025-06-26 20:24:15.080,0x488,DATA:61 19 92 116 166 0 0 160
2025-06-26 20:24:15.083,0x280,DATA:41 0 0 0 0 0 0 0
2025-06-26 20:24:15.086,0x288,DATA:143 195 48 0 0 94 207 0
2025-06-26 20:24:15.091,0x380,DATA:0 135 0 0 128 0 0 16
2025-06-26 20:24:15.091,0x280,DATA:41 0 0 0 0 0 0 0
2025-06-26 20:24:15.096,0x488,DATA:93 19 92 116 166 0 0 192
2025-06-26 20:24:15.105,0x280,DATA:41 0 0 0 0 0 0 0
2025-06-26 20:24:15.105,0x288,DATA:213 195 48 0 0 94 207 0
2025-06-26 20:24:15.105,0x380,DATA:0 135 0 0 128 0 0 16
2025-06-26 20:24:15.113,0x488,DATA:125 19 92 116 166 0 0 224
2025-06-26 20:24:15.113,0x280,DATA:41 0 0 0 0 0 0 0
2025-06-26 20:24:15.122,0x288,DATA:213 195 48 0 0 94 207 0
2025-06-26 20:24:15.127,0x380,DATA:0 135 0 0 128 0 0 16
2025-06-26 20:24:15.133,0x280,DATA:41 0 0 0 0 0 0 0
2025-06-26 20:24:15.138,0x288,DATA:213 195 48 0 0 94 207 0
2025-06-26 20:24:15.139,0x380,DATA:0 135 0 0 128 0 0 16
2025-06-26 20:24:15.144,0x280,DATA:41 0 0 0 0 0 0 0
2025-06-26 20:24:15.149,0x288,DATA:17 195 48 0 0 94 207 0
2025-06-26 20:24:15.155,0x380,DATA:0 135 0 0 128 0 0 16
2025-06-26 20:24:15.156,0x280,DATA:41 0 0 0 0 0 0 0
2025-06-26 20:24:15.160,0x380,DATA:0 135 0 0 128 0 0 16
2025-06-26 20:24:15.166,0x588,DATA:234 64 116 0 0 3 0 0
2025-06-26 20:24:15.166,0x570,DATA:3 0 0 0
2025-06-26 20:24:15.171,0x5D8,DATA:1 4 0 0 0 0 0 0
2025-06-26 20:24:15.173,0x280,DATA:41 0 0 0 0 0 0 0
2025-06-26 20:24:15.177,0x280,DATA:41 0 0 0 0 0 0 0
2025-06-26 20:24:15.182,0x288,DATA:81 195 48 0 0 94 207 0
2025-06-26 20:24:15.183,0x380,DATA:0 135 0 0 128 0 0 16
2025-06-26 20:24:15.186,0x280,DATA:41 0 0 0 0 0 0 0
2025-06-26 20:24:15.192,0x288,DATA:81 195 48 0 0 94 207 0
2025-06-26 20:24:15.195,0x380,DATA:0 135 0 0 128 0 0 16
2025-06-26 20:24:15.203,0x280,DATA:41 0 0 0 0 0 0 0
2025-06-26 20:24:15.203,0x288,DATA:81 195 48 0 0 94 207 0
2025-06-26 20:24:15.208,0x380,DATA:0 135 0 0 128 0 0 16
2025-06-26 20:24:15.208,0x280,DATA:41 0 0 0 0 0 0 0
2025-06-26 20:24:15.216,0x380,DATA:0 135 0 0 128 0 0 16
2025-06-26 20:24:15.216,0x588,DATA:234 64 116 0 0 3 0 0
2025-06-26 20:24:15.216,0x280,DATA:41 0 0 0 0 0 0 0
2025-06-26 20:24:15.224,0x288,DATA:143 195 48 0 0 94 207 0
2025-06-26 20:24:15.233,0x380,DATA:0 135 0 0 128 0 0 16
2025-06-26 20:24:15.233,0x280,DATA:41 0 0 0 0 0 0 0
2025-06-26 20:24:15.238,0x288,DATA:143 195 48 0 0 94 207 0
2025-06-26 20:24:15.243,0x380,DATA:0 135 0 0 128 0 0 16
2025-06-26 20:24:15.250,0x280,DATA:41 0 0 0 0 0 0 0
2025-06-26 20:24:15.254,0x288,DATA:143 195 48 0 0 94 207 0
2025-06-26 20:24:15.256,0x380,DATA:0 135 0 0 128 0 0 16
2025-06-26 20:24:15.260,0x280,DATA:41 0 0 0 0 0 0 0
2025-06-26 20:24:15.264,0x288,DATA:213 195 48 0 0 94 207 0
2025-06-26 20:24:15.264,0x380,DATA:0 135 0 0 128 0 0 16
2025-06-26 20:24:15.272,0x280,DATA:41 0 0 0 0 0 0 0
2025-06-26 20:24:15.277,0x288,DATA:213 195 48 0 0 94 207 0
2025-06-26 20:24:15.278,0x380,DATA:0 135 0 0 128 0 0 16
2025-06-26 20:24:15.283,0x280,DATA:41 0 0 0 0 0 0 0
2025-06-26 20:24:15.288,0x288,DATA:213 195 48 0 0 94 207 0
2025-06-26 20:24:15.288,0x280,DATA:41 0 0 0 0 0 0 0
2025-06-26 20:24:15.296,0x288,DATA:17 195 48 0 0 94 207 0
2025-06-26 20:24:15.296,0x380,DATA:0 135 0 0 128 0 0 16
2025-06-26 20:24:15.303,0x488,DATA:141 19 92 116 166 0 0 16
2025-06-26 20:24:15.303,0x280,DATA:41 0 0 0 0 0 0 0
2025-06-26 20:24:15.311,0x288,DATA:17 195 48 0 0 94 207 0
2025-06-26 20:24:15.316,0x380,DATA:0 135 0 0 128 0 0 16
2025-06-26 20:24:15.321,0x280,DATA:41 0 0 0 0 0 0 0
2025-06-26 20:24:15.322,0x288,DATA:17 195 48 0 0 94 207 0
2025-06-26 20:24:15.327,0x380,DATA:0 135 0 0 128 0 0 16
2025-06-26 20:24:15.331,0x488,DATA:221 19 92 116 166 0 0 64
2025-06-26 20:24:15.331,0x280,DATA:41 0 0 0 0 0 0 0
2025-06-26 20:24:15.335,0x288,DATA:81 195 48 0 0 94 207 0
2025-06-26 20:24:15.344,0x280,DATA:41 0 0 0 0 0 0 0
2025-06-26 20:24:15.349,0x288,DATA:81 195 48 0 0 94 207 0
2025-06-26 20:24:15.350,0x380,DATA:0 135 0 0 128 0 0 16
2025-06-26 20:24:15.355,0x280,DATA:41 0 0 0 0 0 0 0
2025-06-26 20:24:15.360,0x288,DATA:81 195 48 0 0 94 207 0
2025-06-26 20:24:15.360,0x380,DATA:0 135 0 0 128 0 0 16
2025-06-26 20:24:15.366,0x280,DATA:41 0 0 0 0 0 0 0
2025-06-26 20:24:15.372,0x288,DATA:81 195 48 0 0 94 207 0
2025-06-26 20:24:15.372,0x380,DATA:0 135 0 0 128 0 0 16
2025-06-26 20:24:15.372,0x280,DATA:41 0 0 0 0 0 0 0
2025-06-26 20:24:15.381,0x288,DATA:143 195 48 0 0 94 207 0
2025-06-26 20:24:15.381,0x380,DATA:0 135 0 0 128 0 0 16
2025-06-26 20:24:15.388,0x280,DATA:41 0 0 0 0 0 0 0
2025-06-26 20:24:15.393,0x288,DATA:143 195 48 0 0 94 207 0
2025-06-26 20:24:15.399,0x380,DATA:0 135 0 0 128 0 0 16
2025-06-26 20:24:15.403,0x280,DATA:41 0 0 0 0 0 0 0
2025-06-26 20:24:15.405,0x288,DATA:143 195 48 0 0 94 207 0
2025-06-26 20:24:15.405,0x280,DATA:41 0 0 0 0 0 0 0
2025-06-26 20:24:15.414,0x288,DATA:213 195 48 0 0 94 207 0
2025-06-26 20:24:15.414,0x380,DATA:0 135 0 0 128 0 0 16
2025-06-26 20:24:15.421,0x488,DATA:77 19 92 116 166 0 0 208
2025-06-26 20:24:15.427,0x280,DATA:41 0 0 0 0 0 0 0
2025-06-26 20:24:15.427,0x288,DATA:213 195 48 0 0 94 207 0
2025-06-26 20:24:15.432,0x380,DATA:0 135 0 0 128 0 0 16
2025-06-26 20:24:15.432,0x280,DATA:41 0 0 0 0 0 0 0
2025-06-26 20:24:15.442,0x288,DATA:213 195 48 0 0 94 207 0
2025-06-26 20:24:15.447,0x380,DATA:0 135 0 0 128 0 0 16
2025-06-26 20:24:15.447,0x488,DATA:109 19 92 116 166 0 0 240
2025-06-26 20:24:15.455,0x280,DATA:41 0 0 0 0 0 0 0
2025-06-26 20:24:15.455,0x288,DATA:17 195 48 0 0 94 207 0
2025-06-26 20:24:15.455,0x280,DATA:41 0 0 0 0 0 0 0
2025-06-26 20:24:15.464,0x288,DATA:17 195 48 0 0 94 207 0
2025-06-26 20:24:15.464,0x380,DATA:0 135 0 0 128 0 0 16
2025-06-26 20:24:15.472,0x488,DATA:189 19 92 116 166 0 0 32
2025-06-26 20:24:15.477,0x280,DATA:41 0 0 0 0 0 0 0
2025-06-26 20:24:15.480,0x288,DATA:17 195 48 0 0 94 207 0
2025-06-26 20:24:15.480,0x380,DATA:0 135 0 0 128 0 0 16
2025-06-26 20:24:15.489,0x280,DATA:41 0 0 0 0 0 0 0
2025-06-26 20:24:15.491,0x288,DATA:17 195 48 0 0 94 207 0
2025-06-26 20:24:15.497,0x380,DATA:0 135 0 0 128 0 0 16
2025-06-26 20:24:15.497,0x280,DATA:41 0 0 0 0 0 0 0
2025-06-26 20:24:15.497,0x288,DATA:81 195 48 0 0 94 207 0
2025-06-26 20:24:15.510,0x470,DATA:0 0 0 0 2
2025-06-26 20:24:15.510,0x280,DATA:41 0 0 0 0 0 0 0
2025-06-26 20:24:15.513,0x288,DATA:81 195 48 0 0 94 207 0
2025-06-26 20:24:15.513,0x380,DATA:0 135 0 0 128 0 0 16
2025-06-26 20:24:15.522,0x280,DATA:41 0 0 0 0 0 0 0
2025-06-26 20:24:15.522,0x288,DATA:81 195 48 0 0 94 207 0
2025-06-26 20:24:15.530,0x380,DATA:0 135 0 0 128 0 0 16
2025-06-26 20:24:15.538,0x280,DATA:41 0 0 0 0 0 0 0
2025-06-26 20:24:15.538,0x288,DATA:143 195 48 0 0 94 207 0
2025-06-26 20:24:15.538,0x380,DATA:0 135 0 0 128 0 0 16
2025-06-26 20:24:15.546,0x280,DATA:41 0 0 0 0 0 0 0
2025-06-26 20:24:15.546,0x288,DATA:143 195 48 0 0 94 207 0
2025-06-26 20:24:15.554,0x380,DATA:0 135 0 0 128 0 0 16
2025-06-26 20:24:15.565,0x280,DATA:41 0 0 0 0 0 0 0
2025-06-26 20:24:15.568,0x288,DATA:143 195 48 0 0 94 207 0
2025-06-26 20:24:15.570,0x380,DATA:0 135 0 0 128 0 0 16
2025-06-26 20:24:15.575,0x280,DATA:41 0 0 0 0 0 0 0
2025-06-26 20:24:15.578,0x288,DATA:213 195 48 0 0 94 207 0
2025-06-26 20:24:15.578,0x380,DATA:0 135 0 0 128 0 0 16
2025-06-26 20:24:15.586,0x280,DATA:41 0 0 0 0 0 0 0
2025-06-26 20:24:15.586,0x288,DATA:213 195 48 0 0 94 207 0
2025-06-26 20:24:15.594,0x380,DATA:0 135 0 0 128 0 0 16
2025-06-26 20:24:15.595,0x280,DATA:41 0 0 0 0 0 0 0
2025-06-26 20:24:15.595,0x288,DATA:213 195 48 0 0 94 207 0
2025-06-26 20:24:15.610,0x380,DATA:0 135 0 0 128 0 0 16
2025-06-26 20:24:15.610,0x280,DATA:41 0 0 0 0 0 0 0
2025-06-26 20:24:15.610,0x288,DATA:213 195 48 0 0 94 207 0
2025-06-26 20:24:15.621,0x380,DATA:0 135 0 0 128 0 0 16
2025-06-26 20:24:15.621,0x280,DATA:41 0 0 0 0 0 0 0
2025-06-26 20:24:15.628,0x288,DATA:17 195 48 0 0 94 207 0
2025-06-26 20:24:15.630,0x488,DATA:141 19 92 116 166 0 0 16
2025-06-26 20:24:15.630,0x280,DATA:41 0 0 0 0 0 0 0
2025-06-26 20:24:15.635,0x288,DATA:17 195 48 0 0 94 207 0
2025-06-26 20:24:15.644,0x380,DATA:0 135 0 0 128 0 0 16
2025-06-26 20:24:15.644,0x488,DATA:173 19 92 116 166 0 0 48
2025-06-26 20:24:15.644,0x280,DATA:41 0 0 0 0 0 0 0
2025-06-26 20:24:15.653,0x288,DATA:17 195 48 0 0 94 207 0
2025-06-26 20:24:15.660,0x280,DATA:41 0 0 0 0 0 0 0
2025-06-26 20:24:15.660,0x288,DATA:81 195 48 0 0 94 207 0
2025-06-26 20:24:15.660,0x380,DATA:0 135 0 0 128 0 0 16
2025-06-26 20:24:15.669,0x280,DATA:41 0 0 0 0 0 0 0
2025-06-26 20:24:15.669,0x288,DATA:81 195 48 0 0 94 207 0
2025-06-26 20:24:15.682,0x380,DATA:0 135 0 0 128 0 0 16
2025-06-26 20:24:15.682,0x280,DATA:41 0 0 0 0 0 0 0
2025-06-26 20:24:15.686,0x288,DATA:81 195 48 0 0 94 207 0
2025-06-26 20:24:15.694,0x380,DATA:0 135 0 0 128 0 0 16
2025-06-26 20:24:15.694,0x488,DATA:237 19 92 116 166 0 0 112
2025-06-26 20:24:15.694,0x280,DATA:41 0 0 0 0 0 0 0
2025-06-26 20:24:15.704,0x288,DATA:143 195 48 0 0 94 207 0
2025-06-26 20:24:15.704,0x280,DATA:41 0 0 0 0 0 0 0
2025-06-26 20:24:15.711,0x288,DATA:143 195 48 0 0 94 207 0
2025-06-26 20:24:15.711,0x380,DATA:0 135 0 0 128 0 0 16
2025-06-26 20:24:15.711,0x280,DATA:41 0 0 0 0 0 0 0
2025-06-26 20:24:15.719,0x288,DATA:143 195 48 0 0 94 207 0
2025-06-26 20:24:15.728,0x380,DATA:0 135 0 0 128 0 0 16
2025-06-26 20:24:15.732,0x280,DATA:41 0 0 0 0 0 0 0
2025-06-26 20:24:15.738,0x288,DATA:143 195 48 0 0 94 207 0
2025-06-26 20:24:15.738,0x380,DATA:0 135 0 0 128 0 0 16
2025-06-26 20:24:15.744,0x280,DATA:41 0 0 0 0 0 0 0
2025-06-26 20:24:15.744,0x288,DATA:213 195 48 0 0 94 207 0
2025-06-26 20:24:15.744,0x380,DATA:0 135 0 0 128 0 0 16
2025-06-26 20:24:15.753,0x288,DATA:213 195 48 0 0 94 207 0
2025-06-26 20:24:15.756,0x488,DATA:125 19 92 116 166 0 0 224
2025-06-26 20:24:15.761,0x280,DATA:41 0 0 0 0 0 0 0
2025-06-26 20:24:15.766,0x5D0,DATA:128 2 65 32 0 0
2025-06-26 20:24:15.771,0x280,DATA:41 0 0 0 0 0 0 0
2025-06-26 20:24:15.777,0x288,DATA:213 195 48 0 0 94 207 0
2025-06-26 20:24:15.777,0x380,DATA:0 135 0 0 128 0 0 16
2025-06-26 20:24:15.780,0x280,DATA:41 0 0 0 0 0 0 0
2025-06-26 20:24:15.786,0x288,DATA:17 195 48 0 0 94 207 0
2025-06-26 20:24:15.786,0x380,DATA:0 135 0 0 128 0 0 16
2025-06-26 20:24:15.794,0x280,DATA:41 0 0 0 0 0 0 0
2025-06-26 20:24:15.794,0x288,DATA:17 195 48 0 0 94 207 0
2025-06-26 20:24:15.794,0x380,DATA:0 135 0 0 128 0 0 16
2025-06-26 20:24:15.804,0x280,DATA:41 0 0 0 0 0 0 0
2025-06-26 20:24:15.810,0x288,DATA:17 195 48 0 0 94 207 0
2025-06-26 20:24:15.811,0x380,DATA:0 135 0 0 128 0 0 16
2025-06-26 20:24:15.811,0x280,DATA:41 0 0 0 0 0 0 0
2025-06-26 20:24:15.821,0x288,DATA:81 195 48 0 0 94 207 0
2025-06-26 20:24:15.826,0x280,DATA:41 0 0 0 0 0 0 0
2025-06-26 20:24:15.829,0x288,DATA:81 195 48 0 0 94 207 0
2025-06-26 20:24:15.829,0x380,DATA:0 135 0 0 128 0 0 16
2025-06-26 20:24:15.838,0x280,DATA:41 0 0 0 0 0 0 0
2025-06-26 20:24:15.844,0x288,DATA:81 195 48 0 0 94 207 0
2025-06-26 20:24:15.844,0x380,DATA:0 135 0 0 128 0 0 16
2025-06-26 20:24:15.849,0x280,DATA:41 0 0 0 0 0 0 0
2025-06-26 20:24:15.852,0x288,DATA:81 195 48 0 0 94 207 0
2025-06-26 20:24:15.852,0x380,DATA:0 135 0 0 128 0 0 16
2025-06-26 20:24:15.861,0x280,DATA:41 0 0 0 0 0 0 0
2025-06-26 20:24:15.861,0x288,DATA:143 195 48 0 0 94 207 0
2025-06-26 20:24:15.870,0x380,DATA:0 135 0 0 128 0 0 16
2025-06-26 20:24:15.870,0x380,DATA:0 135 0 0 128 0 0 16
2025-06-26 20:24:15.876,0x588,DATA:234 64 116 0 0 3 0 0
2025-06-26 20:24:15.879,0x280,DATA:41 0 0 0 0 0 0 0
2025-06-26 20:24:15.879,0x280,DATA:41 0 0 0 0 0 0 0
2025-06-26 20:24:15.885,0x288,DATA:143 195 48 0 0 94 207 0
2025-06-26 20:24:15.893,0x380,DATA:0 135 0 0 128 0 0 16
2025-06-26 20:24:15.893,0x280,DATA:41 0 0 0 0 0 0 0
2025-06-26 20:24:15.893,0x288,DATA:213 195 48 0 0 94 207 0
2025-06-26 20:24:15.901,0x380,DATA:0 135 0 0 128 0 0 16
2025-06-26 20:24:15.901,0x280,DATA:41 0 0 0 0 0 0 0
2025-06-26 20:24:15.909,0x288,DATA:213 195 48 0 0 94 207 0
2025-06-26 20:24:15.909,0x380,DATA:0 135 0 0 128 0 0 16
2025-06-26 20:24:15.921,0x280,DATA:41 0 0 0 0 0 0 0
2025-06-26 20:24:15.926,0x288,DATA:213 195 48 0 0 94 207 0
2025-06-26 20:24:15.926,0x380,DATA:0 135 0 0 128 0 0 16
2025-06-26 20:24:15.932,0x380,DATA:0 135 0 0 128 0 0 16
2025-06-26 20:24:15.936,0x588,DATA:234 64 116 0 0 3 0 0
2025-06-26 20:24:15.936,0x320,DATA:68 3 135 0 0 0 0 0
2025-06-26 20:24:15.943,0x280,DATA:41 0 0 0 0 0 0 0
2025-06-26 20:24:15.943,0x288,DATA:17 195 48 0 0 94 207 0
2025-06-26 20:24:15.943,0x280,DATA:41 0 0 0 0 0 0 0
2025-06-26 20:24:15.951,0x288,DATA:17 195 48 0 0 94 207 0
2025-06-26 20:24:15.951,0x380,DATA:0 135 0 0 128 0 0 16
2025-06-26 20:24:15.966,0x488,DATA:173 19 92 116 166 0 0 48
2025-06-26 20:24:15.966,0x280,DATA:41 0 0 0 0 0 0 0
2025-06-26 20:24:15.972,0x288,DATA:17 195 48 0 0 94 207 0
2025-06-26 20:24:15.977,0x380,DATA:0 135 0 0 128 0 0 16
2025-06-26 20:24:15.979,0x280,DATA:41 0 0 0 0 0 0 0
2025-06-26 20:24:15.982,0x288,DATA:81 195 48 0 0 94 207 0
2025-06-26 20:24:15.988,0x280,DATA:41 0 0 0 0 0 0 0
2025-06-26 20:24:15.988,0x288,DATA:81 195 48 0 0 94 207 0
2025-06-26 20:24:15.993,0x380,DATA:0 135 0 0 128 0 0 16
2025-06-26 20:24:15.997,0x320,DATA:68 3 135 0 0 0 0 0
2025-06-26 20:24:15.997,0x280,DATA:41 0 0 0 0 0 0 0
2025-06-26 20:24:16.001,0x288,DATA:81 195 48 0 0 94 207 0
2025-06-26 20:24:16.009,0x380,DATA:0 135 0 0 128 0 0 16
2025-06-26 20:24:16.009,0x280,DATA:41 0 0 0 0 0 0 0
2025-06-26 20:24:16.009,0x288,DATA:143 195 48 0 0 94 207 0
2025-06-26 20:24:16.019,0x380,DATA:0 135 0 0 128 0 0 16
2025-06-26 20:24:16.027,0x280,DATA:41 0 0 0 0 0 0 0
2025-06-26 20:24:16.027,0x288,DATA:143 195 48 0 0 94 207 0
2025-06-26 20:24:16.038,0x280,DATA:41 0 0 0 0 0 0 0
2025-06-26 20:24:16.038,0x288,DATA:143 195 48 0 0 94 207 0
2025-06-26 20:24:16.042,0x380,DATA:0 135 0 0 128 0 0 16
2025-06-26 20:24:16.048,0x280,DATA:41 0 0 0 0 0 0 0
2025-06-26 20:24:16.048,0x288,DATA:143 195 48 0 0 94 207 0
2025-06-26 20:24:16.051,0x380,DATA:0 135 0 0 128 0 0 16
2025-06-26 20:24:16.059,0x488,DATA:93 19 92 116 166 0 0 192
2025-06-26 20:24:16.059,0x380,DATA:0 135 0 0 128 0 0 16
2025-06-26 20:24:16.067,0x480,DATA:192 12 0 0 0 64 1 141
2025-06-26 20:24:16.067,0x470,DATA:0 0 0 0 2
2025-06-26 20:24:16.077,0x280,DATA:41 0 0 0 0 0 0 0
2025-06-26 20:24:16.077,0x288,DATA:213 195 48 0 0 94 207 0
2025-06-26 20:24:16.088,0x280,DATA:41 0 0 0 0 0 0 0
2025-06-26 20:24:16.088,0x288,DATA:213 195 48 0 0 94 207 0
2025-06-26 20:24:16.092,0x380,DATA:0 135 0 0 128 0 0 16
2025-06-26 20:24:16.092,0x488,DATA:157 19 92 116 166 0 0 0
2025-06-26 20:24:16.092,0x280,DATA:41 0 0 0 0 0 0 0
2025-06-26 20:24:16.100,0x288,DATA:17 195 48 0 0 94 207 0
2025-06-26 20:24:16.109,0x380,DATA:0 135 0 0 128 0 0 16
2025-06-26 20:24:16.116,0x280,DATA:41 0 0 0 0 0 0 0
2025-06-26 20:24:16.116,0x288,DATA:17 195 48 0 0 94 207 0
2025-06-26 20:24:16.119,0x380,DATA:0 135 0 0 128 0 0 16
2025-06-26 20:24:16.125,0x280,DATA:41 0 0 0 0 0 0 0
2025-06-26 20:24:16.132,0x380,DATA:0 135 0 0 128 0 0 16
2025-06-26 20:24:16.134,0x280,DATA:41 0 0 0 0 0 0 0
2025-06-26 20:24:16.134,0x288,DATA:81 195 48 0 0 94 207 0
2025-06-26 20:24:16.143,0x380,DATA:0 135 0 0 128 0 0 16
2025-06-26 20:24:16.149,0x488,DATA:205 19 92 116 166 0 0 80
2025-06-26 20:24:16.149,0x280,DATA:41 0 0 0 0 0 0 0
2025-06-26 20:24:16.149,0x288,DATA:81 195 48 0 0 94 207 0
2025-06-26 20:24:16.158,0x380,DATA:0 135 0 0 128 0 0 16
2025-06-26 20:24:16.158,0x280,DATA:41 0 0 0 0 0 0 0
2025-06-26 20:24:16.166,0x288,DATA:81 195 48 0 0 94 207 0
2025-06-26 20:24:16.171,0x380,DATA:0 135 0 0 128 0 0 16
2025-06-26 20:24:16.171,0x280,DATA:41 0 0 0 0 0 0 0
2025-06-26 20:24:16.175,0x288,DATA:81 195 48 0 0 94 207 0
2025-06-26 20:24:16.175,0x380,DATA:0 135 0 0 128 0 0 16
2025-06-26 20:24:16.184,0x280,DATA:41 0 0 0 0 0 0 0
2025-06-26 20:24:16.184,0x288,DATA:143 195 48 0 0 94 207 0
2025-06-26 20:24:16.192,0x488,DATA:13 19 92 116 166 0 0 144
2025-06-26 20:24:16.199,0x280,DATA:41 0 0 0 0 0 0 0
2025-06-26 20:24:16.200,0x288,DATA:143 195 48 0 0 94 207 0
2025-06-26 20:24:16.200,0x380,DATA:0 135 0 0 128 0 0 16
2025-06-26 20:24:16.209,0x280,DATA:41 0 0 0 0 0 0 0
2025-06-26 20:24:16.209,0x288,DATA:143 195 48 0 0 94 207 0
2025-06-26 20:24:16.209,0x380,DATA:0 135 0 0 128 0 0 16
2025-06-26 20:24:16.220,0x280,DATA:41 0 0 0 0 0 0 0
2025-06-26 20:24:16.225,0x288,DATA:213 195 48 0 0 94 207 0
2025-06-26 20:24:16.228,0x380,DATA:0 135 0 0 128 0 0 16
2025-06-26 20:24:16.233,0x280,DATA:41 0 0 0 0 0 0 0
2025-06-26 20:24:16.234,0x288,DATA:213 195 48 0 0 94 207 0
2025-06-26 20:24:16.241,0x380,DATA:0 135 0 0 128 0 0 16
2025-06-26 20:24:16.241,0x280,DATA:41 0 0 0 0 0 0 0
2025-06-26 20:24:16.249,0x288,DATA:213 195 48 0 0 94 207 0
2025-06-26 20:24:16.249,0x488,DATA:109 19 92 116 166 0 0 240
2025-06-26 20:24:16.260,0x520,DATA:255 143 1 150 124 18 163 1
2025-06-26 20:24:16.260,0x280,DATA:41 0 0 0 0 0 0 0
2025-06-26 20:24:16.266,0x288,DATA:17 195 48 0 0 94 207 0
2025-06-26 20:24:16.271,0x380,DATA:0 135 0 0 128 0 0 16
2025-06-26 20:24:16.272,0x280,DATA:41 0 0 0 0 0 0 0
2025-06-26 20:24:16.277,0x288,DATA:17 195 48 0 0 94 207 0
2025-06-26 20:24:16.283,0x280,DATA:41 0 0 0 0 0 0 0
2025-06-26 20:24:16.284,0x288,DATA:17 195 48 0 0 94 207 0
2025-06-26 20:24:16.284,0x380,DATA:0 135 0 0 128 0 0 16
2025-06-26 20:24:16.293,0x280,DATA:41 0 0 0 0 0 0 0
2025-06-26 20:24:16.296,0x288,DATA:17 195 48 0 0 94 207 0
2025-06-26 20:24:16.296,0x380,DATA:0 135 0 0 128 0 0 16
2025-06-26 20:24:16.305,0x288,DATA:81 195 48 0 0 94 207 0
2025-06-26 20:24:16.305,0x488,DATA:205 19 92 116 166 0 0 80
2025-06-26 20:24:16.305,0x320,DATA:68 3 135 0 0 0 0 0
2025-06-26 20:24:16.315,0x280,DATA:41 0 0 0 0 0 0 0
2025-06-26 20:24:16.317,0x288,DATA:81 195 48 0 0 94 207 0
2025-06-26 20:24:16.322,0x380,DATA:0 135 0 0 128 0 0 16
2025-06-26 20:24:16.330,0x280,DATA:41 0 0 0 0 0 0 0
2025-06-26 20:24:16.332,0x288,DATA:81 195 48 0 0 94 207 0
2025-06-26 20:24:16.338,0x380,DATA:0 135 0 0 128 0 0 16
2025-06-26 20:24:16.338,0x280,DATA:41 0 0 0 0 0 0 0
2025-06-26 20:24:16.338,0x288,DATA:143 195 48 0 0 94 207 0
2025-06-26 20:24:16.349,0x280,DATA:41 0 0 0 0 0 0 0
2025-06-26 20:24:16.354,0x288,DATA:143 195 48 0 0 94 207 0
2025-06-26 20:24:16.354,0x380,DATA:0 135 0 0 128 0 0 16
2025-06-26 20:24:16.354,0x488,DATA:61 19 92 116 166 0 0 160
2025-06-26 20:24:16.363,0x280,DATA:41 0 0 0 0 0 0 0
2025-06-26 20:24:16.363,0x380,DATA:0 135 0 0 128 0 0 16
2025-06-26 20:24:16.371,0x280,DATA:41 0 0 0 0 0 0 0
2025-06-26 20:24:16.377,0x288,DATA:213 195 48 0 0 94 207 0
2025-06-26 20:24:16.381,0x380,DATA:0 135 0 0 128 0 0 16
2025-06-26 20:24:16.383,0x280,DATA:41 0 0 0 0 0 0 0
2025-06-26 20:24:16.388,0x288,DATA:213 195 48 0 0 94 207 0
2025-06-26 20:24:16.388,0x380,DATA:0 135 0 0 128 0 0 16
2025-06-26 20:24:16.388,0x280,DATA:41 0 0 0 0 0 0 0
2025-06-26 20:24:16.399,0x288,DATA:213 195 48 0 0 94 207 0
2025-06-26 20:24:16.405,0x380,DATA:0 135 0 0 128 0 0 16
2025-06-26 20:24:16.405,0x280,DATA:41 0 0 0 0 0 0 0
2025-06-26 20:24:16.405,0x288,DATA:213 195 48 0 0 94 207 0
2025-06-26 20:24:16.416,0x380,DATA:0 135 0 0 128 0 0 16
2025-06-26 20:24:16.422,0x280,DATA:41 0 0 0 0 0 0 0
2025-06-26 20:24:16.422,0x288,DATA:17 195 48 0 0 94 207 0
2025-06-26 20:24:16.422,0x380,DATA:0 135 0 0 128 0 0 16
2025-06-26 20:24:16.432,0x488,DATA:141 19 92 116 166 0 0 16
2025-06-26 20:24:16.437,0x280,DATA:41 0 0 0 0 0 0 0
2025-06-26 20:24:16.437,0x288,DATA:17 195 48 0 0 94 207 0
2025-06-26 20:24:16.437,0x280,DATA:41 0 0 0 0 0 0 0
2025-06-26 20:24:16.449,0x288,DATA:17 195 48 0 0 94 207 0
2025-06-26 20:24:16.450,0x380,DATA:0 135 0 0 128 0 0 16
2025-06-26 20:24:16.454,0x280,DATA:41 0 0 0 0 0 0 0
2025-06-26 20:24:16.460,0x288,DATA:81 195 48 0 0 94 207 0
2025-06-26 20:24:16.460,0x380,DATA:0 135 0 0 128 0 0 16
2025-06-26 20:24:16.466,0x280,DATA:41 0 0 0 0 0 0 0
2025-06-26 20:24:16.472,0x288,DATA:81 195 48 0 0 94 207 0
2025-06-26 20:24:16.477,0x380,DATA:0 135 0 0 128 0 0 16
2025-06-26 20:24:16.479,0x488,DATA:253 19 92 116 166 0 0 96
2025-06-26 20:24:16.483,0x288,DATA:81 195 48 0 0 94 207 0
2025-06-26 20:24:16.487,0x480,DATA:15 12 0 0 0 64 1 66
2025-06-26 20:24:16.493,0x280,DATA:41 0 0 0 0 0 0 0
2025-06-26 20:24:16.493,0x288,DATA:143 195 48 0 0 94 207 0
2025-06-26 20:24:16.493,0x380,DATA:0 135 0 0 128 0 0 16
2025-06-26 20:24:16.502,0x280,DATA:41 0 0 0 0 0 0 0
2025-06-26 20:24:16.510,0x288,DATA:143 195 48 0 0 94 207 0
2025-06-26 20:24:16.510,0x380,DATA:0 135 0 0 128 0 0 16
2025-06-26 20:24:16.516,0x280,DATA:41 0 0 0 0 0 0 0
2025-06-26 20:24:16.521,0x288,DATA:143 195 48 0 0 94 207 0
2025-06-26 20:24:16.522,0x380,DATA:0 135 0 0 128 0 0 16
2025-06-26 20:24:16.527,0x488,DATA:45 19 92 116 166 0 0 176
2025-06-26 20:24:16.528,0x280,DATA:41 0 0 0 0 0 0 0
2025-06-26 20:24:16.538,0x288,DATA:143 195 48 0 0 94 207 0
2025-06-26 20:24:16.541,0x280,DATA:41 0 0 0 0 0 0 0
2025-06-26 20:24:16.544,0x288,DATA:213 195 48 0 0 94 207 0
2025-06-26 20:24:16.544,0x380,DATA:0 135 0 0 128 0 0 16
2025-06-26 20:24:16.553,0x280,DATA:41 0 0 0 0 0 0 0
2025-06-26 20:24:16.553,0x288,DATA:213 195 48 0 0 94 207 0
2025-06-26 20:24:16.560,0x380,DATA:0 135 0 0 128 0 0 16
2025-06-26 20:24:16.560,0x488,DATA:109 19 92 116 166 0 0 240
2025-06-26 20:24:16.571,0x280,DATA:41 0 0 0 0 0 0 0
2025-06-26 20:24:16.575,0x288,DATA:213 195 48 0 0 94 207 0
2025-06-26 20:24:16.577,0x380,DATA:0 135 0 0 128 0 0 16
2025-06-26 20:24:16.577,0x280,DATA:41 0 0 0 0 0 0 0
2025-06-26 20:24:16.584,0x288,DATA:17 195 48 0 0 94 207 0
2025-06-26 20:24:16.591,0x280,DATA:41 0 0 0 0 0 0 0
2025-06-26 20:24:16.591,0x288,DATA:17 195 48 0 0 94 207 0
2025-06-26 20:24:16.591,0x380,DATA:0 135 0 0 128 0 0 16
2025-06-26 20:24:16.600,0x280,DATA:41 0 0 0 0 0 0 0
2025-06-26 20:24:16.600,0x288,DATA:17 195 48 0 0 94 207 0
2025-06-26 20:24:16.608,0x380,DATA:0 135 0 0 128 0 0 16
2025-06-26 20:24:16.616,0x488,DATA:173 19 92 116 166 0 0 48
2025-06-26 20:24:16.616,0x588,DATA:234 64 116 0 0 3 0 0
2025-06-26 20:24:16.616,0x470,DATA:0 0 0 0 2
2025-06-26 20:24:16.626,0x280,DATA:41 0 0 0 0 0 0 0
2025-06-26 20:24:16.626,0x280,DATA:41 0 0 0 0 0 0 0
2025-06-26 20:24:16.633,0x288,DATA:81 195 48 0 0 94 207 0
2025-06-26 20:24:16.643,0x280,DATA:41 0 0 0 0 0 0 0
2025-06-26 20:24:16.643,0x288,DATA:81 195 48 0 0 94 207 0
2025-06-26 20:24:16.649,0x380,DATA:0 135 0 0 128 0 0 16
2025-06-26 20:24:16.649,0x280,DATA:41 0 0 0 0 0 0 0
2025-06-26 20:24:16.655,0x288,DATA:81 195 48 0 0 94 207 0
2025-06-26 20:24:16.658,0x380,DATA:0 135 0 0 128 0 0 16
2025-06-26 20:24:16.665,0x488,DATA:29 19 92 116 166 0 0 128
2025-06-26 20:24:16.665,0x280,DATA:41 0 0 0 0 0 0 0
2025-06-26 20:24:16.665,0x288,DATA:143 195 48 0 0 94 207 0
2025-06-26 20:24:16.676,0x380,DATA:0 135 0 0 128 0 0 16
2025-06-26 20:24:16.676,0x588,DATA:234 64 116 0 0 3 0 0
2025-06-26 20:24:16.682,0x280,DATA:41 0 0 0 0 0 0 0
2025-06-26 20:24:16.682,0x280,DATA:41 0 0 0 0 0 0 0
2025-06-26 20:24:16.690,0x288,DATA:143 195 48 0 0 94 207 0
2025-06-26 20:24:16.690,0x380,DATA:0 135 0 0 128 0 0 16
2025-06-26 20:24:16.698,0x488,DATA:93 19 92 116 166 0 0 192
2025-06-26 20:24:16.704,0x280,DATA:41 0 0 0 0 0 0 0
2025-06-26 20:24:16.704,0x288,DATA:213 195 48 0 0 94 207 0
2025-06-26 20:24:16.706,0x380,DATA:0 135 0 0 128 0 0 16
2025-06-26 20:24:16.714,0x280,DATA:41 0 0 0 0 0 0 0
2025-06-26 20:24:16.714,0x288,DATA:213 195 48 0 0 94 207 0
2025-06-26 20:24:16.714,0x380,DATA:0 135 0 0 128 0 0 16
2025-06-26 20:24:16.727,0x280,DATA:41 0 0 0 0 0 0 0
2025-06-26 20:24:16.733,0x288,DATA:213 195 48 0 0 94 207 0
2025-06-26 20:24:16.737,0x280,DATA:41 0 0 0 0 0 0 0
2025-06-26 20:24:16.739,0x288,DATA:213 195 48 0 0 94 207 0
2025-06-26 20:24:16.739,0x380,DATA:0 135 0 0 128 0 0 16
2025-06-26 20:24:16.748,0x320,DATA:68 3 135 0 0 0 0 0
2025-06-26 20:24:16.748,0x280,DATA:41 0 0 0 0 0 0 0
2025-06-26 20:24:16.748,0x288,DATA:17 195 48 0 0 94 207 0
2025-06-26 20:24:16.759,0x280,DATA:41 0 0 0 0 0 0 0
2025-06-26 20:24:16.759,0x288,DATA:17 195 48 0 0 94 207 0
2025-06-26 20:24:16.766,0x380,DATA:0 135 0 0 128 0 0 16
2025-06-26 20:24:16.770,0x280,DATA:41 0 0 0 0 0 0 0
2025-06-26 20:24:16.772,0x288,DATA:17 195 48 0 0 94 207 0
2025-06-26 20:24:16.777,0x380,DATA:0 135 0 0 128 0 0 16
2025-06-26 20:24:16.783,0x280,DATA:41 0 0 0 0 0 0 0
2025-06-26 20:24:16.787,0x288,DATA:81 195 48 0 0 94 207 0
2025-06-26 20:24:16.787,0x380,DATA:0 135 0 0 128 0 0 16
2025-06-26 20:24:16.787,0x280,DATA:41 0 0 0 0 0 0 0
2025-06-26 20:24:16.799,0x288,DATA:81 195 48 0 0 94 207 0
2025-06-26 20:24:16.804,0x488,DATA:253 19 92 116 166 0 0 96
2025-06-26 20:24:16.810,0x280,DATA:41 0 0 0 0 0 0 0
2025-06-26 20:24:16.810,0x288,DATA:81 195 48 0 0 94 207 0
2025-06-26 20:24:16.812,0x380,DATA:0 135 0 0 128 0 0 16
2025-06-26 20:24:16.821,0x488,DATA:29 19 92 116 166 0 0 128
2025-06-26 20:24:16.821,0x280,DATA:41 0 0 0 0 0 0 0
2025-06-26 20:24:16.824,0x288,DATA:143 195 48 0 0 94 207 0
2025-06-26 20:24:16.831,0x280,DATA:41 0 0 0 0 0 0 0
2025-06-26 20:24:16.831,0x288,DATA:143 195 48 0 0 94 207 0
2025-06-26 20:24:16.837,0x380,DATA:0 135 0 0 128 0 0 16
2025-06-26 20:24:16.837,0x280,DATA:41 0 0 0 0 0 0 0
2025-06-26 20:24:16.837,0x288,DATA:143 195 48 0 0 94 207 0
2025-06-26 20:24:16.853,0x380,DATA:0 135 0 0 128 0 0 16
2025-06-26 20:24:16.853,0x380,DATA:0 135 0 0 128 0 0 16
2025-06-26 20:24:16.853,0x588,DATA:234 64 116 0 0 3 0 0
2025-06-26 20:24:16.861,0x520,DATA:65 66 1 150 124 18 163 1
2025-06-26 20:24:16.861,0x5D8,DATA:1 4 0 0 0 0 0 0
2025-06-26 20:24:16.870,0x280,DATA:41 0 0 0 0 0 0 0
2025-06-26 20:24:16.870,0x288,DATA:213 195 48 0 0 94 207 0
2025-06-26 20:24:16.870,0x280,DATA:41 0 0 0 0 0 0 0
2025-06-26 20:24:16.880,0x288,DATA:213 195 48 0 0 94 207 0
2025-06-26 20:24:16.886,0x380,DATA:0 135 0 0 128 0 0 16
2025-06-26 20:24:16.886,0x280,DATA:41 0 0 0 0 0 0 0
2025-06-26 20:24:16.892,0x288,DATA:213 195 48 0 0 94 207 0
2025-06-26 20:24:16.894,0x280,DATA:41 0 0 0 0 0 0 0
2025-06-26 20:24:16.902,0x288,DATA:17 195 48 0 0 94 207 0
2025-06-26 20:24:16.902,0x380,DATA:0 135 0 0 128 0 0 16
2025-06-26 20:24:16.910,0x280,DATA:41 0 0 0 0 0 0 0
2025-06-26 20:24:16.910,0x380,DATA:0 135 0 0 128 0 0 16
2025-06-26 20:24:16.919,0x588,DATA:234 64 116 0 0 3 0 0
2025-06-26 20:24:16.919,0x470,DATA:0 0 0 0 2
2025-06-26 20:24:16.919,0x280,DATA:41 0 0 0 0 0 0 0
2025-06-26 20:24:16.927,0x288,DATA:17 195 48 0 0 94 207 0
2025-06-26 20:24:16.927,0x380,DATA:0 135 0 0 128 0 0 16
2025-06-26 20:24:16.938,0x280,DATA:41 0 0 0 0 0 0 0
2025-06-26 20:24:16.944,0x288,DATA:81 195 48 0 0 94 207 0
2025-06-26 20:24:16.946,0x280,DATA:41 0 0 0 0 0 0 0
2025-06-26 20:24:16.946,0x288,DATA:81 195 48 0 0 94 207 0
2025-06-26 20:24:16.952,0x380,DATA:0 135 0 0 128 0 0 16
2025-06-26 20:24:16.960,0x280,DATA:41 0 0 0 0 0 0 0
2025-06-26 20:24:16.960,0x288,DATA:81 195 48 0 0 94 207 0
2025-06-26 20:24:16.971,0x380,DATA:0 135 0 0 128 0 0 16
2025-06-26 20:24:16.973,0x488,DATA:237 19 92 116 166 0 0 112
2025-06-26 20:24:16.977,0x288,DATA:81 195 48 0 0 94 207 0
2025-06-26 20:24:16.979,0x488,DATA:29 19 92 116 166 0 0 128
2025-06-26 20:24:16.979,0x280,DATA:41 0 0 0 0 0 0 0
2025-06-26 20:24:16.986,0x280,DATA:41 0 0 0 0 0 0 0
2025-06-26 20:24:16.992,0x288,DATA:143 195 48 0 0 94 207 0
2025-06-26 20:24:16.992,0x280,DATA:41 0 0 0 0 0 0 0
2025-06-26 20:24:16.992,0x288,DATA:143 195 48 0 0 94 207 0
2025-06-26 20:24:17.003,0x380,DATA:0 135 0 0 128 0 0 16
2025-06-26 20:24:17.003,0x488,DATA:45 19 92 116 166 0 0 176
2025-06-26 20:24:17.009,0x280,DATA:41 0 0 0 0 0 0 0
2025-06-26 20:24:17.017,0x288,DATA:143 195 48 0 0 94 207 0
2025-06-26 20:24:17.021,0x380,DATA:0 135 0 0 128 0 0 16
2025-06-26 20:24:17.026,0x280,DATA:41 0 0 0 0 0 0 0
2025-06-26 20:24:17.028,0x288,DATA:213 195 48 0 0 94 207 0
2025-06-26 20:24:17.032,0x380,DATA:0 135 0 0 128 0 0 16
2025-06-26 20:24:17.037,0x280,DATA:41 0 0 0 0 0 0 0
2025-06-26 20:24:17.037,0x288,DATA:213 195 48 0 0 94 207 0
2025-06-26 20:24:17.042,0x488,DATA:125 19 92 116 166 0 0 224
2025-06-26 20:24:17.048,0x320,DATA:68 3 135 0 0 0 0 0
2025-06-26 20:24:17.048,0x280,DATA:41 0 0 0 0 0 0 0
2025-06-26 20:24:17.048,0x288,DATA:213 195 48 0 0 94 207 0
2025-06-26 20:24:17.060,0x280,DATA:41 0 0 0 0 0 0 0
2025-06-26 20:24:17.065,0x288,DATA:17 195 48 0 0 94 207 0
2025-06-26 20:24:17.065,0x280,DATA:41 0 0 0 0 0 0 0
2025-06-26 20:24:17.074,0x288,DATA:17 195 48 0 0 94 207 0
2025-06-26 20:24:17.074,0x380,DATA:0 135 0 0 128 0 0 16
2025-06-26 20:24:17.082,0x280,DATA:41 0 0 0 0 0 0 0
2025-06-26 20:24:17.086,0x288,DATA:17 195 48 0 0 94 207 0
2025-06-26 20:24:17.086,0x380,DATA:0 135 0 0 128 0 0 16
2025-06-26 20:24:17.091,0x488,DATA:173 19 92 116 166 0 0 48
2025-06-26 20:24:17.098,0x280,DATA:41 0 0 0 0 0 0 0
2025-06-26 20:24:17.098,0x288,DATA:17 195 48 0 0 94 207 0
2025-06-26 20:24:17.098,0x380,DATA:0 135 0 0 128 0 0 16
2025-06-26 20:24:17.109,0x480,DATA:15 12 0 0 0 64 1 66
2025-06-26 20:24:17.116,0x320,DATA:68 3 135 0 0 0 0 0
2025-06-26 20:24:17.116,0x280,DATA:41 0 0 0 0 0 0 0
2025-06-26 20:24:17.119,0x288,DATA:81 195 48 0 0 94 207 0
2025-06-26 20:24:17.125,0x380,DATA:0 135 0 0 128 0 0 16
2025-06-26 20:24:17.125,0x280,DATA:41 0 0 0 0 0 0 0
2025-06-26 20:24:17.132,0x288,DATA:81 195 48 0 0 94 207 0
2025-06-26 20:24:17.132,0x380,DATA:0 135 0 0 128 0 0 16
2025-06-26 20:24:17.143,0x488,DATA:29 19 92 116 166 0 0 128
2025-06-26 20:24:17.148,0x280,DATA:41 0 0 0 0 0 0 0
2025-06-26 20:24:17.148,0x288,DATA:143 195 48 0 0 94 207 0
2025-06-26 20:24:17.148,0x380,DATA:0 135 0 0 128 0 0 16
2025-06-26 20:24:17.156,0x280,DATA:41 0 0 0 0 0 0 0
2025-06-26 20:24:17.156,0x288,DATA:143 195 48 0 0 94 207 0
2025-06-26 20:24:17.165,0x280,DATA:41 0 0 0 0 0 0 0
2025-06-26 20:24:17.165,0x288,DATA:143 195 48 0 0 94 207 0
2025-06-26 20:24:17.165,0x380,DATA:0 135 0 0 128 0 0 16
2025-06-26 20:24:17.173,0x280,DATA:41 0 0 0 0 0 0 0
2025-06-26 20:24:17.181,0x288,DATA:213 195 48 0 0 94 207 0
2025-06-26 20:24:17.181,0x380,DATA:0 135 0 0 128 0 0 16
2025-06-26 20:24:17.192,0x280,DATA:41 0 0 0 0 0 0 0
2025-06-26 20:24:17.192,0x288,DATA:213 195 48 0 0 94 207 0
2025-06-26 20:24:17.198,0x380,DATA:0 135 0 0 128 0 0 16
2025-06-26 20:24:17.198,0x280,DATA:41 0 0 0 0 0 0 0
2025-06-26 20:24:17.205,0x288,DATA:213 195 48 0 0 94 207 0
2025-06-26 20:24:17.205,0x380,DATA:0 135 0 0 128 0 0 16
2025-06-26 20:24:17.214,0x280,DATA:41 0 0 0 0 0 0 0
2025-06-26 20:24:17.214,0x288,DATA:213 195 48 0 0 94 207 0
2025-06-26 20:24:17.222,0x380,DATA:0 135 0 0 128 0 0 16
2025-06-26 20:24:17.223,0x280,DATA:41 0 0 0 0 0 0 0
2025-06-26 20:24:17.230,0x288,DATA:17 195 48 0 0 94 207 0
2025-06-26 20:24:17.233,0x488,DATA:189 19 92 116 166 0 0 32
2025-06-26 20:24:17.233,0x280,DATA:41 0 0 0 0 0 0 0
2025-06-26 20:24:17.243,0x288,DATA:17 195 48 0 0 94 207 0
2025-06-26 20:24:17.243,0x280,DATA:41 0 0 0 0 0 0 0
2025-06-26 20:24:17.247,0x288,DATA:17 195 48 0 0 94 207 0
2025-06-26 20:24:17.255,0x380,DATA:0 135 0 0 128 0 0 16
2025-06-26 20:24:17.255,0x488,DATA:221 19 92 116 166 0 0 64
2025-06-26 20:24:17.264,0x280,DATA:41 0 0 0 0 0 0 0
2025-06-26 20:24:17.266,0x288,DATA:81 195 48 0 0 94 207 0
2025-06-26 20:24:17.271,0x380,DATA:0 135 0 0 128 0 0 16
2025-06-26 20:24:17.276,0x280,DATA:41 0 0 0 0 0 0 0
2025-06-26 20:24:17.277,0x288,DATA:81 195 48 0 0 94 207 0
2025-06-26 20:24:17.283,0x280,DATA:41 0 0 0 0 0 0 0
2025-06-26 20:24:17.284,0x288,DATA:81 195 48 0 0 94 207 0
2025-06-26 20:24:17.288,0x380,DATA:0 135 0 0 128 0 0 16
2025-06-26 20:24:17.293,0x288,DATA:81 195 48 0 0 94 207 0
2025-06-26 20:24:17.296,0x488,DATA:29 19 92 116 166 0 0 128
2025-06-26 20:24:17.305,0x280,DATA:41 0 0 0 0 0 0 0
2025-06-26 20:24:17.305,0x280,DATA:41 0 0 0 0 0 0 0
2025-06-26 20:24:17.305,0x288,DATA:143 195 48 0 0 94 207 0
2025-06-26 20:24:17.315,0x380,DATA:0 135 0 0 128 0 0 16
2025-06-26 20:24:17.315,0x488,DATA:61 19 92 116 166 0 0 160
2025-06-26 20:24:17.322,0x280,DATA:41 0 0 0 0 0 0 0
2025-06-26 20:24:17.326,0x288,DATA:143 195 48 0 0 94 207 0
2025-06-26 20:24:17.332,0x280,DATA:41 0 0 0 0 0 0 0
2025-06-26 20:24:17.332,0x288,DATA:143 195 48 0 0 94 207 0
2025-06-26 20:24:17.338,0x380,DATA:0 135 0 0 128 0 0 16
2025-06-26 20:24:17.338,0x280,DATA:41 0 0 0 0 0 0 0
2025-06-26 20:24:17.338,0x488,DATA:77 19 92 116 166 0 0 208
2025-06-26 20:24:17.347,0x320,DATA:68 3 135 0 0 0 0 0
2025-06-26 20:24:17.355,0x280,DATA:41 0 0 0 0 0 0 0
2025-06-26 20:24:17.360,0x288,DATA:213 195 48 0 0 94 207 0
2025-06-26 20:24:17.361,0x380,DATA:0 135 0 0 128 0 0 16
2025-06-26 20:24:17.366,0x488,DATA:109 19 92 116 166 0 0 240
2025-06-26 20:24:17.371,0x280,DATA:41 0 0 0 0 0 0 0
2025-06-26 20:24:17.372,0x288,DATA:213 195 48 0 0 94 207 0
2025-06-26 20:24:17.372,0x280,DATA:41 0 0 0 0 0 0 0
2025-06-26 20:24:17.381,0x288,DATA:17 195 48 0 0 94 207 0
2025-06-26 20:24:17.387,0x380,DATA:0 135 0 0 128 0 0 16
2025-06-26 20:24:17.387,0x280,DATA:41 0 0 0 0 0 0 0
2025-06-26 20:24:17.387,0x288,DATA:17 195 48 0 0 94 207 0
2025-06-26 20:24:17.396,0x380,DATA:0 135 0 0 128 0 0 16
2025-06-26 20:24:17.404,0x280,DATA:41 0 0 0 0 0 0 0
2025-06-26 20:24:17.404,0x288,DATA:17 195 48 0 0 94 207 0
2025-06-26 20:24:17.404,0x380,DATA:0 135 0 0 128 0 0 16
2025-06-26 20:24:17.412,0x470,DATA:0 0 0 0 2
2025-06-26 20:24:17.412,0x280,DATA:41 0 0 0 0 0 0 0
2025-06-26 20:24:17.420,0x288,DATA:81 195 48 0 0 94 207 0
2025-06-26 20:24:17.420,0x280,DATA:41 0 0 0 0 0 0 0
2025-06-26 20:24:17.420,0x288,DATA:81 195 48 0 0 94 207 0
2025-06-26 20:24:17.431,0x380,DATA:0 135 0 0 128 0 0 16
2025-06-26 20:24:17.431,0x280,DATA:41 0 0 0 0 0 0 0
2025-06-26 20:24:17.438,0x288,DATA:81 195 48 0 0 94 207 0
2025-06-26 20:24:17.438,0x380,DATA:0 135 0 0 128 0 0 16
2025-06-26 20:24:17.446,0x280,DATA:41 0 0 0 0 0 0 0
2025-06-26 20:24:17.454,0x288,DATA:81 195 48 0 0 94 207 0
2025-06-26 20:24:17.459,0x380,DATA:0 135 0 0 128 0 0 16
2025-06-26 20:24:17.462,0x280,DATA:41 0 0 0 0 0 0 0
2025-06-26 20:24:17.462,0x288,DATA:143 195 48 0 0 94 207 0
2025-06-26 20:24:17.470,0x288,DATA:143 195 48 0 0 94 207 0
2025-06-26 20:24:17.470,0x488,DATA:61 19 92 116 166 0 0 160
2025-06-26 20:24:17.470,0x280,DATA:41 0 0 0 0 0 0 0
2025-06-26 20:24:17.482,0x280,DATA:41 0 0 0 0 0 0 0
2025-06-26 20:24:17.487,0x288,DATA:143 195 48 0 0 94 207 0
2025-06-26 20:24:17.493,0x380,DATA:0 135 0 0 128 0 0 16
2025-06-26 20:24:17.494,0x488,DATA:93 19 92 116 166 0 0 192
2025-06-26 20:24:17.499,0x280,DATA:41 0 0 0 0 0 0 0
2025-06-26 20:24:17.504,0x288,DATA:213 195 48 0 0 94 207 0
2025-06-26 20:24:17.505,0x380,DATA:0 135 0 0 128 0 0 16
2025-06-26 20:24:17.510,0x280,DATA:41 0 0 0 0 0 0 0
2025-06-26 20:24:17.516,0x288,DATA:213 195 48 0 0 94 207 0
2025-06-26 20:24:17.521,0x280,DATA:41 0 0 0 0 0 0 0
2025-06-26 20:24:17.526,0x288,DATA:213 195 48 0 0 94 207 0
2025-06-26 20:24:17.527,0x380,DATA:0 135 0 0 128 0 0 16
2025-06-26 20:24:17.532,0x280,DATA:41 0 0 0 0 0 0 0
2025-06-26 20:24:17.537,0x288,DATA:213 195 48 0 0 94 207 0
2025-06-26 20:24:17.538,0x488,DATA:157 19 92 116 166 0 0 0
2025-06-26 20:24:17.543,0x280,DATA:41 0 0 0 0 0 0 0
2025-06-26 20:24:17.543,0x320,DATA:68 3 135 0 0 0 0 0
2025-06-26 20:24:17.549,0x280,DATA:41 0 0 0 0 0 0 0
2025-06-26 20:24:17.549,0x288,DATA:17 195 48 0 0 94 207 0
2025-06-26 20:24:17.559,0x280,DATA:41 0 0 0 0 0 0 0
2025-06-26 20:24:17.565,0x288,DATA:17 195 48 0 0 94 207 0
2025-06-26 20:24:17.565,0x280,DATA:41 0 0 0 0 0 0 0
2025-06-26 20:24:17.567,0x288,DATA:17 195 48 0 0 94 207 0
2025-06-26 20:24:17.576,0x380,DATA:0 135 0 0 128 0 0 16
2025-06-26 20:24:17.576,0x280,DATA:41 0 0 0 0 0 0 0
2025-06-26 20:24:17.582,0x288,DATA:81 195 48 0 0 94 207 0
2025-06-26 20:24:17.582,0x380,DATA:0 135 0 0 128 0 0 16
2025-06-26 20:24:17.593,0x488,DATA:205 19 92 116 166 0 0 80
2025-06-26 20:24:17.598,0x280,DATA:41 0 0 0 0 0 0 0
2025-06-26 20:24:17.599,0x288,DATA:81 195 48 0 0 94 207 0
2025-06-26 20:24:17.605,0x380,DATA:0 135 0 0 128 0 0 16
2025-06-26 20:24:17.611,0x320,DATA:68 3 135 0 0 0 0 0
2025-06-26 20:24:17.616,0x280,DATA:41 0 0 0 0 0 0 0
2025-06-26 20:24:17.617,0x280,DATA:41 0 0 0 0 0 0 0
2025-06-26 20:24:17.621,0x288,DATA:143 195 48 0 0 94 207 0
2025-06-26 20:24:17.626,0x380,DATA:0 135 0 0 128 0 0 16
2025-06-26 20:24:17.627,0x280,DATA:41 0 0 0 0 0 0 0
2025-06-26 20:24:17.632,0x288,DATA:143 195 48 0 0 94 207 0
2025-06-26 20:24:17.637,0x380,DATA:0 135 0 0 128 0 0 16
2025-06-26 20:24:17.643,0x488,DATA:61 19 92 116 166 0 0 160
2025-06-26 20:24:17.644,0x280,DATA:41 0 0 0 0 0 0 0
2025-06-26 20:24:17.649,0x288,DATA:143 195 48 0 0 94 207 0
2025-06-26 20:24:17.653,0x380,DATA:0 135 0 0 128 0 0 16
2025-06-26 20:24:17.653,0x280,DATA:41 0 0 0 0 0 0 0
2025-06-26 20:24:17.661,0x288,DATA:143 195 48 0 0 94 207 0
2025-06-26 20:24:17.661,0x280,DATA:41 0 0 0 0 0 0 0
2025-06-26 20:24:17.671,0x288,DATA:213 195 48 0 0 94 207 0
2025-06-26 20:24:17.672,0x488,DATA:77 19 92 116 166 0 0 208
2025-06-26 20:24:17.677,0x480,DATA:192 12 0 0 0 64 1 141
2025-06-26 20:24:17.682,0x280,DATA:41 0 0 0 0 0 0 0
2025-06-26 20:24:17.686,0x288,DATA:213 195 48 0 0 94 207 0
2025-06-26 20:24:17.686,0x380,DATA:0 135 0 0 128 0 0 16
2025-06-26 20:24:17.693,0x280,DATA:41 0 0 0 0 0 0 0
2025-06-26 20:24:17.693,0x288,DATA:213 195 48 0 0 94 207 0
2025-06-26 20:24:17.693,0x380,DATA:0 135 0 0 128 0 0 16
2025-06-26 20:24:17.702,0x280,DATA:41 0 0 0 0 0 0 0
2025-06-26 20:24:17.710,0x288,DATA:17 195 48 0 0 94 207 0
2025-06-26 20:24:17.713,0x380,DATA:0 135 0 0 128 0 0 16
2025-06-26 20:24:17.713,0x280,DATA:41 0 0 0 0 0 0 0
2025-06-26 20:24:17.717,0x288,DATA:17 195 48 0 0 94 207 0
2025-06-26 20:24:17.725,0x280,DATA:41 0 0 0 0 0 0 0
2025-06-26 20:24:17.725,0x288,DATA:17 195 48 0 0 94 207 0
2025-06-26 20:24:17.733,0x488,DATA:173 19 92 116 166 0 0 48
2025-06-26 20:24:17.735,0x280,DATA:41 0 0 0 0 0 0 0
2025-06-26 20:24:17.735,0x288,DATA:81 195 48 0 0 94 207 0
2025-06-26 20:24:17.742,0x380,DATA:0 135 0 0 128 0 0 16
2025-06-26 20:24:17.748,0x280,DATA:41 0 0 0 0 0 0 0
2025-06-26 20:24:17.749,0x288,DATA:81 195 48 0 0 94 207 0
2025-06-26 20:24:17.759,0x380,DATA:0 135 0 0 128 0 0 16
2025-06-26 20:24:17.759,0x280,DATA:41 0 0 0 0 0 0 0
2025-06-26 20:24:17.765,0x288,DATA:81 195 48 0 0 94 207 0
2025-06-26 20:24:17.770,0x380,DATA:0 135 0 0 128 0 0 16
2025-06-26 20:24:17.771,0x280,DATA:41 0 0 0 0 0 0 0
2025-06-26 20:24:17.777,0x288,DATA:81 195 48 0 0 94 207 0
2025-06-26 20:24:17.778,0x280,DATA:41 0 0 0 0 0 0 0
2025-06-26 20:24:17.781,0x288,DATA:143 195 48 0 0 94 207 0
2025-06-26 20:24:17.783,0x380,DATA:0 135 0 0 128 0 0 16
2025-06-26 20:24:17.789,0x488,DATA:13 19 92 116 166 0 0 144
2025-06-26 20:24:17.789,0x588,DATA:234 64 116 0 0 3 0 0
2025-06-26 20:24:17.797,0x280,DATA:41 0 0 0 0 0 0 0
2025-06-26 20:24:17.797,0x288,DATA:143 195 48 0 0 94 207 0
2025-06-26 20:24:17.809,0x280,DATA:41 0 0 0 0 0 0 0
2025-06-26 20:24:17.809,0x288,DATA:143 195 48 0 0 94 207 0
2025-06-26 20:24:17.813,0x380,DATA:0 135 0 0 128 0 0 16
2025-06-26 20:24:17.813,0x280,DATA:41 0 0 0 0 0 0 0
2025-06-26 20:24:17.821,0x288,DATA:213 195 48 0 0 94 207 0
2025-06-26 20:24:17.821,0x280,DATA:41 0 0 0 0 0 0 0
2025-06-26 20:24:17.832,0x288,DATA:213 195 48 0 0 94 207 0
2025-06-26 20:24:17.832,0x380,DATA:0 135 0 0 128 0 0 16
2025-06-26 20:24:17.838,0x488,DATA:125 19 92 116 166 0 0 224
2025-06-26 20:24:17.843,0x280,DATA:41 0 0 0 0 0 0 0
2025-06-26 20:24:17.843,0x288,DATA:213 195 48 0 0 94 207 0
2025-06-26 20:24:17.854,0x588,DATA:234 64 116 0 0 3 0 0
2025-06-26 20:24:17.855,0x520,DATA:255 143 1 150 124 18 163 1
2025-06-26 20:24:17.855,0x280,DATA:41 0 0 0 0 0 0 0
2025-06-26 20:24:17.863,0x5D8,DATA:1 4 0 0 0 0 0 0
2025-06-26 20:24:17.863,0x280,DATA:41 0 0 0 0 0 0 0
2025-06-26 20:24:17.871,0x288,DATA:17 195 48 0 0 94 207 0
2025-06-26 20:24:17.876,0x280,DATA:41 0 0 0 0 0 0 0
2025-06-26 20:24:17.876,0x288,DATA:17 195 48 0 0 94 207 0
2025-06-26 20:24:17.881,0x380,DATA:0 135 0 0 128 0 0 16
2025-06-26 20:24:17.881,0x280,DATA:41 0 0 0 0 0 0 0
2025-06-26 20:24:17.889,0x288,DATA:17 195 48 0 0 94 207 0
2025-06-26 20:24:17.889,0x380,DATA:0 135 0 0 128 0 0 16
2025-06-26 20:24:17.898,0x280,DATA:41 0 0 0 0 0 0 0
2025-06-26 20:24:17.898,0x288,DATA:81 195 48 0 0 94 207 0
2025-06-26 20:24:17.904,0x380,DATA:0 135 0 0 128 0 0 16
2025-06-26 20:24:17.904,0x380,DATA:0 135 0 0 128 0 0 16
2025-06-26 20:24:17.913,0x588,DATA:234 64 116 0 0 3 0 0
2025-06-26 20:24:17.913,0x470,DATA:0 0 0 0 2
2025-06-26 20:24:17.921,0x280,DATA:41 0 0 0 0 0 0 0
2025-06-26 20:24:17.922,0x288,DATA:81 195 48 0 0 94 207 0
2025-06-26 20:24:17.922,0x380,DATA:0 135 0 0 128 0 0 16
2025-06-26 20:24:17.930,0x280,DATA:41 0 0 0 0 0 0 0
2025-06-26 20:24:17.938,0x288,DATA:143 195 48 0 0 94 207 0
2025-06-26 20:24:17.940,0x380,DATA:0 135 0 0 128 0 0 16
2025-06-26 20:24:17.949,0x280,DATA:41 0 0 0 0 0 0 0
2025-06-26 20:24:17.954,0x288,DATA:143 195 48 0 0 94 207 0
2025-06-26 20:24:17.955,0x380,DATA:0 135 0 0 128 0 0 16
2025-06-26 20:24:17.960,0x280,DATA:41 0 0 0 0 0 0 0
2025-06-26 20:24:17.965,0x288,DATA:143 195 48 0 0 94 207 0
2025-06-26 20:24:17.966,0x380,DATA:0 135 0 0 128 0 0 16
2025-06-26 20:24:17.971,0x280,DATA:41 0 0 0 0 0 0 0
2025-06-26 20:24:17.971,0x288,DATA:143 195 48 0 0 94 207 0
2025-06-26 20:24:17.977,0x380,DATA:0 135 0 0 128 0 0 16
2025-06-26 20:24:17.979,0x280,DATA:41 0 0 0 0 0 0 0
2025-06-26 20:24:17.986,0x288,DATA:213 195 48 0 0 94 207 0
2025-06-26 20:24:17.986,0x380,DATA:0 135 0 0 128 0 0 16
2025-06-26 20:24:17.994,0x280,DATA:41 0 0 0 0 0 0 0
2025-06-26 20:24:17.994,0x288,DATA:213 195 48 0 0 94 207 0
2025-06-26 20:24:18.002,0x380,DATA:0 135 0 0 128 0 0 16
2025-06-26 20:24:18.002,0x488,DATA:109 19 92 116 166 0 0 240
2025-06-26 20:24:18.010,0x280,DATA:41 0 0 0 0 0 0 0
2025-06-26 20:24:18.010,0x288,DATA:213 195 48 0 0 94 207 0
2025-06-26 20:24:18.010,0x280,DATA:41 0 0 0 0 0 0 0
2025-06-26 20:24:18.019,0x288,DATA:17 195 48 0 0 94 207 0
2025-06-26 20:24:18.026,0x380,DATA:0 135 0 0 128 0 0 16
2025-06-26 20:24:18.027,0x280,DATA:41 0 0 0 0 0 0 0
2025-06-26 20:24:18.032,0x288,DATA:17 195 48 0 0 94 207 0
2025-06-26 20:24:18.035,0x380,DATA:0 135 0 0 128 0 0 16
2025-06-26 20:24:18.035,0x320,DATA:68 3 135 0 0 0 0 0
2025-06-26 20:24:18.049,0x280,DATA:41 0 0 0 0 0 0 0
2025-06-26 20:24:18.049,0x288,DATA:17 195 48 0 0 94 207 0
2025-06-26 20:24:18.052,0x280,DATA:41 0 0 0 0 0 0 0
2025-06-26 20:24:18.059,0x288,DATA:81 195 48 0 0 94 207 0
2025-06-26 20:24:18.059,0x380,DATA:0 135 0 0 128 0 0 16
2025-06-26 20:24:18.059,0x280,DATA:41 0 0 0 0 0 0 0
2025-06-26 20:24:18.070,0x288,DATA:81 195 48 0 0 94 207 0
2025-06-26 20:24:18.070,0x380,DATA:0 135 0 0 128 0 0 16
2025-06-26 20:24:18.077,0x280,DATA:41 0 0 0 0 0 0 0
2025-06-26 20:24:18.078,0x288,DATA:81 195 48 0 0 94 207 0
2025-06-26 20:24:18.085,0x380,DATA:0 135 0 0 128 0 0 16
2025-06-26 20:24:18.093,0x280,DATA:41 0 0 0 0 0 0 0
2025-06-26 20:24:18.093,0x288,DATA:81 195 48 0 0 94 207 0
2025-06-26 20:24:18.093,0x380,DATA:0 135 0 0 128 0 0 16
2025-06-26 20:24:18.102,0x488,DATA:29 19 92 116 166 0 0 128
2025-06-26 20:24:18.110,0x320,DATA:68 3 135 0 0 0 0 0
2025-06-26 20:24:18.110,0x280,DATA:41 0 0 0 0 0 0 0
2025-06-26 20:24:18.115,0x280,DATA:41 0 0 0 0 0 0 0
2025-06-26 20:24:18.118,0x288,DATA:143 195 48 0 0 94 207 0
2025-06-26 20:24:18.118,0x380,DATA:0 135 0 0 128 0 0 16
2025-06-26 20:24:18.126,0x280,DATA:41 0 0 0 0 0 0 0
2025-06-26 20:24:18.128,0x288,DATA:143 195 48 0 0 94 207 0
2025-06-26 20:24:18.128,0x380,DATA:0 135 0 0 128 0 0 16
2025-06-26 20:24:18.137,0x280,DATA:41 0 0 0 0 0 0 0
2025-06-26 20:24:18.143,0x288,DATA:213 195 48 0 0 94 207 0
2025-06-26 20:24:18.148,0x380,DATA:0 135 0 0 128 0 0 16
2025-06-26 20:24:18.152,0x488,DATA:77 19 92 116 166 0 0 208
2025-06-26 20:24:18.152,0x280,DATA:41 0 0 0 0 0 0 0
2025-06-26 20:24:18.160,0x288,DATA:213 195 48 0 0 94 207 0
2025-06-26 20:24:18.160,0x380,DATA:0 135 0 0 128 0 0 16
2025-06-26 20:24:18.171,0x320,DATA:68 3 135 0 0 0 0 0
2025-06-26 20:24:18.171,0x420,DATA:3 0 0 0 195 0 128 0
2025-06-26 20:24:18.176,0x280,DATA:41 0 0 0 0 0 0 0
2025-06-26 20:24:18.181,0x288,DATA:17 195 48 0 0 94 207 0
2025-06-26 20:24:18.181,0x380,DATA:0 135 0 0 128 0 0 16
2025-06-26 20:24:18.186,0x488,DATA:141 19 92 116 166 0 0 16
2025-06-26 20:24:18.192,0x280,DATA:41 0 0 0 0 0 0 0
2025-06-26 20:24:18.192,0x288,DATA:17 195 48 0 0 94 207 0
2025-06-26 20:24:18.192,0x280,DATA:41 0 0 0 0 0 0 0
2025-06-26 20:24:18.201,0x288,DATA:17 195 48 0 0 94 207 0
2025-06-26 20:24:18.201,0x380,DATA:0 135 0 0 128 0 0 16
2025-06-26 20:24:18.208,0x280,DATA:41 0 0 0 0 0 0 0
2025-06-26 20:24:18.208,0x288,DATA:17 195 48 0 0 94 207 0
2025-06-26 20:24:18.221,0x380,DATA:0 135 0 0 128 0 0 16
2025-06-26 20:24:18.225,0x480,DATA:148 12 0 0 0 64 1 217
2025-06-26 20:24:18.225,0x320,DATA:68 3 135 0 0 0 0 0
2025-06-26 20:24:18.227,0x280,DATA:41 0 0 0 0 0 0 0
2025-06-26 20:24:18.227,0x280,DATA:41 0 0 0 0 0 0 0
2025-06-26 20:24:18.236,0x288,DATA:81 195 48 0 0 94 207 0
2025-06-26 20:24:18.242,0x380,DATA:0 135 0 0 128 0 0 16
2025-06-26 20:24:18.242,0x488,DATA:237 19 92 116 166 0 0 112
2025-06-26 20:24:18.242,0x280,DATA:41 0 0 0 0 0 0 0
2025-06-26 20:24:18.249,0x288,DATA:81 195 48 0 0 94 207 0
2025-06-26 20:24:18.260,0x280,DATA:41 0 0 0 0 0 0 0
2025-06-26 20:24:18.262,0x288,DATA:143 195 48 0 0 94 207 0
2025-06-26 20:24:18.262,0x380,DATA:0 135 0 0 128 0 0 16
2025-06-26 20:24:18.271,0x280,DATA:41 0 0 0 0 0 0 0
2025-06-26 20:24:18.274,0x288,DATA:143 195 48 0 0 94 207 0
2025-06-26 20:24:18.277,0x380,DATA:0 135 0 0 128 0 0 16
2025-06-26 20:24:18.282,0x288,DATA:143 195 48 0 0 94 207 0
2025-06-26 20:24:18.282,0x488,DATA:45 19 92 116 166 0 0 176
2025-06-26 20:24:18.282,0x320,DATA:68 3 135 0 0 0 0 0
2025-06-26 20:24:18.293,0x280,DATA:41 0 0 0 0 0 0 0
2025-06-26 20:24:18.298,0x280,DATA:41 0 0 0 0 0 0 0
2025-06-26 20:24:18.298,0x288,DATA:213 195 48 0 0 94 207 0
2025-06-26 20:24:18.298,0x280,DATA:41 0 0 0 0 0 0 0
2025-06-26 20:24:18.307,0x288,DATA:213 195 48 0 0 94 207 0
2025-06-26 20:24:18.315,0x380,DATA:0 135 0 0 128 0 0 16
2025-06-26 20:24:18.315,0x280,DATA:41 0 0 0 0 0 0 0
2025-06-26 20:24:18.316,0x288,DATA:213 195 48 0 0 94 207 0
2025-06-26 20:24:18.323,0x380,DATA:0 135 0 0 128 0 0 16
2025-06-26 20:24:18.331,0x488,DATA:109 19 92 116 166 0 0 240
2025-06-26 20:24:18.333,0x288,DATA:213 195 48 0 0 94 207 0
2025-06-26 20:24:18.339,0x488,DATA:157 19 92 116 166 0 0 0
2025-06-26 20:24:18.339,0x280,DATA:41 0 0 0 0 0 0 0
2025-06-26 20:24:18.347,0x320,DATA:68 3 135 0 0 0 0 0
2025-06-26 20:24:18.347,0x280,DATA:41 0 0 0 0 0 0 0
2025-06-26 20:24:18.347,0x280,DATA:41 0 0 0 0 0 0 0
2025-06-26 20:24:18.356,0x288,DATA:17 195 48 0 0 94 207 0
2025-06-26 20:24:18.356,0x380,DATA:0 135 0 0 128 0 0 16
2025-06-26 20:24:18.364,0x280,DATA:41 0 0 0 0 0 0 0
2025-06-26 20:24:18.364,0x288,DATA:17 195 48 0 0 94 207 0
2025-06-26 20:24:18.372,0x380,DATA:0 135 0 0 128 0 0 16
2025-06-26 20:24:18.380,0x488,DATA:221 19 92 116 166 0 0 64
2025-06-26 20:24:18.382,0x280,DATA:41 0 0 0 0 0 0 0
2025-06-26 20:24:18.382,0x288,DATA:81 195 48 0 0 94 207 0
2025-06-26 20:24:18.389,0x380,DATA:0 135 0 0 128 0 0 16
2025-06-26 20:24:18.389,0x488,DATA:253 19 92 116 166 0 0 96
2025-06-26 20:24:18.398,0x280,DATA:41 0 0 0 0 0 0 0
2025-06-26 20:24:18.398,0x280,DATA:41 0 0 0 0 0 0 0
2025-06-26 20:24:18.398,0x288,DATA:81 195 48 0 0 94 207 0
2025-06-26 20:24:18.406,0x380,DATA:0 135 0 0 128 0 0 16
2025-06-26 20:24:18.414,0x488,DATA:29 19 92 116 166 0 0 128
2025-06-26 20:24:18.414,0x280,DATA:41 0 0 0 0 0 0 0
2025-06-26 20:24:18.422,0x288,DATA:143 195 48 0 0 94 207 0
2025-06-26 20:24:18.422,0x280,DATA:41 0 0 0 0 0 0 0
2025-06-26 20:24:18.431,0x288,DATA:143 195 48 0 0 94 207 0
2025-06-26 20:24:18.437,0x380,DATA:0 135 0 0 128 0 0 16
2025-06-26 20:24:18.437,0x280,DATA:41 0 0 0 0 0 0 0
2025-06-26 20:24:18.439,0x288,DATA:143 195 48 0 0 94 207 0
2025-06-26 20:24:18.447,0x380,DATA:0 135 0 0 128 0 0 16
2025-06-26 20:24:18.447,0x488,DATA:45 19 92 116 166 0 0 176
2025-06-26 20:24:18.447,0x288,DATA:143 195 48 0 0 94 207 0
2025-06-26 20:24:18.455,0x488,DATA:93 19 92 116 166 0 0 192
2025-06-26 20:24:18.455,0x520,DATA:65 66 1 150 124 18 163 1
2025-06-26 20:24:18.464,0x470,DATA:0 0 0 0 2
2025-06-26 20:24:18.472,0x5D0,DATA:128 2 65 32 0 0
2025-06-26 20:24:18.472,0x280,DATA:41 0 0 0 0 0 0 0
2025-06-26 20:24:18.480,0x288,DATA:213 195 48 0 0 94 207 0
2025-06-26 20:24:18.485,0x380,DATA:0 135 0 0 128 0 0 16
2025-06-26 20:24:18.485,0x280,DATA:41 0 0 0 0 0 0 0
2025-06-26 20:24:18.489,0x288,DATA:213 195 48 0 0 94 207 0
2025-06-26 20:24:18.498,0x380,DATA:0 135 0 0 128 0 0 16
2025-06-26 20:24:18.498,0x488,DATA:157 19 92 116 166 0 0 0
2025-06-26 20:24:18.498,0x280,DATA:41 0 0 0 0 0 0 0
2025-06-26 20:24:18.506,0x288,DATA:17 195 48 0 0 94 207 0
2025-06-26 20:24:18.506,0x380,DATA:0 135 0 0 128 0 0 16
2025-06-26 20:24:18.514,0x280,DATA:41 0 0 0 0 0 0 0
2025-06-26 20:24:18.514,0x380,DATA:0 135 0 0 128 0 0 16
2025-06-26 20:24:18.522,0x320,DATA:68 3 135 0 0 0 0 0
2025-06-26 20:24:18.522,0x280,DATA:41 0 0 0 0 0 0 0
2025-06-26 20:24:18.531,0x288,DATA:17 195 48 0 0 94 207 0
2025-06-26 20:24:18.533,0x280,DATA:41 0 0 0 0 0 0 0
2025-06-26 20:24:18.533,0x288,DATA:81 195 48 0 0 94 207 0
2025-06-26 20:24:18.539,0x380,DATA:0 135 0 0 128 0 0 16
2025-06-26 20:24:18.547,0x488,DATA:205 19 92 116 166 0 0 80
2025-06-26 20:24:18.547,0x280,DATA:41 0 0 0 0 0 0 0
2025-06-26 20:24:18.547,0x288,DATA:81 195 48 0 0 94 207 0
2025-06-26 20:24:18.557,0x380,DATA:0 135 0 0 128 0 0 16
2025-06-26 20:24:18.557,0x280,DATA:41 0 0 0 0 0 0 0
2025-06-26 20:24:18.563,0x288,DATA:81 195 48 0 0 94 207 0
2025-06-26 20:24:18.563,0x280,DATA:41 0 0 0 0 0 0 0
2025-06-26 20:24:18.574,0x288,DATA:81 195 48 0 0 94 207 0
2025-06-26 20:24:18.580,0x380,DATA:0 135 0 0 128 0 0 16
2025-06-26 20:24:18.582,0x488,DATA:13 19 92 116 166 0 0 144
2025-06-26 20:24:18.588,0x320,DATA:68 3 135 0 0 0 0 0
2025-06-26 20:24:18.588,0x280,DATA:41 0 0 0 0 0 0 0
2025-06-26 20:24:18.598,0x280,DATA:41 0 0 0 0 0 0 0
2025-06-26 20:24:18.598,0x288,DATA:143 195 48 0 0 94 207 0
2025-06-26 20:24:18.605,0x380,DATA:0 135 0 0 128 0 0 16
2025-06-26 20:24:18.605,0x280,DATA:41 0 0 0 0 0 0 0
2025-06-26 20:24:18.605,0x288,DATA:143 195 48 0 0 94 207 0
2025-06-26 20:24:18.613,0x380,DATA:0 135 0 0 128 0 0 16
2025-06-26 20:24:18.621,0x280,DATA:41 0 0 0 0 0 0 0
2025-06-26 20:24:18.621,0x288,DATA:213 195 48 0 0 94 207 0
2025-06-26 20:24:18.629,0x380,DATA:0 135 0 0 128 0 0 16
2025-06-26 20:24:18.632,0x280,DATA:41 0 0 0 0 0 0 0
2025-06-26 20:24:18.638,0x288,DATA:213 195 48 0 0 94 207 0
2025-06-26 20:24:18.638,0x380,DATA:0 135 0 0 128 0 0 16
2025-06-26 20:24:18.638,0x280,DATA:41 0 0 0 0 0 0 0
2025-06-26 20:24:18.646,0x380,DATA:0 135 0 0 128 0 0 16
2025-06-26 20:24:18.646,0x480,DATA:192 12 0 0 0 64 1 141
2025-06-26 20:24:18.654,0x280,DATA:41 0 0 0 0 0 0 0
2025-06-26 20:24:18.654,0x288,DATA:17 195 48 0 0 94 207 0
2025-06-26 20:24:18.662,0x380,DATA:0 135 0 0 128 0 0 16
2025-06-26 20:24:18.670,0x280,DATA:41 0 0 0 0 0 0 0
2025-06-26 20:24:18.670,0x288,DATA:17 195 48 0 0 94 207 0
2025-06-26 20:24:18.670,0x380,DATA:0 135 0 0 128 0 0 16
2025-06-26 20:24:18.680,0x280,DATA:41 0 0 0 0 0 0 0
2025-06-26 20:24:18.680,0x288,DATA:17 195 48 0 0 94 207 0
2025-06-26 20:24:18.687,0x380,DATA:0 135 0 0 128 0 0 16
2025-06-26 20:24:18.692,0x280,DATA:41 0 0 0 0 0 0 0
2025-06-26 20:24:18.692,0x288,DATA:17 195 48 0 0 94 207 0
2025-06-26 20:24:18.697,0x380,DATA:0 135 0 0 128 0 0 16
2025-06-26 20:24:18.704,0x280,DATA:41 0 0 0 0 0 0 0
2025-06-26 20:24:18.704,0x288,DATA:81 195 48 0 0 94 207 0
2025-06-26 20:24:18.712,0x380,DATA:0 135 0 0 128 0 0 16
2025-06-26 20:24:18.712,0x470,DATA:0 0 0 0 2
2025-06-26 20:24:18.720,0x280,DATA:41 0 0 0 0 0 0 0
2025-06-26 20:24:18.720,0x288,DATA:81 195 48 0 0 94 207 0
2025-06-26 20:24:18.723,0x280,DATA:41 0 0 0 0 0 0 0
2025-06-26 20:24:18.731,0x288,DATA:81 195 48 0 0 94 207 0
2025-06-26 20:24:18.731,0x280,DATA:41 0 0 0 0 0 0 0
2025-06-26 20:24:18.737,0x288,DATA:143 195 48 0 0 94 207 0
2025-06-26 20:24:18.737,0x380,DATA:0 135 0 0 128 0 0 16
2025-06-26 20:24:18.737,0x280,DATA:41 0 0 0 0 0 0 0
2025-06-26 20:24:18.745,0x288,DATA:143 195 48 0 0 94 207 0
2025-06-26 20:24:18.754,0x380,DATA:0 135 0 0 128 0 0 16
2025-06-26 20:24:18.754,0x280,DATA:41 0 0 0 0 0 0 0
2025-06-26 20:24:18.754,0x288,DATA:143 195 48 0 0 94 207 0
2025-06-26 20:24:18.770,0x380,DATA:0 135 0 0 128 0 0 16
2025-06-26 20:24:18.770,0x488,DATA:45 19 92 116 166 0 0 176
2025-06-26 20:24:18.773,0x280,DATA:41 0 0 0 0 0 0 0
2025-06-26 20:24:18.780,0x288,DATA:213 195 48 0 0 94 207 0
2025-06-26 20:24:18.787,0x280,DATA:41 0 0 0 0 0 0 0
2025-06-26 20:24:18.787,0x288,DATA:213 195 48 0 0 94 207 0
2025-06-26 20:24:18.787,0x380,DATA:0 135 0 0 128 0 0 16
2025-06-26 20:24:18.798,0x280,DATA:41 0 0 0 0 0 0 0
2025-06-26 20:24:18.804,0x288,DATA:213 195 48 0 0 94 207 0
2025-06-26 20:24:18.804,0x380,DATA:0 135 0 0 128 0 0 16
2025-06-26 20:24:18.804,0x488,DATA:109 19 92 116 166 0 0 240
2025-06-26 20:24:18.815,0x280,DATA:41 0 0 0 0 0 0 0
2025-06-26 20:24:18.815,0x288,DATA:213 195 48 0 0 94 207 0
2025-06-26 20:24:18.820,0x380,DATA:0 135 0 0 128 0 0 16
2025-06-26 20:24:18.820,0x280,DATA:41 0 0 0 0 0 0 0
2025-06-26 20:24:18.830,0x288,DATA:17 195 48 0 0 94 207 0
2025-06-26 20:24:18.830,0x280,DATA:41 0 0 0 0 0 0 0
2025-06-26 20:24:18.837,0x380,DATA:0 135 0 0 128 0 0 16
2025-06-26 20:24:18.837,0x280,DATA:41 0 0 0 0 0 0 0
2025-06-26 20:24:18.837,0x280,DATA:41 0 0 0 0 0 0 0
2025-06-26 20:24:18.848,0x288,DATA:17 195 48 0 0 94 207 0
2025-06-26 20:24:18.854,0x380,DATA:0 135 0 0 128 0 0 16
2025-06-26 20:24:18.854,0x280,DATA:41 0 0 0 0 0 0 0
2025-06-26 20:24:18.859,0x288,DATA:81 195 48 0 0 94 207 0
2025-06-26 20:24:18.862,0x380,DATA:0 135 0 0 128 0 0 16
2025-06-26 20:24:18.862,0x488,DATA:205 19 92 116 166 0 0 80
2025-06-26 20:24:18.871,0x280,DATA:41 0 0 0 0 0 0 0
2025-06-26 20:24:18.871,0x288,DATA:81 195 48 0 0 94 207 0
2025-06-26 20:24:18.879,0x280,DATA:41 0 0 0 0 0 0 0
2025-06-26 20:24:18.887,0x288,DATA:81 195 48 0 0 94 207 0
2025-06-26 20:24:18.887,0x380,DATA:0 135 0 0 128 0 0 16
2025-06-26 20:24:18.889,0x588,DATA:234 64 116 0 0 3 0 0
2025-06-26 20:24:18.898,0x280,DATA:41 0 0 0 0 0 0 0
2025-06-26 20:24:18.898,0x288,DATA:143 195 48 0 0 94 207 0
2025-06-26 20:24:18.904,0x280,DATA:41 0 0 0 0 0 0 0
2025-06-26 20:24:18.909,0x288,DATA:143 195 48 0 0 94 207 0
2025-06-26 20:24:18.909,0x380,DATA:0 135 0 0 128 0 0 16
2025-06-26 20:24:18.914,0x488,DATA:61 19 92 116 166 0 0 160
2025-06-26 20:24:18.920,0x280,DATA:41 0 0 0 0 0 0 0
2025-06-26 20:24:18.920,0x288,DATA:143 195 48 0 0 94 207 0
2025-06-26 20:24:18.920,0x280,DATA:41 0 0 0 0 0 0 0
2025-06-26 20:24:18.929,0x288,DATA:143 195 48 0 0 94 207 0
2025-06-26 20:24:18.937,0x380,DATA:0 135 0 0 128 0 0 16
2025-06-26 20:24:18.937,0x280,DATA:41 0 0 0 0 0 0 0
2025-06-26 20:24:18.939,0x288,DATA:213 195 48 0 0 94 207 0
2025-06-26 20:24:18.945,0x380,DATA:0 135 0 0 128 0 0 16
2025-06-26 20:24:18.954,0x488,DATA:77 19 92 116 166 0 0 208
2025-06-26 20:24:18.954,0x380,DATA:0 135 0 0 128 0 0 16
2025-06-26 20:24:18.954,0x588,DATA:234 64 116 0 0 3 0 0
2025-06-26 20:24:18.954,0x280,DATA:41 0 0 0 0 0 0 0
2025-06-26 20:24:18.965,0x420,DATA:3 0 0 0 195 0 128 0
2025-06-26 20:24:18.971,0x570,DATA:3 0 0 0
2025-06-26 20:24:18.976,0x280,DATA:41 0 0 0 0 0 0 0
2025-06-26 20:24:18.978,0x288,DATA:17 195 48 0 0 94 207 0
2025-06-26 20:24:18.982,0x380,DATA:0 135 0 0 128 0 0 16
2025-06-26 20:24:18.986,0x488,DATA:141 19 92 116 166 0 0 16
2025-06-26 20:24:18.986,0x280,DATA:41 0 0 0 0 0 0 0
2025-06-26 20:24:18.994,0x288,DATA:17 195 48 0 0 94 207 0
2025-06-26 20:24:18.994,0x380,DATA:0 135 0 0 128 0 0 16
2025-06-26 20:24:19.003,0x280,DATA:41 0 0 0 0 0 0 0
2025-06-26 20:24:19.009,0x288,DATA:17 195 48 0 0 94 207 0
2025-06-26 20:24:19.009,0x380,DATA:0 135 0 0 128 0 0 16
2025-06-26 20:24:19.014,0x280,DATA:41 0 0 0 0 0 0 0
2025-06-26 20:24:19.019,0x288,DATA:17 195 48 0 0 94 207 0
2025-06-26 20:24:19.019,0x320,DATA:68 3 136 0 0 0 0 0
2025-06-26 20:24:19.019,0x280,DATA:41 0 0 0 0 0 0 0
2025-06-26 20:24:19.029,0x288,DATA:81 195 48 0 0 94 207 0
2025-06-26 20:24:19.029,0x280,DATA:41 0 0 0 0 0 0 0
2025-06-26 20:24:19.035,0x288,DATA:81 195 48 0 0 94 207 0
2025-06-26 20:24:19.043,0x280,DATA:41 0 0 0 0 0 0 0
2025-06-26 20:24:19.043,0x288,DATA:81 195 48 0 0 94 207 0
2025-06-26 20:24:19.043,0x380,DATA:0 135 0 0 128 0 0 16
2025-06-26 20:24:19.052,0x488,DATA:29 19 92 116 166 0 0 128
2025-06-26 20:24:19.060,0x280,DATA:41 0 0 0 0 0 0 0
2025-06-26 20:24:19.060,0x288,DATA:143 195 48 0 0 94 207 0
2025-06-26 20:24:19.065,0x380,DATA:0 135 0 0 128 0 0 16
2025-06-26 20:24:19.069,0x280,DATA:41 0 0 0 0 0 0 0
2025-06-26 20:24:19.069,0x288,DATA:143 195 48 0 0 94 207 0
2025-06-26 20:24:19.077,0x488,DATA:61 19 92 116 166 0 0 160
2025-06-26 20:24:19.079,0x320,DATA:68 3 136 0 0 0 0 0
2025-06-26 20:24:19.079,0x280,DATA:41 0 0 0 0 0 0 0
2025-06-26 20:24:19.093,0x280,DATA:41 0 0 0 0 0 0 0
2025-06-26 20:24:19.093,0x288,DATA:213 195 48 0 0 94 207 0
2025-06-26 20:24:19.093,0x380,DATA:0 135 0 0 128 0 0 16
2025-06-26 20:24:19.102,0x488,DATA:77 19 92 116 166 0 0 208
2025-06-26 20:24:19.110,0x280,DATA:41 0 0 0 0 0 0 0
2025-06-26 20:24:19.115,0x288,DATA:213 195 48 0 0 94 207 0
2025-06-26 20:24:19.115,0x380,DATA:0 135 0 0 128 0 0 16
2025-06-26 20:24:19.121,0x280,DATA:41 0 0 0 0 0 0 0
2025-06-26 20:24:19.123,0x288,DATA:213 195 48 0 0 94 207 0
2025-06-26 20:24:19.127,0x380,DATA:0 135 0 0 128 0 0 16
2025-06-26 20:24:19.127,0x280,DATA:41 0 0 0 0 0 0 0
2025-06-26 20:24:19.137,0x288,DATA:213 195 48 0 0 94 207 0
2025-06-26 20:24:19.143,0x380,DATA:0 135 0 0 128 0 0 16
2025-06-26 20:24:19.144,0x320,DATA:68 3 136 0 0 0 0 0
2025-06-26 20:24:19.149,0x280,DATA:41 0 0 0 0 0 0 0
2025-06-26 20:24:19.151,0x288,DATA:17 195 48 0 0 94 207 0
2025-06-26 20:24:19.151,0x280,DATA:41 0 0 0 0 0 0 0
2025-06-26 20:24:19.159,0x288,DATA:17 195 48 0 0 94 207 0
2025-06-26 20:24:19.165,0x380,DATA:0 135 0 0 128 0 0 16
2025-06-26 20:24:19.165,0x280,DATA:41 0 0 0 0 0 0 0
2025-06-26 20:24:19.167,0x288,DATA:17 195 48 0 0 94 207 0
2025-06-26 20:24:19.176,0x380,DATA:0 135 0 0 128 0 0 16
2025-06-26 20:24:19.176,0x280,DATA:41 0 0 0 0 0 0 0
2025-06-26 20:24:19.176,0x288,DATA:81 195 48 0 0 94 207 0
2025-06-26 20:24:19.186,0x380,DATA:0 135 0 0 128 0 0 16
2025-06-26 20:24:19.193,0x280,DATA:41 0 0 0 0 0 0 0
2025-06-26 20:24:19.193,0x288,DATA:81 195 48 0 0 94 207 0
2025-06-26 20:24:19.193,0x380,DATA:0 135 0 0 128 0 0 16
2025-06-26 20:24:19.200,0x480,DATA:148 12 0 0 0 64 1 217
2025-06-26 20:24:19.200,0x320,DATA:68 3 136 0 0 0 0 0
2025-06-26 20:24:19.209,0x280,DATA:41 0 0 0 0 0 0 0
2025-06-26 20:24:19.209,0x280,DATA:41 0 0 0 0 0 0 0
2025-06-26 20:24:19.209,0x288,DATA:143 195 48 0 0 94 207 0
2025-06-26 20:24:19.216,0x380,DATA:0 135 0 0 128 0 0 16
2025-06-26 20:24:19.225,0x280,DATA:41 0 0 0 0 0 0 0
2025-06-26 20:24:19.225,0x288,DATA:143 195 48 0 0 94 207 0
2025-06-26 20:24:19.235,0x380,DATA:0 135 0 0 128 0 0 16
2025-06-26 20:24:19.235,0x280,DATA:41 0 0 0 0 0 0 0
2025-06-26 20:24:19.242,0x288,DATA:143 195 48 0 0 94 207 0
2025-06-26 20:24:19.242,0x380,DATA:0 135 0 0 128 0 0 16
2025-06-26 20:24:19.249,0x280,DATA:41 0 0 0 0 0 0 0
2025-06-26 20:24:19.251,0x288,DATA:143 195 48 0 0 94 207 0
2025-06-26 20:24:19.259,0x280,DATA:41 0 0 0 0 0 0 0
2025-06-26 20:24:19.259,0x288,DATA:213 195 48 0 0 94 207 0
2025-06-26 20:24:19.266,0x380,DATA:0 135 0 0 128 0 0 16
2025-06-26 20:24:19.270,0x488,DATA:77 19 92 116 166 0 0 208
2025-06-26 20:24:19.272,0x280,DATA:41 0 0 0 0 0 0 0
2025-06-26 20:24:19.276,0x288,DATA:213 195 48 0 0 94 207 0
2025-06-26 20:24:19.282,0x380,DATA:0 135 0 0 128 0 0 16
2025-06-26 20:24:19.282,0x280,DATA:41 0 0 0 0 0 0 0
2025-06-26 20:24:19.291,0x288,DATA:213 195 48 0 0 94 207 0
2025-06-26 20:24:19.291,0x380,DATA:0 135 0 0 128 0 0 16
2025-06-26 20:24:19.298,0x280,DATA:41 0 0 0 0 0 0 0
2025-06-26 20:24:19.298,0x288,DATA:17 195 48 0 0 94 207 0
2025-06-26 20:24:19.309,0x380,DATA:0 135 0 0 128 0 0 16
2025-06-26 20:24:19.309,0x280,DATA:41 0 0 0 0 0 0 0
2025-06-26 20:24:19.313,0x288,DATA:17 195 48 0 0 94 207 0
2025-06-26 20:24:19.317,0x380,DATA:0 135 0 0 128 0 0 16
2025-06-26 20:24:19.317,0x280,DATA:41 0 0 0 0 0 0 0
2025-06-26 20:24:19.326,0x288,DATA:17 195 48 0 0 94 207 0
2025-06-26 20:24:19.328,0x380,DATA:0 135 0 0 128 0 0 16
2025-06-26 20:24:19.328,0x588,DATA:234 64 116 0 0 3 0 0
2025-06-26 20:24:19.335,0x280,DATA:41 0 0 0 0 0 0 0
2025-06-26 20:24:19.343,0x288,DATA:81 195 48 0 0 94 207 0
2025-06-26 20:24:19.343,0x280,DATA:41 0 0 0 0 0 0 0
2025-06-26 20:24:19.343,0x288,DATA:81 195 48 0 0 94 207 0
2025-06-26 20:24:19.351,0x280,DATA:41 0 0 0 0 0 0 0
2025-06-26 20:24:19.359,0x288,DATA:81 195 48 0 0 94 207 0
2025-06-26 20:24:19.359,0x380,DATA:0 135 0 0 128 0 0 16
2025-06-26 20:24:19.366,0x280,DATA:41 0 0 0 0 0 0 0
2025-06-26 20:24:19.366,0x288,DATA:81 195 48 0 0 94 207 0
2025-06-26 20:24:19.366,0x380,DATA:0 135 0 0 128 0 0 16
2025-06-26 20:24:19.377,0x488,DATA:29 19 92 116 166 0 0 128
2025-06-26 20:24:19.380,0x280,DATA:41 0 0 0 0 0 0 0
2025-06-26 20:24:19.383,0x288,DATA:143 195 48 0 0 94 207 0
2025-06-26 20:24:19.387,0x380,DATA:0 135 0 0 128 0 0 16
2025-06-26 20:24:19.390,0x280,DATA:41 0 0 0 0 0 0 0
2025-06-26 20:24:19.390,0x288,DATA:143 195 48 0 0 94 207 0
2025-06-26 20:24:19.404,0x280,DATA:41 0 0 0 0 0 0 0
2025-06-26 20:24:19.404,0x288,DATA:143 195 48 0 0 94 207 0
2025-06-26 20:24:19.409,0x380,DATA:0 135 0 0 128 0 0 16
2025-06-26 20:24:19.415,0x280,DATA:41 0 0 0 0 0 0 0
2025-06-26 20:24:19.415,0x288,DATA:213 195 48 0 0 94 207 0
2025-06-26 20:24:19.415,0x380,DATA:0 135 0 0 128 0 0 16
2025-06-26 20:24:19.424,0x488,DATA:77 19 92 116 166 0 0 208
2025-06-26 20:24:19.424,0x280,DATA:41 0 0 0 0 0 0 0
2025-06-26 20:24:19.432,0x288,DATA:213 195 48 0 0 94 207 0
2025-06-26 20:24:19.436,0x380,DATA:0 135 0 0 128 0 0 16
2025-06-26 20:24:19.438,0x280,DATA:41 0 0 0 0 0 0 0
2025-06-26 20:24:19.443,0x288,DATA:213 195 48 0 0 94 207 0
2025-06-26 20:24:19.449,0x380,DATA:0 135 0 0 128 0 0 16
2025-06-26 20:24:19.449,0x588,DATA:234 64 116 0 0 3 0 0
2025-06-26 20:24:19.457,0x520,DATA:255 143 1 150 124 18 163 1
2025-06-26 20:24:19.457,0x280,DATA:41 0 0 0 0 0 0 0
2025-06-26 20:24:19.465,0x5D8,DATA:1 4 0 0 0 0 0 0
2025-06-26 20:24:19.469,0x280,DATA:41 0 0 0 0 0 0 0
2025-06-26 20:24:19.469,0x288,DATA:17 195 48 0 0 94 207 0
2025-06-26 20:24:19.474,0x280,DATA:41 0 0 0 0 0 0 0
2025-06-26 20:24:19.481,0x288,DATA:17 195 48 0 0 94 207 0
2025-06-26 20:24:19.481,0x380,DATA:0 135 0 0 128 0 0 16
2025-06-26 20:24:19.484,0x280,DATA:41 0 0 0 0 0 0 0
2025-06-26 20:24:19.493,0x288,DATA:17 195 48 0 0 94 207 0
2025-06-26 20:24:19.498,0x380,DATA:0 135 0 0 128 0 0 16
2025-06-26 20:24:19.498,0x280,DATA:41 0 0 0 0 0 0 0
2025-06-26 20:24:19.498,0x288,DATA:81 195 48 0 0 94 207 0
2025-06-26 20:24:19.508,0x380,DATA:0 135 0 0 128 0 0 16
2025-06-26 20:24:19.508,0x380,DATA:0 135 0 0 128 0 0 16
2025-06-26 20:24:19.514,0x588,DATA:234 64 116 0 0 3 0 0
2025-06-26 20:24:19.514,0x470,DATA:0 0 0 0 2
2025-06-26 20:24:19.514,0x320,DATA:68 3 136 0 0 0 0 0
2025-06-26 20:24:19.523,0x280,DATA:41 0 0 0 0 0 0 0
2025-06-26 20:24:19.523,0x288,DATA:81 195 48 0 0 94 207 0
2025-06-26 20:24:19.531,0x280,DATA:41 0 0 0 0 0 0 0
2025-06-26 20:24:19.537,0x288,DATA:143 195 48 0 0 94 207 0
2025-06-26 20:24:19.547,0x380,DATA:0 135 0 0 128 0 0 16
2025-06-26 20:24:19.547,0x280,DATA:41 0 0 0 0 0 0 0
2025-06-26 20:24:19.547,0x288,DATA:143 195 48 0 0 94 207 0
2025-06-26 20:24:19.558,0x380,DATA:0 135 0 0 128 0 0 16
2025-06-26 20:24:19.558,0x280,DATA:41 0 0 0 0 0 0 0
2025-06-26 20:24:19.564,0x288,DATA:143 195 48 0 0 94 207 0
2025-06-26 20:24:19.564,0x280,DATA:41 0 0 0 0 0 0 0
2025-06-26 20:24:19.573,0x288,DATA:143 195 48 0 0 94 207 0
2025-06-26 20:24:19.573,0x380,DATA:0 135 0 0 128 0 0 16
2025-06-26 20:24:19.581,0x320,DATA:68 3 136 0 0 0 0 0
2025-06-26 20:24:19.583,0x280,DATA:41 0 0 0 0 0 0 0
2025-06-26 20:24:19.583,0x288,DATA:213 195 48 0 0 94 207 0
2025-06-26 20:24:19.593,0x380,DATA:0 135 0 0 128 0 0 16
2025-06-26 20:24:19.597,0x280,DATA:41 0 0 0 0 0 0 0
2025-06-26 20:24:19.597,0x288,DATA:213 195 48 0 0 94 207 0
2025-06-26 20:24:19.606,0x380,DATA:0 135 0 0 128 0 0 16
2025-06-26 20:24:19.606,0x280,DATA:41 0 0 0 0 0 0 0
2025-06-26 20:24:19.615,0x288,DATA:213 195 48 0 0 94 207 0
2025-06-26 20:24:19.621,0x280,DATA:41 0 0 0 0 0 0 0
2025-06-26 20:24:19.623,0x288,DATA:17 195 48 0 0 94 207 0
2025-06-26 20:24:19.623,0x380,DATA:0 135 0 0 128 0 0 16
2025-06-26 20:24:19.631,0x280,DATA:41 0 0 0 0 0 0 0
2025-06-26 20:24:19.631,0x288,DATA:17 195 48 0 0 94 207 0
2025-06-26 20:24:19.639,0x380,DATA:0 135 0 0 128 0 0 16
2025-06-26 20:24:19.639,0x488,DATA:189 19 92 116 166 0 0 32
2025-06-26 20:24:19.648,0x488,DATA:173 19 92 116 166 0 0 48
2025-06-26 20:24:19.648,0x320,DATA:68 3 136 0 0 0 0 0
2025-06-26 20:24:19.648,0x280,DATA:41 0 0 0 0 0 0 0
2025-06-26 20:24:19.655,0x280,DATA:41 0 0 0 0 0 0 0
2025-06-26 20:24:19.665,0x288,DATA:81 195 48 0 0 94 207 0
2025-06-26 20:24:19.665,0x280,DATA:41 0 0 0 0 0 0 0
2025-06-26 20:24:19.669,0x288,DATA:81 195 48 0 0 94 207 0
2025-06-26 20:24:19.677,0x380,DATA:0 135 0 0 128 0 0 16
2025-06-26 20:24:19.677,0x280,DATA:41 0 0 0 0 0 0 0
2025-06-26 20:24:19.682,0x288,DATA:81 195 48 0 0 94 207 0
2025-06-26 20:24:19.682,0x380,DATA:0 135 0 0 128 0 0 16
2025-06-26 20:24:19.688,0x488,DATA:237 19 92 116 166 0 0 112
2025-06-26 20:24:19.688,0x280,DATA:41 0 0 0 0 0 0 0
2025-06-26 20:24:19.697,0x288,DATA:81 195 48 0 0 94 207 0
2025-06-26 20:24:19.702,0x380,DATA:0 135 0 0 128 0 0 16
2025-06-26 20:24:19.704,0x280,DATA:41 0 0 0 0 0 0 0
2025-06-26 20:24:19.704,0x380,DATA:0 135 0 0 128 0 0 16
2025-06-26 20:24:19.715,0x470,DATA:0 0 0 0 2
2025-06-26 20:24:19.715,0x280,DATA:41 0 0 0 0 0 0 0
2025-06-26 20:24:19.721,0x288,DATA:143 195 48 0 0 94 207 0
2025-06-26 20:24:19.721,0x280,DATA:41 0 0 0 0 0 0 0
2025-06-26 20:24:19.729,0x288,DATA:143 195 48 0 0 94 207 0
2025-06-26 20:24:19.737,0x380,DATA:0 135 0 0 128 0 0 16
2025-06-26 20:24:19.737,0x488,DATA:93 19 92 116 166 0 0 192
2025-06-26 20:24:19.741,0x280,DATA:41 0 0 0 0 0 0 0
2025-06-26 20:24:19.745,0x288,DATA:213 195 48 0 0 94 207 0
2025-06-26 20:24:19.745,0x380,DATA:0 135 0 0 128 0 0 16
2025-06-26 20:24:19.754,0x280,DATA:41 0 0 0 0 0 0 0
2025-06-26 20:24:19.757,0x288,DATA:213 195 48 0 0 94 207 0
2025-06-26 20:24:19.762,0x280,DATA:41 0 0 0 0 0 0 0
2025-06-26 20:24:19.770,0x288,DATA:213 195 48 0 0 94 207 0
2025-06-26 20:24:19.770,0x380,DATA:0 135 0 0 128 0 0 16
2025-06-26 20:24:19.770,0x488,DATA:109 19 92 116 166 0 0 240
2025-06-26 20:24:19.778,0x280,DATA:41 0 0 0 0 0 0 0
2025-06-26 20:24:19.778,0x288,DATA:17 195 48 0 0 94 207 0
2025-06-26 20:24:19.786,0x380,DATA:0 135 0 0 128 0 0 16
2025-06-26 20:24:19.793,0x280,DATA:41 0 0 0 0 0 0 0
2025-06-26 20:24:19.793,0x288,DATA:17 195 48 0 0 94 207 0
2025-06-26 20:24:19.797,0x380,DATA:0 135 0 0 128 0 0 16
2025-06-26 20:24:19.802,0x280,DATA:41 0 0 0 0 0 0 0
2025-06-26 20:24:19.802,0x288,DATA:17 195 48 0 0 94 207 0
2025-06-26 20:24:19.810,0x280,DATA:41 0 0 0 0 0 0 0
2025-06-26 20:24:19.812,0x288,DATA:17 195 48 0 0 94 207 0
2025-06-26 20:24:19.821,0x380,DATA:0 135 0 0 128 0 0 16
2025-06-26 20:24:19.821,0x280,DATA:41 0 0 0 0 0 0 0
2025-06-26 20:24:19.826,0x288,DATA:81 195 48 0 0 94 207 0
2025-06-26 20:24:19.832,0x380,DATA:0 135 0 0 128 0 0 16
2025-06-26 20:24:19.833,0x280,DATA:41 0 0 0 0 0 0 0
2025-06-26 20:24:19.838,0x288,DATA:81 195 48 0 0 94 207 0
2025-06-26 20:24:19.843,0x380,DATA:0 135 0 0 128 0 0 16
2025-06-26 20:24:19.843,0x280,DATA:41 0 0 0 0 0 0 0
2025-06-26 20:24:19.849,0x288,DATA:81 195 48 0 0 94 207 0
2025-06-26 20:24:19.854,0x380,DATA:0 135 0 0 128 0 0 16
2025-06-26 20:24:19.859,0x280,DATA:41 0 0 0 0 0 0 0
2025-06-26 20:24:19.865,0x288,DATA:143 195 48 0 0 94 207 0
2025-06-26 20:24:19.866,0x380,DATA:0 135 0 0 128 0 0 16
2025-06-26 20:24:19.871,0x280,DATA:41 0 0 0 0 0 0 0
2025-06-26 20:24:19.875,0x288,DATA:143 195 48 0 0 94 207 0
2025-06-26 20:24:19.882,0x280,DATA:41 0 0 0 0 0 0 0
2025-06-26 20:24:19.882,0x288,DATA:143 195 48 0 0 94 207 0
2025-06-26 20:24:19.882,0x380,DATA:0 135 0 0 128 0 0 16
2025-06-26 20:24:19.889,0x480,DATA:192 12 0 0 0 64 1 141
2025-06-26 20:24:19.889,0x280,DATA:41 0 0 0 0 0 0 0
2025-06-26 20:24:19.899,0x288,DATA:213 195 48 0 0 94 207 0
2025-06-26 20:24:19.901,0x380,DATA:0 135 0 0 128 0 0 16
2025-06-26 20:24:19.901,0x280,DATA:41 0 0 0 0 0 0 0
2025-06-26 20:24:19.906,0x288,DATA:213 195 48 0 0 94 207 0
2025-06-26 20:24:19.915,0x380,DATA:0 135 0 0 128 0 0 16
2025-06-26 20:24:19.915,0x280,DATA:41 0 0 0 0 0 0 0
2025-06-26 20:24:19.915,0x288,DATA:213 195 48 0 0 94 207 0
2025-06-26 20:24:19.925,0x280,DATA:41 0 0 0 0 0 0 0
2025-06-26 20:24:19.933,0x288,DATA:213 195 48 0 0 94 207 0
2025-06-26 20:24:19.937,0x380,DATA:0 135 0 0 128 0 0 16
2025-06-26 20:24:19.938,0x488,DATA:157 19 92 116 166 0 0 0
2025-06-26 20:24:19.943,0x280,DATA:41 0 0 0 0 0 0 0
2025-06-26 20:24:19.949,0x288,DATA:17 195 48 0 0 94 207 0
2025-06-26 20:24:19.950,0x380,DATA:0 135 0 0 128 0 0 16
2025-06-26 20:24:19.954,0x280,DATA:41 0 0 0 0 0 0 0
2025-06-26 20:24:19.959,0x288,DATA:17 195 48 0 0 94 207 0
2025-06-26 20:24:19.960,0x380,DATA:0 135 0 0 128 0 0 16
2025-06-26 20:24:19.965,0x570,DATA:3 0 0 0
2025-06-26 20:24:19.966,0x5D8,DATA:1 4 0 0 0 0 0 0
2025-06-26 20:24:19.976,0x280,DATA:41 0 0 0 0 0 0 0
2025-06-26 20:24:19.977,0x280,DATA:41 0 0 0 0 0 0 0
2025-06-26 20:24:19.982,0x288,DATA:81 195 48 0 0 94 207 0
2025-06-26 20:24:19.982,0x280,DATA:41 0 0 0 0 0 0 0
2025-06-26 20:24:19.987,0x288,DATA:81 195 48 0 0 94 207 0
2025-06-26 20:24:19.992,0x380,DATA:0 135 0 0 128 0 0 16
2025-06-26 20:24:19.993,0x280,DATA:41 0 0 0 0 0 0 0
2025-06-26 20:24:19.993,0x288,DATA:81 195 48 0 0 94 207 0
2025-06-26 20:24:20.002,0x380,DATA:0 135 0 0 128 0 0 16
2025-06-26 20:24:20.010,0x488,DATA:237 19 92 116 166 0 0 112
2025-06-26 20:24:20.010,0x588,DATA:234 64 116 0 0 3 0 0
2025-06-26 20:24:20.015,0x470,DATA:0 0 0 0 2
2025-06-26 20:24:20.021,0x320,DATA:68 3 136 0 0 0 0 0
2025-06-26 20:24:20.027,0x280,DATA:41 0 0 0 0 0 0 0
2025-06-26 20:24:20.029,0x288,DATA:143 195 48 0 0 94 207 0
2025-06-26 20:24:20.029,0x280,DATA:41 0 0 0 0 0 0 0
2025-06-26 20:24:20.035,0x288,DATA:143 195 48 0 0 94 207 0
2025-06-26 20:24:20.042,0x380,DATA:0 135 0 0 128 0 0 16
2025-06-26 20:24:20.042,0x280,DATA:41 0 0 0 0 0 0 0
2025-06-26 20:24:20.042,0x288,DATA:143 195 48 0 0 94 207 0
2025-06-26 20:24:20.055,0x380,DATA:0 135 0 0 128 0 0 16
2025-06-26 20:24:20.055,0x280,DATA:41 0 0 0 0 0 0 0
2025-06-26 20:24:20.058,0x288,DATA:213 195 48 0 0 94 207 0
2025-06-26 20:24:20.062,0x380,DATA:0 135 0 0 128 0 0 16
2025-06-26 20:24:20.067,0x280,DATA:41 0 0 0 0 0 0 0
2025-06-26 20:24:20.074,0x288,DATA:213 195 48 0 0 94 207 0
2025-06-26 20:24:20.077,0x380,DATA:0 135 0 0 128 0 0 16
2025-06-26 20:24:20.082,0x320,DATA:68 3 136 0 0 0 0 0
2025-06-26 20:24:20.087,0x280,DATA:41 0 0 0 0 0 0 0
2025-06-26 20:24:20.087,0x288,DATA:213 195 48 0 0 94 207 0
2025-06-26 20:24:20.091,0x380,DATA:0 135 0 0 128 0 0 16
2025-06-26 20:24:20.091,0x280,DATA:41 0 0 0 0 0 0 0
2025-06-26 20:24:20.099,0x288,DATA:17 195 48 0 0 94 207 0
2025-06-26 20:24:20.099,0x380,DATA:0 135 0 0 128 0 0 16
2025-06-26 20:24:20.099,0x280,DATA:41 0 0 0 0 0 0 0
2025-06-26 20:24:20.115,0x288,DATA:17 195 48 0 0 94 207 0
2025-06-26 20:24:20.120,0x280,DATA:41 0 0 0 0 0 0 0
2025-06-26 20:24:20.123,0x288,DATA:17 195 48 0 0 94 207 0
2025-06-26 20:24:20.123,0x380,DATA:0 135 0 0 128 0 0 16
2025-06-26 20:24:20.131,0x280,DATA:41 0 0 0 0 0 0 0
2025-06-26 20:24:20.137,0x288,DATA:17 195 48 0 0 94 207 0
2025-06-26 20:24:20.137,0x488,DATA:221 19 92 116 166 0 0 64
2025-06-26 20:24:20.140,0x320,DATA:68 3 136 0 0 0 0 0
2025-06-26 20:24:20.148,0x280,DATA:41 0 0 0 0 0 0 0
2025-06-26 20:24:20.148,0x288,DATA:81 195 48 0 0 94 207 0
2025-06-26 20:24:20.148,0x280,DATA:41 0 0 0 0 0 0 0
2025-06-26 20:24:20.157,0x288,DATA:81 195 48 0 0 94 207 0
2025-06-26 20:24:20.157,0x380,DATA:0 135 0 0 128 0 0 16
2025-06-26 20:24:20.166,0x280,DATA:41 0 0 0 0 0 0 0
2025-06-26 20:24:20.171,0x288,DATA:81 195 48 0 0 94 207 0
2025-06-26 20:24:20.172,0x380,DATA:0 135 0 0 128 0 0 16
2025-06-26 20:24:20.172,0x488,DATA:29 19 92 116 166 0 0 128
2025-06-26 20:24:20.181,0x280,DATA:41 0 0 0 0 0 0 0
2025-06-26 20:24:20.185,0x288,DATA:143 195 48 0 0 94 207 0
2025-06-26 20:24:20.185,0x280,DATA:41 0 0 0 0 0 0 0
2025-06-26 20:24:20.192,0x288,DATA:143 195 48 0 0 94 207 0
2025-06-26 20:24:20.198,0x380,DATA:0 135 0 0 128 0 0 16
2025-06-26 20:24:20.198,0x480,DATA:192 12 0 0 0 64 1 141
2025-06-26 20:24:20.198,0x320,DATA:68 3 136 0 0 0 0 0
2025-06-26 20:24:20.205,0x280,DATA:41 0 0 0 0 0 0 0
2025-06-26 20:24:20.215,0x280,DATA:41 0 0 0 0 0 0 0
2025-06-26 20:24:20.220,0x288,DATA:213 195 48 0 0 94 207 0
2025-06-26 20:24:20.220,0x380,DATA:0 135 0 0 128 0 0 16
2025-06-26 20:24:20.223,0x488,DATA:77 19 92 116 166 0 0 208
2025-06-26 20:24:20.230,0x280,DATA:41 0 0 0 0 0 0 0
2025-06-26 20:24:20.230,0x288,DATA:213 195 48 0 0 94 207 0
2025-06-26 20:24:20.233,0x280,DATA:41 0 0 0 0 0 0 0
2025-06-26 20:24:20.243,0x288,DATA:213 195 48 0 0 94 207 0
2025-06-26 20:24:20.243,0x380,DATA:0 135 0 0 128 0 0 16
2025-06-26 20:24:20.248,0x488,DATA:109 19 92 116 166 0 0 240
2025-06-26 20:24:20.248,0x280,DATA:41 0 0 0 0 0 0 0
2025-06-26 20:24:20.248,0x288,DATA:213 195 48 0 0 94 207 0
2025-06-26 20:24:20.264,0x380,DATA:0 135 0 0 128 0 0 16
2025-06-26 20:24:20.266,0x288,DATA:17 195 48 0 0 94 207 0
2025-06-26 20:24:20.271,0x488,DATA:141 19 92 116 166 0 0 16
2025-06-26 20:24:20.276,0x320,DATA:68 3 136 0 0 0 0 0
2025-06-26 20:24:20.277,0x280,DATA:41 0 0 0 0 0 0 0
2025-06-26 20:24:20.283,0x288,DATA:17 195 48 0 0 94 207 0
2025-06-26 20:24:20.288,0x280,DATA:41 0 0 0 0 0 0 0
2025-06-26 20:24:20.290,0x288,DATA:17 195 48 0 0 94 207 0
2025-06-26 20:24:20.290,0x380,DATA:0 135 0 0 128 0 0 16
2025-06-26 20:24:20.296,0x280,DATA:41 0 0 0 0 0 0 0
2025-06-26 20:24:20.304,0x288,DATA:81 195 48 0 0 94 207 0
2025-06-26 20:24:20.304,0x380,DATA:0 135 0 0 128 0 0 16
2025-06-26 20:24:20.304,0x280,DATA:41 0 0 0 0 0 0 0
2025-06-26 20:24:20.315,0x288,DATA:81 195 48 0 0 94 207 0
2025-06-26 20:24:20.315,0x380,DATA:0 135 0 0 128 0 0 16
2025-06-26 20:24:20.321,0x488,DATA:253 19 92 116 166 0 0 96
2025-06-26 20:24:20.323,0x280,DATA:41 0 0 0 0 0 0 0
2025-06-26 20:24:20.331,0x380,DATA:0 135 0 0 128 0 0 16
2025-06-26 20:24:20.331,0x280,DATA:41 0 0 0 0 0 0 0
2025-06-26 20:24:20.337,0x288,DATA:143 195 48 0 0 94 207 0
2025-06-26 20:24:20.337,0x380,DATA:0 135 0 0 128 0 0 16
2025-06-26 20:24:20.348,0x280,DATA:41 0 0 0 0 0 0 0
2025-06-26 20:24:20.348,0x288,DATA:143 195 48 0 0 94 207 0
2025-06-26 20:24:20.354,0x380,DATA:0 135 0 0 128 0 0 16
2025-06-26 20:24:20.354,0x488,DATA:61 19 92 116 166 0 0 160
2025-06-26 20:24:20.354,0x280,DATA:41 0 0 0 0 0 0 0
2025-06-26 20:24:20.364,0x288,DATA:143 195 48 0 0 94 207 0
2025-06-26 20:24:20.370,0x380,DATA:0 135 0 0 128 0 0 16
2025-06-26 20:24:20.370,0x280,DATA:41 0 0 0 0 0 0 0
2025-06-26 20:24:20.381,0x288,DATA:143 195 48 0 0 94 207 0
2025-06-26 20:24:20.381,0x488,DATA:77 19 92 116 166 0 0 208
2025-06-26 20:24:20.387,0x320,DATA:68 3 136 0 0 0 0 0
2025-06-26 20:24:20.387,0x280,DATA:41 0 0 0 0 0 0 0
2025-06-26 20:24:20.387,0x280,DATA:41 0 0 0 0 0 0 0
2025-06-26 20:24:20.395,0x288,DATA:213 195 48 0 0 94 207 0
2025-06-26 20:24:20.395,0x380,DATA:0 135 0 0 128 0 0 16
2025-06-26 20:24:20.404,0x280,DATA:41 0 0 0 0 0 0 0
2025-06-26 20:24:20.409,0x288,DATA:213 195 48 0 0 94 207 0
2025-06-26 20:24:20.409,0x380,DATA:0 135 0 0 128 0 0 16
2025-06-26 20:24:20.414,0x488,DATA:157 19 92 116 166 0 0 0
2025-06-26 20:24:20.420,0x280,DATA:41 0 0 0 0 0 0 0
2025-06-26 20:24:20.420,0x288,DATA:17 195 48 0 0 94 207 0
2025-06-26 20:24:20.420,0x280,DATA:41 0 0 0 0 0 0 0
2025-06-26 20:24:20.429,0x288,DATA:17 195 48 0 0 94 207 0
2025-06-26 20:24:20.437,0x380,DATA:0 135 0 0 128 0 0 16
2025-06-26 20:24:20.437,0x288,DATA:17 195 48 0 0 94 207 0
2025-06-26 20:24:20.442,0x480,DATA:148 12 0 0 0 64 1 217
2025-06-26 20:24:20.448,0x320,DATA:68 3 136 0 0 0 0 0
2025-06-26 20:24:20.448,0x520,DATA:1 192 1 150 124 18 163 1
2025-06-26 20:24:20.448,0x280,DATA:41 0 0 0 0 0 0 0
2025-06-26 20:24:20.459,0x288,DATA:81 195 48 0 0 94 207 0
2025-06-26 20:24:20.465,0x280,DATA:41 0 0 0 0 0 0 0
2025-06-26 20:24:20.465,0x288,DATA:81 195 48 0 0 94 207 0
2025-06-26 20:24:20.475,0x380,DATA:0 135 0 0 128 0 0 16
2025-06-26 20:24:20.475,0x280,DATA:41 0 0 0 0 0 0 0
2025-06-26 20:24:20.482,0x288,DATA:81 195 48 0 0 94 207 0
2025-06-26 20:24:20.482,0x380,DATA:0 135 0 0 128 0 0 16
2025-06-26 20:24:20.482,0x280,DATA:41 0 0 0 0 0 0 0
2025-06-26 20:24:20.493,0x288,DATA:81 195 48 0 0 94 207 0
2025-06-26 20:24:20.499,0x380,DATA:0 135 0 0 128 0 0 16
2025-06-26 20:24:20.499,0x280,DATA:41 0 0 0 0 0 0 0
2025-06-26 20:24:20.504,0x288,DATA:143 195 48 0 0 94 207 0
2025-06-26 20:24:20.507,0x488,DATA:13 19 92 116 166 0 0 144
2025-06-26 20:24:20.507,0x480,DATA:192 12 0 0 0 64 1 141
2025-06-26 20:24:20.515,0x470,DATA:0 0 0 0 2
2025-06-26 20:24:20.521,0x280,DATA:41 0 0 0 0 0 0 0
2025-06-26 20:24:20.526,0x280,DATA:41 0 0 0 0 0 0 0
2025-06-26 20:24:20.527,0x288,DATA:143 195 48 0 0 94 207 0
2025-06-26 20:24:20.531,0x380,DATA:0 135 0 0 128 0 0 16
2025-06-26 20:24:20.533,0x280,DATA:41 0 0 0 0 0 0 0
2025-06-26 20:24:20.533,0x288,DATA:213 195 48 0 0 94 207 0
2025-06-26 20:24:20.539,0x280,DATA:41 0 0 0 0 0 0 0
2025-06-26 20:24:20.547,0x288,DATA:213 195 48 0 0 94 207 0
2025-06-26 20:24:20.547,0x380,DATA:0 135 0 0 128 0 0 16
2025-06-26 20:24:20.555,0x488,DATA:125 19 92 116 166 0 0 224
2025-06-26 20:24:20.555,0x280,DATA:41 0 0 0 0 0 0 0
2025-06-26 20:24:20.564,0x288,DATA:213 195 48 0 0 94 207 0
2025-06-26 20:24:20.564,0x380,DATA:0 135 0 0 128 0 0 16
2025-06-26 20:24:20.572,0x488,DATA:157 19 92 116 166 0 0 0
2025-06-26 20:24:20.577,0x280,DATA:41 0 0 0 0 0 0 0
2025-06-26 20:24:20.582,0x288,DATA:17 195 48 0 0 94 207 0
2025-06-26 20:24:20.582,0x280,DATA:41 0 0 0 0 0 0 0
2025-06-26 20:24:20.588,0x288,DATA:17 195 48 0 0 94 207 0
2025-06-26 20:24:20.589,0x280,DATA:41 0 0 0 0 0 0 0
2025-06-26 20:24:20.597,0x288,DATA:17 195 48 0 0 94 207 0
2025-06-26 20:24:20.597,0x380,DATA:0 135 0 0 128 0 0 16
2025-06-26 20:24:20.597,0x488,DATA:173 19 92 116 166 0 0 48
2025-06-26 20:24:20.607,0x280,DATA:41 0 0 0 0 0 0 0
2025-06-26 20:24:20.607,0x288,DATA:17 195 48 0 0 94 207 0
2025-06-26 20:24:20.615,0x380,DATA:0 135 0 0 128 0 0 16
2025-06-26 20:24:20.626,0x280,DATA:41 0 0 0 0 0 0 0
2025-06-26 20:24:20.626,0x288,DATA:81 195 48 0 0 94 207 0
2025-06-26 20:24:20.632,0x380,DATA:0 135 0 0 128 0 0 16
2025-06-26 20:24:20.632,0x280,DATA:41 0 0 0 0 0 0 0
2025-06-26 20:24:20.632,0x380,DATA:0 135 0 0 128 0 0 16
2025-06-26 20:24:20.639,0x320,DATA:68 3 136 0 0 0 0 0
2025-06-26 20:24:20.648,0x280,DATA:41 0 0 0 0 0 0 0
2025-06-26 20:24:20.648,0x288,DATA:81 195 48 0 0 94 207 0
2025-06-26 20:24:20.648,0x380,DATA:0 135 0 0 128 0 0 16
2025-06-26 20:24:20.658,0x280,DATA:41 0 0 0 0 0 0 0
2025-06-26 20:24:20.664,0x288,DATA:143 195 48 0 0 94 207 0
2025-06-26 20:24:20.664,0x380,DATA:0 135 0 0 128 0 0 16
2025-06-26 20:24:20.664,0x280,DATA:41 0 0 0 0 0 0 0
2025-06-26 20:24:20.676,0x288,DATA:143 195 48 0 0 94 207 0
2025-06-26 20:24:20.681,0x380,DATA:0 135 0 0 128 0 0 16
2025-06-26 20:24:20.681,0x280,DATA:41 0 0 0 0 0 0 0
2025-06-26 20:24:20.685,0x288,DATA:143 195 48 0 0 94 207 0
2025-06-26 20:24:20.692,0x380,DATA:0 135 0 0 128 0 0 16
2025-06-26 20:24:20.692,0x280,DATA:41 0 0 0 0 0 0 0
2025-06-26 20:24:20.698,0x380,DATA:0 135 0 0 128 0 0 16
2025-06-26 20:24:20.698,0x588,DATA:234 64 116 0 0 3 0 0
2025-06-26 20:24:20.698,0x280,DATA:41 0 0 0 0 0 0 0
2025-06-26 20:24:20.709,0x320,DATA:68 3 136 0 0 0 0 0
2025-06-26 20:24:20.715,0x280,DATA:41 0 0 0 0 0 0 0
2025-06-26 20:24:20.715,0x280,DATA:41 0 0 0 0 0 0 0
2025-06-26 20:24:20.715,0x288,DATA:213 195 48 0 0 94 207 0
2025-06-26 20:24:20.722,0x380,DATA:0 135 0 0 128 0 0 16
2025-06-26 20:24:20.722,0x280,DATA:41 0 0 0 0 0 0 0
2025-06-26 20:24:20.730,0x288,DATA:213 195 48 0 0 94 207 0
2025-06-26 20:24:20.738,0x380,DATA:0 135 0 0 128 0 0 16
2025-06-26 20:24:20.738,0x280,DATA:41 0 0 0 0 0 0 0
2025-06-26 20:24:20.741,0x288,DATA:17 195 48 0 0 94 207 0
2025-06-26 20:24:20.747,0x380,DATA:0 135 0 0 128 0 0 16
2025-06-26 20:24:20.747,0x280,DATA:41 0 0 0 0 0 0 0
2025-06-26 20:24:20.747,0x288,DATA:17 195 48 0 0 94 207 0
2025-06-26 20:24:20.759,0x380,DATA:0 135 0 0 128 0 0 16
2025-06-26 20:24:20.764,0x320,DATA:68 3 136 0 0 0 0 0
2025-06-26 20:24:20.770,0x420,DATA:3 0 0 0 195 0 128 0
2025-06-26 20:24:20.771,0x470,DATA:0 0 0 0 2
2025-06-26 20:24:20.776,0x280,DATA:41 0 0 0 0 0 0 0
2025-06-26 20:24:20.777,0x288,DATA:81 195 48 0 0 94 207 0
2025-06-26 20:24:20.783,0x380,DATA:0 135 0 0 128 0 0 16
2025-06-26 20:24:20.788,0x280,DATA:41 0 0 0 0 0 0 0
2025-06-26 20:24:20.793,0x288,DATA:81 195 48 0 0 94 207 0
2025-06-26 20:24:20.796,0x380,DATA:0 135 0 0 128 0 0 16
2025-06-26 20:24:20.796,0x280,DATA:41 0 0 0 0 0 0 0
2025-06-26 20:24:20.796,0x288,DATA:81 195 48 0 0 94 207 0
2025-06-26 20:24:20.806,0x380,DATA:0 135 0 0 128 0 0 16
2025-06-26 20:24:20.813,0x280,DATA:41 0 0 0 0 0 0 0
2025-06-26 20:24:20.813,0x288,DATA:81 195 48 0 0 94 207 0
2025-06-26 20:24:20.813,0x380,DATA:0 135 0 0 128 0 0 16
2025-06-26 20:24:20.821,0x488,DATA:13 19 92 116 166 0 0 144
2025-06-26 20:24:20.832,0x320,DATA:68 3 136 0 0 0 0 0
2025-06-26 20:24:20.832,0x280,DATA:41 0 0 0 0 0 0 0
2025-06-26 20:24:20.838,0x288,DATA:143 195 48 0 0 94 207 0
2025-06-26 20:24:20.843,0x380,DATA:0 135 0 0 128 0 0 16
2025-06-26 20:24:20.847,0x280,DATA:41 0 0 0 0 0 0 0
2025-06-26 20:24:20.847,0x288,DATA:143 195 48 0 0 94 207 0
2025-06-26 20:24:20.854,0x380,DATA:0 135 0 0 128 0 0 16
2025-06-26 20:24:20.859,0x280,DATA:41 0 0 0 0 0 0 0
2025-06-26 20:24:20.859,0x288,DATA:213 195 48 0 0 94 207 0
2025-06-26 20:24:20.865,0x380,DATA:0 135 0 0 128 0 0 16
2025-06-26 20:24:20.865,0x488,DATA:77 19 92 116 166 0 0 208
2025-06-26 20:24:20.865,0x280,DATA:41 0 0 0 0 0 0 0
2025-06-26 20:24:20.874,0x488,DATA:109 19 92 116 166 0 0 240
2025-06-26 20:24:20.882,0x320,DATA:68 3 136 0 0 0 0 0
2025-06-26 20:24:20.887,0x280,DATA:41 0 0 0 0 0 0 0
2025-06-26 20:24:20.890,0x288,DATA:213 195 48 0 0 94 207 0
2025-06-26 20:24:20.890,0x280,DATA:41 0 0 0 0 0 0 0
2025-06-26 20:24:20.899,0x288,DATA:17 195 48 0 0 94 207 0
2025-06-26 20:24:20.904,0x380,DATA:0 135 0 0 128 0 0 16
2025-06-26 20:24:20.904,0x280,DATA:41 0 0 0 0 0 0 0
2025-06-26 20:24:20.908,0x288,DATA:17 195 48 0 0 94 207 0
2025-06-26 20:24:20.915,0x380,DATA:0 135 0 0 128 0 0 16
2025-06-26 20:24:20.915,0x280,DATA:41 0 0 0 0 0 0 0
2025-06-26 20:24:20.915,0x288,DATA:17 195 48 0 0 94 207 0
2025-06-26 20:24:20.924,0x380,DATA:0 135 0 0 128 0 0 16
2025-06-26 20:24:20.930,0x280,DATA:41 0 0 0 0 0 0 0
2025-06-26 20:24:20.932,0x288,DATA:17 195 48 0 0 94 207 0
2025-06-26 20:24:20.934,0x380,DATA:0 135 0 0 128 0 0 16
2025-06-26 20:24:20.940,0x320,DATA:68 3 136 0 0 0 0 0
2025-06-26 20:24:20.940,0x280,DATA:41 0 0 0 0 0 0 0
2025-06-26 20:24:20.949,0x288,DATA:81 195 48 0 0 94 207 0
2025-06-26 20:24:20.953,0x380,DATA:0 135 0 0 128 0 0 16
2025-06-26 20:24:20.955,0x280,DATA:41 0 0 0 0 0 0 0
2025-06-26 20:24:20.960,0x288,DATA:81 195 48 0 0 94 207 0
2025-06-26 20:24:20.965,0x380,DATA:0 135 0 0 128 0 0 16
2025-06-26 20:24:20.965,0x280,DATA:41 0 0 0 0 0 0 0
2025-06-26 20:24:20.971,0x288,DATA:81 195 48 0 0 94 207 0
2025-06-26 20:24:20.975,0x280,DATA:41 0 0 0 0 0 0 0
2025-06-26 20:24:20.981,0x288,DATA:143 195 48 0 0 94 207 0
2025-06-26 20:24:20.982,0x380,DATA:0 135 0 0 128 0 0 16
2025-06-26 20:24:20.988,0x488,DATA:13 19 92 116 166 0 0 144
2025-06-26 20:24:20.992,0x280,DATA:41 0 0 0 0 0 0 0
2025-06-26 20:24:20.997,0x288,DATA:143 195 48 0 0 94 207 0
2025-06-26 20:24:20.999,0x380,DATA:0 135 0 0 128 0 0 16
2025-06-26 20:24:21.003,0x480,DATA:89 12 0 0 0 64 1 20
2025-06-26 20:24:21.009,0x320,DATA:68 3 136 0 0 0 0 0
2025-06-26 20:24:21.009,0x280,DATA:41 0 0 0 0 0 0 0
2025-06-26 20:24:21.015,0x280,DATA:41 0 0 0 0 0 0 0
2025-06-26 20:24:21.016,0x288,DATA:213 195 48 0 0 94 207 0
2025-06-26 20:24:21.026,0x280,DATA:41 0 0 0 0 0 0 0
2025-06-26 20:24:21.027,0x288,DATA:213 195 48 0 0 94 207 0
2025-06-26 20:24:21.032,0x380,DATA:0 135 0 0 128 0 0 16
2025-06-26 20:24:21.037,0x488,DATA:125 19 92 116 166 0 0 224
2025-06-26 20:24:21.038,0x280,DATA:41 0 0 0 0 0 0 0
2025-06-26 20:24:21.043,0x288,DATA:213 195 48 0 0 94 207 0
2025-06-26 20:24:21.048,0x380,DATA:0 135 0 0 128 0 0 16
2025-06-26 20:24:21.049,0x280,DATA:41 0 0 0 0 0 0 0
2025-06-26 20:24:21.055,0x288,DATA:213 195 48 0 0 94 207 0
2025-06-26 20:24:21.059,0x380,DATA:0 135 0 0 128 0 0 16
2025-06-26 20:24:21.061,0x320,DATA:68 3 136 0 0 0 0 0
2025-06-26 20:24:21.065,0x470,DATA:0 0 0 0 2
2025-06-26 20:24:21.065,0x280,DATA:41 0 0 0 0 0 0 0
2025-06-26 20:24:21.076,0x288,DATA:17 195 48 0 0 94 207 0
2025-06-26 20:24:21.077,0x380,DATA:0 135 0 0 128 0 0 16
2025-06-26 20:24:21.081,0x280,DATA:41 0 0 0 0 0 0 0
2025-06-26 20:24:21.087,0x288,DATA:17 195 48 0 0 94 207 0
2025-06-26 20:24:21.087,0x380,DATA:0 135 0 0 128 0 0 16
2025-06-26 20:24:21.092,0x280,DATA:41 0 0 0 0 0 0 0
2025-06-26 20:24:21.099,0x288,DATA:81 195 48 0 0 94 207 0
2025-06-26 20:24:21.103,0x380,DATA:0 135 0 0 128 0 0 16
2025-06-26 20:24:21.103,0x280,DATA:41 0 0 0 0 0 0 0
2025-06-26 20:24:21.110,0x288,DATA:81 195 48 0 0 94 207 0
2025-06-26 20:24:21.114,0x380,DATA:0 135 0 0 128 0 0 16
2025-06-26 20:24:21.126,0x488,DATA:253 19 92 116 166 0 0 96
2025-06-26 20:24:21.127,0x320,DATA:68 3 136 0 0 0 0 0
2025-06-26 20:24:21.132,0x280,DATA:41 0 0 0 0 0 0 0
2025-06-26 20:24:21.136,0x288,DATA:81 195 48 0 0 94 207 0
2025-06-26 20:24:21.138,0x280,DATA:41 0 0 0 0 0 0 0
2025-06-26 20:24:21.142,0x288,DATA:143 195 48 0 0 94 207 0
2025-06-26 20:24:21.144,0x280,DATA:41 0 0 0 0 0 0 0
2025-06-26 20:24:21.149,0x288,DATA:143 195 48 0 0 94 207 0
2025-06-26 20:24:21.153,0x380,DATA:0 135 0 0 128 0 0 16
2025-06-26 20:24:21.155,0x280,DATA:41 0 0 0 0 0 0 0
2025-06-26 20:24:21.160,0x288,DATA:143 195 48 0 0 94 207 0
2025-06-26 20:24:21.165,0x380,DATA:0 135 0 0 128 0 0 16
2025-06-26 20:24:21.170,0x488,DATA:45 19 92 116 166 0 0 176
2025-06-26 20:24:21.175,0x280,DATA:41 0 0 0 0 0 0 0
2025-06-26 20:24:21.177,0x288,DATA:143 195 48 0 0 94 207 0
2025-06-26 20:24:21.182,0x380,DATA:0 135 0 0 128 0 0 16
2025-06-26 20:24:21.186,0x480,DATA:192 12 0 0 0 64 1 141
2025-06-26 20:24:21.188,0x320,DATA:68 3 136 0 0 0 0 0
2025-06-26 20:24:21.192,0x280,DATA:41 0 0 0 0 0 0 0
2025-06-26 20:24:21.198,0x288,DATA:213 195 48 0 0 94 207 0
2025-06-26 20:24:21.200,0x380,DATA:0 135 0 0 128 0 0 16
2025-06-26 20:24:21.204,0x488,DATA:109 19 92 116 166 0 0 240
2025-06-26 20:24:21.209,0x280,DATA:41 0 0 0 0 0 0 0
2025-06-26 20:24:21.214,0x288,DATA:213 195 48 0 0 94 207 0
2025-06-26 20:24:21.219,0x380,DATA:0 135 0 0 128 0 0 16
2025-06-26 20:24:21.221,0x280,DATA:41 0 0 0 0 0 0 0
2025-06-26 20:24:21.225,0x288,DATA:17 195 48 0 0 94 207 0
2025-06-26 20:24:21.231,0x380,DATA:0 135 0 0 128 0 0 16
2025-06-26 20:24:21.231,0x280,DATA:41 0 0 0 0 0 0 0
2025-06-26 20:24:21.242,0x288,DATA:17 195 48 0 0 94 207 0
2025-06-26 20:24:21.243,0x280,DATA:41 0 0 0 0 0 0 0
2025-06-26 20:24:21.248,0x380,DATA:0 135 0 0 128 0 0 16
2025-06-26 20:24:21.250,0x480,DATA:15 12 0 0 0 64 1 66
2025-06-26 20:24:21.254,0x320,DATA:68 3 136 0 0 0 0 0
2025-06-26 20:24:21.260,0x520,DATA:1 192 1 150 124 18 163 1
2025-06-26 20:24:21.260,0x280,DATA:41 0 0 0 0 0 0 0
2025-06-26 20:24:21.265,0x288,DATA:81 195 48 0 0 94 207 0
2025-06-26 20:24:21.271,0x280,DATA:41 0 0 0 0 0 0 0
2025-06-26 20:24:21.272,0x288,DATA:81 195 48 0 0 94 207 0
2025-06-26 20:24:21.277,0x380,DATA:0 135 0 0 128 0 0 16
2025-06-26 20:24:21.280,0x280,DATA:41 0 0 0 0 0 0 0
2025-06-26 20:24:21.283,0x288,DATA:81 195 48 0 0 94 207 0
2025-06-26 20:24:21.287,0x380,DATA:0 135 0 0 128 0 0 16
2025-06-26 20:24:21.287,0x280,DATA:41 0 0 0 0 0 0 0
2025-06-26 20:24:21.297,0x288,DATA:81 195 48 0 0 94 207 0
2025-06-26 20:24:21.304,0x380,DATA:0 135 0 0 128 0 0 16
2025-06-26 20:24:21.304,0x480,DATA:89 12 0 0 0 64 1 20
2025-06-26 20:24:21.308,0x320,DATA:68 3 136 0 0 0 0 0
2025-06-26 20:24:21.312,0x280,DATA:41 0 0 0 0 0 0 0
2025-06-26 20:24:21.312,0x470,DATA:0 0 0 0 2
2025-06-26 20:24:21.321,0x280,DATA:41 0 0 0 0 0 0 0
2025-06-26 20:24:21.321,0x288,DATA:143 195 48 0 0 94 207 0
2025-06-26 20:24:21.330,0x380,DATA:0 135 0 0 128 0 0 16
2025-06-26 20:24:21.338,0x280,DATA:41 0 0 0 0 0 0 0
2025-06-26 20:24:21.340,0x288,DATA:143 195 48 0 0 94 207 0
2025-06-26 20:24:21.343,0x280,DATA:41 0 0 0 0 0 0 0
2025-06-26 20:24:21.348,0x288,DATA:213 195 48 0 0 94 207 0
2025-06-26 20:24:21.349,0x380,DATA:0 135 0 0 128 0 0 16
2025-06-26 20:24:21.353,0x488,DATA:77 19 92 116 166 0 0 208
2025-06-26 20:24:21.353,0x280,DATA:41 0 0 0 0 0 0 0
2025-06-26 20:24:21.361,0x288,DATA:213 195 48 0 0 94 207 0
2025-06-26 20:24:21.361,0x380,DATA:0 135 0 0 128 0 0 16
2025-06-26 20:24:21.370,0x480,DATA:89 12 0 0 0 64 1 20
2025-06-26 20:24:21.370,0x320,DATA:68 3 136 0 0 0 0 0
2025-06-26 20:24:21.370,0x280,DATA:41 0 0 0 0 0 0 0
2025-06-26 20:24:21.378,0x288,DATA:17 195 48 0 0 94 207 0
2025-06-26 20:24:21.388,0x280,DATA:41 0 0 0 0 0 0 0
2025-06-26 20:24:21.391,0x288,DATA:17 195 48 0 0 94 207 0
2025-06-26 20:24:21.391,0x380,DATA:0 135 0 0 128 0 0 16
2025-06-26 20:24:21.394,0x280,DATA:41 0 0 0 0 0 0 0
2025-06-26 20:24:21.402,0x288,DATA:17 195 48 0 0 94 207 0
2025-06-26 20:24:21.402,0x380,DATA:0 135 0 0 128 0 0 16
2025-06-26 20:24:21.402,0x488,DATA:173 19 92 116 166 0 0 48
2025-06-26 20:24:21.414,0x280,DATA:41 0 0 0 0 0 0 0
2025-06-26 20:24:21.414,0x288,DATA:17 195 48 0 0 94 207 0
2025-06-26 20:24:21.420,0x488,DATA:221 19 92 116 166 0 0 64
2025-06-26 20:24:21.420,0x320,DATA:68 3 136 0 0 0 0 0
2025-06-26 20:24:21.420,0x280,DATA:41 0 0 0 0 0 0 0
2025-06-26 20:24:21.431,0x280,DATA:41 0 0 0 0 0 0 0
2025-06-26 20:24:21.437,0x288,DATA:81 195 48 0 0 94 207 0
2025-06-26 20:24:21.437,0x380,DATA:0 135 0 0 128 0 0 16
2025-06-26 20:24:21.437,0x280,DATA:41 0 0 0 0 0 0 0
2025-06-26 20:24:21.445,0x288,DATA:81 195 48 0 0 94 207 0
2025-06-26 20:24:21.454,0x380,DATA:0 135 0 0 128 0 0 16
2025-06-26 20:24:21.454,0x488,DATA:29 19 92 116 166 0 0 128
2025-06-26 20:24:21.456,0x280,DATA:41 0 0 0 0 0 0 0
2025-06-26 20:24:21.465,0x288,DATA:143 195 48 0 0 94 207 0
2025-06-26 20:24:21.465,0x380,DATA:0 135 0 0 128 0 0 16
2025-06-26 20:24:21.471,0x280,DATA:41 0 0 0 0 0 0 0
2025-06-26 20:24:21.471,0x288,DATA:143 195 48 0 0 94 207 0
2025-06-26 20:24:21.481,0x380,DATA:0 135 0 0 128 0 0 16
2025-06-26 20:24:21.487,0x480,DATA:192 12 0 0 0 64 1 141
2025-06-26 20:24:21.488,0x320,DATA:68 3 136 0 0 0 0 0
2025-06-26 20:24:21.488,0x280,DATA:41 0 0 0 0 0 0 0
2025-06-26 20:24:21.496,0x288,DATA:213 195 48 0 0 94 207 0
2025-06-26 20:24:21.496,0x380,DATA:0 135 0 0 128 0 0 16
2025-06-26 20:24:21.504,0x280,DATA:41 0 0 0 0 0 0 0
2025-06-26 20:24:21.504,0x288,DATA:213 195 48 0 0 94 207 0
2025-06-26 20:24:21.504,0x380,DATA:0 135 0 0 128 0 0 16
2025-06-26 20:24:21.513,0x280,DATA:41 0 0 0 0 0 0 0
2025-06-26 20:24:21.520,0x288,DATA:213 195 48 0 0 94 207 0
2025-06-26 20:24:21.521,0x380,DATA:0 135 0 0 128 0 0 16
2025-06-26 20:24:21.527,0x280,DATA:41 0 0 0 0 0 0 0
2025-06-26 20:24:21.532,0x288,DATA:213 195 48 0 0 94 207 0
2025-06-26 20:24:21.537,0x380,DATA:0 135 0 0 128 0 0 16
2025-06-26 20:24:21.539,0x488,DATA:157 19 92 116 166 0 0 0
2025-06-26 20:24:21.539,0x480,DATA:15 12 0 0 0 64 1 66
2025-06-26 20:24:21.545,0x320,DATA:68 3 136 0 0 0 0 0
2025-06-26 20:24:21.545,0x280,DATA:41 0 0 0 0 0 0 0
2025-06-26 20:24:21.554,0x288,DATA:17 195 48 0 0 94 207 0
2025-06-26 20:24:21.559,0x380,DATA:0 135 0 0 128 0 0 16
2025-06-26 20:24:21.559,0x280,DATA:41 0 0 0 0 0 0 0
2025-06-26 20:24:21.561,0x288,DATA:17 195 48 0 0 94 207 0
2025-06-26 20:24:21.570,0x380,DATA:0 135 0 0 128 0 0 16
2025-06-26 20:24:21.575,0x488,DATA:221 19 92 116 166 0 0 64
2025-06-26 20:24:21.577,0x280,DATA:41 0 0 0 0 0 0 0
2025-06-26 20:24:21.583,0x288,DATA:81 195 48 0 0 94 207 0
2025-06-26 20:24:21.587,0x280,DATA:41 0 0 0 0 0 0 0
2025-06-26 20:24:21.588,0x288,DATA:81 195 48 0 0 94 207 0
2025-06-26 20:24:21.588,0x380,DATA:0 135 0 0 128 0 0 16
2025-06-26 20:24:21.598,0x288,DATA:81 195 48 0 0 94 207 0
2025-06-26 20:24:21.603,0x488,DATA:237 19 92 116 166 0 0 112
2025-06-26 20:24:21.603,0x320,DATA:68 3 136 0 0 0 0 0
2025-06-26 20:24:21.610,0x280,DATA:41 0 0 0 0 0 0 0
2025-06-26 20:24:21.612,0x288,DATA:143 195 48 0 0 94 207 0
2025-06-26 20:24:21.612,0x380,DATA:0 135 0 0 128 0 0 16
2025-06-26 20:24:21.623,0x280,DATA:41 0 0 0 0 0 0 0
2025-06-26 20:24:21.629,0x288,DATA:143 195 48 0 0 94 207 0
2025-06-26 20:24:21.629,0x380,DATA:0 135 0 0 128 0 0 16
2025-06-26 20:24:21.635,0x488,DATA:61 19 92 116 166 0 0 160
2025-06-26 20:24:21.643,0x280,DATA:41 0 0 0 0 0 0 0
2025-06-26 20:24:21.648,0x288,DATA:143 195 48 0 0 94 207 0
2025-06-26 20:24:21.652,0x280,DATA:41 0 0 0 0 0 0 0
2025-06-26 20:24:21.652,0x288,DATA:143 195 48 0 0 94 207 0
2025-06-26 20:24:21.659,0x380,DATA:0 135 0 0 128 0 0 16
2025-06-26 20:24:21.659,0x488,DATA:77 19 92 116 166 0 0 208
2025-06-26 20:24:21.659,0x320,DATA:68 3 136 0 0 0 0 0
2025-06-26 20:24:21.671,0x470,DATA:0 0 0 0 2
2025-06-26 20:24:21.677,0x570,DATA:3 0 0 0
2025-06-26 20:24:21.682,0x280,DATA:41 0 0 0 0 0 0 0
2025-06-26 20:24:21.682,0x288,DATA:213 195 48 0 0 94 207 0
2025-06-26 20:24:21.685,0x380,DATA:0 135 0 0 128 0 0 16
2025-06-26 20:24:21.685,0x280,DATA:41 0 0 0 0 0 0 0
2025-06-26 20:24:21.693,0x288,DATA:213 195 48 0 0 94 207 0
2025-06-26 20:24:21.693,0x280,DATA:41 0 0 0 0 0 0 0
2025-06-26 20:24:21.704,0x288,DATA:17 195 48 0 0 94 207 0
2025-06-26 20:24:21.709,0x380,DATA:0 135 0 0 128 0 0 16
2025-06-26 20:24:21.709,0x280,DATA:41 0 0 0 0 0 0 0
2025-06-26 20:24:21.709,0x288,DATA:17 195 48 0 0 94 207 0
2025-06-26 20:24:21.718,0x380,DATA:0 135 0 0 128 0 0 16
2025-06-26 20:24:21.718,0x488,DATA:189 19 92 116 166 0 0 32
2025-06-26 20:24:21.726,0x288,DATA:17 195 48 0 0 94 207 0
2025-06-26 20:24:21.730,0x488,DATA:173 19 92 116 166 0 0 48
2025-06-26 20:24:21.735,0x320,DATA:68 3 136 0 0 0 0 0
2025-06-26 20:24:21.735,0x280,DATA:41 0 0 0 0 0 0 0
2025-06-26 20:24:21.742,0x288,DATA:81 195 48 0 0 94 207 0
2025-06-26 20:24:21.748,0x320,DATA:68 3 136 0 0 0 0 0
2025-06-26 20:24:21.754,0x280,DATA:41 0 0 0 0 0 0 0
2025-06-26 20:24:21.754,0x288,DATA:81 195 48 0 0 94 207 0
2025-06-26 20:24:21.758,0x280,DATA:41 0 0 0 0 0 0 0
2025-06-26 20:24:21.758,0x288,DATA:81 195 48 0 0 94 207 0
2025-06-26 20:24:21.758,0x380,DATA:0 135 0 0 128 0 0 16
2025-06-26 20:24:21.771,0x488,DATA:237 19 92 116 166 0 0 112
2025-06-26 20:24:21.776,0x280,DATA:41 0 0 0 0 0 0 0
2025-06-26 20:24:21.777,0x288,DATA:81 195 48 0 0 94 207 0
2025-06-26 20:24:21.782,0x380,DATA:0 135 0 0 128 0 0 16
2025-06-26 20:24:21.787,0x280,DATA:41 0 0 0 0 0 0 0
2025-06-26 20:24:21.790,0x288,DATA:143 195 48 0 0 94 207 0
2025-06-26 20:24:21.798,0x588,DATA:234 64 116 0 0 3 0 0
2025-06-26 20:24:21.798,0x280,DATA:41 0 0 0 0 0 0 0
2025-06-26 20:24:21.803,0x288,DATA:143 195 48 0 0 94 207 0
2025-06-26 20:24:21.803,0x280,DATA:41 0 0 0 0 0 0 0
2025-06-26 20:24:21.809,0x288,DATA:143 195 48 0 0 94 207 0
2025-06-26 20:24:21.814,0x380,DATA:0 135 0 0 128 0 0 16
2025-06-26 20:24:21.814,0x488,DATA:93 19 92 116 166 0 0 192
2025-06-26 20:24:21.814,0x280,DATA:41 0 0 0 0 0 0 0
2025-06-26 20:24:21.824,0x288,DATA:213 195 48 0 0 94 207 0
2025-06-26 20:24:21.831,0x380,DATA:0 135 0 0 128 0 0 16
2025-06-26 20:24:21.831,0x280,DATA:41 0 0 0 0 0 0 0
2025-06-26 20:24:21.837,0x288,DATA:213 195 48 0 0 94 207 0
2025-06-26 20:24:21.839,0x280,DATA:41 0 0 0 0 0 0 0
2025-06-26 20:24:21.848,0x288,DATA:213 195 48 0 0 94 207 0
2025-06-26 20:24:21.848,0x380,DATA:0 135 0 0 128 0 0 16
2025-06-26 20:24:21.848,0x380,DATA:0 135 0 0 128 0 0 16
2025-06-26 20:24:21.856,0x588,DATA:234 64 116 0 0 3 0 0
2025-06-26 20:24:21.864,0x520,DATA:255 143 1 150 124 18 163 1
2025-06-26 20:24:21.864,0x320,DATA:68 3 136 0 0 0 0 0
2025-06-26 20:24:21.864,0x470,DATA:0 0 0 0 2
2025-06-26 20:24:21.864,0x570,DATA:3 0 0 0
2025-06-26 20:24:21.873,0x5D0,DATA:128 2 65 32 0 0
2025-06-26 20:24:21.873,0x280,DATA:41 0 0 0 0 0 0 0
2025-06-26 20:24:21.883,0x288,DATA:17 195 48 0 0 94 207 0
2025-06-26 20:24:21.887,0x280,DATA:41 0 0 0 0 0 0 0
2025-06-26 20:24:21.889,0x288,DATA:17 195 48 0 0 94 207 0
2025-06-26 20:24:21.898,0x380,DATA:0 135 0 0 128 0 0 16
2025-06-26 20:24:21.898,0x380,DATA:0 135 0 0 128 0 0 16
2025-06-26 20:24:21.898,0x320,DATA:68 3 136 0 0 0 0 0
2025-06-26 20:24:21.914,0x280,DATA:41 0 0 0 0 0 0 0
2025-06-26 20:24:21.914,0x470,DATA:0 0 0 0 2
2025-06-26 20:24:21.920,0x280,DATA:41 0 0 0 0 0 0 0
2025-06-26 20:24:21.920,0x288,DATA:81 195 48 0 0 94 207 0
2025-06-26 20:24:21.922,0x280,DATA:41 0 0 0 0 0 0 0
2025-06-26 20:24:21.931,0x288,DATA:81 195 48 0 0 94 207 0
2025-06-26 20:24:21.931,0x380,DATA:0 135 0 0 128 0 0 16
2025-06-26 20:24:21.933,0x280,DATA:41 0 0 0 0 0 0 0
2025-06-26 20:24:21.942,0x288,DATA:143 195 48 0 0 94 207 0
2025-06-26 20:24:21.942,0x380,DATA:0 135 0 0 128 0 0 16
2025-06-26 20:24:21.948,0x280,DATA:41 0 0 0 0 0 0 0
2025-06-26 20:24:21.949,0x288,DATA:143 195 48 0 0 94 207 0
2025-06-26 20:24:21.959,0x280,DATA:41 0 0 0 0 0 0 0
2025-06-26 20:24:21.965,0x288,DATA:143 195 48 0 0 94 207 0
2025-06-26 20:24:21.968,0x488,DATA:45 19 92 116 166 0 0 176
2025-06-26 20:24:21.972,0x320,DATA:68 3 136 0 0 0 0 0
2025-06-26 20:24:21.972,0x280,DATA:41 0 0 0 0 0 0 0
2025-06-26 20:24:21.981,0x288,DATA:213 195 48 0 0 94 207 0
2025-06-26 20:24:21.981,0x380,DATA:0 135 0 0 128 0 0 16
2025-06-26 20:24:21.987,0x280,DATA:41 0 0 0 0 0 0 0
2025-06-26 20:24:21.990,0x288,DATA:213 195 48 0 0 94 207 0
2025-06-26 20:24:21.990,0x380,DATA:0 135 0 0 128 0 0 16
2025-06-26 20:24:21.996,0x280,DATA:41 0 0 0 0 0 0 0
2025-06-26 20:24:21.996,0x288,DATA:213 195 48 0 0 94 207 0
2025-06-26 20:24:22.009,0x280,DATA:41 0 0 0 0 0 0 0
2025-06-26 20:24:22.013,0x288,DATA:213 195 48 0 0 94 207 0
2025-06-26 20:24:22.015,0x380,DATA:0 135 0 0 128 0 0 16
2025-06-26 20:24:22.015,0x488,DATA:157 19 92 116 166 0 0 0
2025-06-26 20:24:22.026,0x280,DATA:41 0 0 0 0 0 0 0
2025-06-26 20:24:22.031,0x288,DATA:17 195 48 0 0 94 207 0
2025-06-26 20:24:22.031,0x488,DATA:141 19 92 116 166 0 0 16
2025-06-26 20:24:22.031,0x280,DATA:41 0 0 0 0 0 0 0
2025-06-26 20:24:22.042,0x288,DATA:17 195 48 0 0 94 207 0
2025-06-26 20:24:22.048,0x380,DATA:0 135 0 0 128 0 0 16
2025-06-26 20:24:22.049,0x280,DATA:41 0 0 0 0 0 0 0
2025-06-26 20:24:22.049,0x288,DATA:17 195 48 0 0 94 207 0
2025-06-26 20:24:22.049,0x280,DATA:41 0 0 0 0 0 0 0
2025-06-26 20:24:22.056,0x288,DATA:81 195 48 0 0 94 207 0
2025-06-26 20:24:22.065,0x380,DATA:0 135 0 0 128 0 0 16
2025-06-26 20:24:22.065,0x488,DATA:205 19 92 116 166 0 0 80
2025-06-26 20:24:22.065,0x280,DATA:41 0 0 0 0 0 0 0
2025-06-26 20:24:22.075,0x288,DATA:81 195 48 0 0 94 207 0
2025-06-26 20:24:22.081,0x380,DATA:0 135 0 0 128 0 0 16
2025-06-26 20:24:22.081,0x280,DATA:41 0 0 0 0 0 0 0
2025-06-26 20:24:22.081,0x288,DATA:81 195 48 0 0 94 207 0
2025-06-26 20:24:22.089,0x380,DATA:0 135 0 0 128 0 0 16
2025-06-26 20:24:22.097,0x280,DATA:41 0 0 0 0 0 0 0
2025-06-26 20:24:22.097,0x288,DATA:143 195 48 0 0 94 207 0
2025-06-26 20:24:22.097,0x320,DATA:68 3 136 0 0 0 0 0
2025-06-26 20:24:22.105,0x280,DATA:41 0 0 0 0 0 0 0
2025-06-26 20:24:22.105,0x288,DATA:143 195 48 0 0 94 207 0
2025-06-26 20:24:22.113,0x380,DATA:0 135 0 0 128 0 0 16
2025-06-26 20:24:22.113,0x280,DATA:41 0 0 0 0 0 0 0
2025-06-26 20:24:22.124,0x288,DATA:143 195 48 0 0 94 207 0
2025-06-26 20:24:22.129,0x380,DATA:0 135 0 0 128 0 0 16
2025-06-26 20:24:22.137,0x280,DATA:41 0 0 0 0 0 0 0
2025-06-26 20:24:22.137,0x288,DATA:143 195 48 0 0 94 207 0
2025-06-26 20:24:22.140,0x380,DATA:0 135 0 0 128 0 0 16
2025-06-26 20:24:22.146,0x488,DATA:93 19 92 116 166 0 0 192
2025-06-26 20:24:22.154,0x280,DATA:41 0 0 0 0 0 0 0
2025-06-26 20:24:22.159,0x288,DATA:213 195 48 0 0 94 207 0
2025-06-26 20:24:22.160,0x588,DATA:234 64 116 0 0 3 0 0
2025-06-26 20:24:22.165,0x280,DATA:41 0 0 0 0 0 0 0
2025-06-26 20:24:22.170,0x288,DATA:213 195 48 0 0 94 207 0
2025-06-26 20:24:22.171,0x320,DATA:68 3 136 0 0 0 0 0
2025-06-26 20:24:22.175,0x470,DATA:0 0 0 0 2
2025-06-26 20:24:22.177,0x280,DATA:41 0 0 0 0 0 0 0
2025-06-26 20:24:22.182,0x288,DATA:17 195 48 0 0 94 207 0
2025-06-26 20:24:22.187,0x380,DATA:0 135 0 0 128 0 0 16
2025-06-26 20:24:22.188,0x488,DATA:141 19 92 116 166 0 0 16
2025-06-26 20:24:22.198,0x280,DATA:41 0 0 0 0 0 0 0
2025-06-26 20:24:22.198,0x288,DATA:17 195 48 0 0 94 207 0
2025-06-26 20:24:22.204,0x380,DATA:0 135 0 0 128 0 0 16
2025-06-26 20:24:22.210,0x280,DATA:41 0 0 0 0 0 0 0
2025-06-26 20:24:22.213,0x288,DATA:17 195 48 0 0 94 207 0
2025-06-26 20:24:22.213,0x380,DATA:0 135 0 0 128 0 0 16
2025-06-26 20:24:22.216,0x488,DATA:221 19 92 116 166 0 0 64
2025-06-26 20:24:22.224,0x470,DATA:0 0 0 0 2
2025-06-26 20:24:22.224,0x320,DATA:68 3 136 0 0 0 0 0
2025-06-26 20:24:22.227,0x280,DATA:41 0 0 0 0 0 0 0
2025-06-26 20:24:22.237,0x288,DATA:81 195 48 0 0 94 207 0
2025-06-26 20:24:22.237,0x280,DATA:41 0 0 0 0 0 0 0
2025-06-26 20:24:22.242,0x288,DATA:81 195 48 0 0 94 207 0
2025-06-26 20:24:22.249,0x380,DATA:0 135 0 0 128 0 0 16
2025-06-26 20:24:22.249,0x280,DATA:41 0 0 0 0 0 0 0
2025-06-26 20:24:22.249,0x288,DATA:81 195 48 0 0 94 207 0
2025-06-26 20:24:22.257,0x380,DATA:0 135 0 0 128 0 0 16
2025-06-26 20:24:22.265,0x280,DATA:41 0 0 0 0 0 0 0
2025-06-26 20:24:22.271,0x288,DATA:143 195 48 0 0 94 207 0
2025-06-26 20:24:22.276,0x380,DATA:0 135 0 0 128 0 0 16
2025-06-26 20:24:22.277,0x280,DATA:41 0 0 0 0 0 0 0
2025-06-26 20:24:22.282,0x288,DATA:143 195 48 0 0 94 207 0
2025-06-26 20:24:22.287,0x380,DATA:0 135 0 0 128 0 0 16
2025-06-26 20:24:22.287,0x320,DATA:68 3 136 0 0 0 0 0
2025-06-26 20:24:22.293,0x280,DATA:41 0 0 0 0 0 0 0
2025-06-26 20:24:22.298,0x280,DATA:41 0 0 0 0 0 0 0
2025-06-26 20:24:22.304,0x288,DATA:213 195 48 0 0 94 207 0
2025-06-26 20:24:22.305,0x380,DATA:0 135 0 0 128 0 0 16
2025-06-26 20:24:22.310,0x280,DATA:41 0 0 0 0 0 0 0
2025-06-26 20:24:22.315,0x288,DATA:213 195 48 0 0 94 207 0
2025-06-26 20:24:22.321,0x380,DATA:0 135 0 0 128 0 0 16
2025-06-26 20:24:22.326,0x488,DATA:125 19 92 116 166 0 0 224
2025-06-26 20:24:22.326,0x280,DATA:41 0 0 0 0 0 0 0
2025-06-26 20:24:22.327,0x288,DATA:213 195 48 0 0 94 207 0
2025-06-26 20:24:22.335,0x380,DATA:0 135 0 0 128 0 0 16
2025-06-26 20:24:22.337,0x280,DATA:41 0 0 0 0 0 0 0
2025-06-26 20:24:22.337,0x288,DATA:213 195 48 0 0 94 207 0
2025-06-26 20:24:22.348,0x488,DATA:141 19 92 116 166 0 0 16
2025-06-26 20:24:22.348,0x320,DATA:68 3 136 0 0 0 0 0
2025-06-26 20:24:22.354,0x280,DATA:41 0 0 0 0 0 0 0
2025-06-26 20:24:22.359,0x280,DATA:41 0 0 0 0 0 0 0
2025-06-26 20:24:22.361,0x288,DATA:17 195 48 0 0 94 207 0
2025-06-26 20:24:22.361,0x380,DATA:0 135 0 0 128 0 0 16
2025-06-26 20:24:22.367,0x488,DATA:173 19 92 116 166 0 0 48
2025-06-26 20:24:22.376,0x280,DATA:41 0 0 0 0 0 0 0
2025-06-26 20:24:22.376,0x288,DATA:17 195 48 0 0 94 207 0
2025-06-26 20:24:22.376,0x380,DATA:0 135 0 0 128 0 0 16
2025-06-26 20:24:22.387,0x280,DATA:41 0 0 0 0 0 0 0
2025-06-26 20:24:22.392,0x288,DATA:81 195 48 0 0 94 207 0
2025-06-26 20:24:22.392,0x280,DATA:41 0 0 0 0 0 0 0
2025-06-26 20:24:22.392,0x380,DATA:0 135 0 0 128 0 0 16
2025-06-26 20:24:22.402,0x488,DATA:253 19 92 116 166 0 0 96
2025-06-26 20:24:22.404,0x320,DATA:68 3 136 0 0 0 0 0
2025-06-26 20:24:22.408,0x280,DATA:41 0 0 0 0 0 0 0
2025-06-26 20:24:22.410,0x288,DATA:81 195 48 0 0 94 207 0
2025-06-26 20:24:22.417,0x280,DATA:41 0 0 0 0 0 0 0
2025-06-26 20:24:22.417,0x288,DATA:143 195 48 0 0 94 207 0
2025-06-26 20:24:22.425,0x380,DATA:0 135 0 0 128 0 0 16
2025-06-26 20:24:22.427,0x280,DATA:41 0 0 0 0 0 0 0
2025-06-26 20:24:22.427,0x288,DATA:143 195 48 0 0 94 207 0
2025-06-26 20:24:22.435,0x380,DATA:0 135 0 0 128 0 0 16
2025-06-26 20:24:22.442,0x280,DATA:41 0 0 0 0 0 0 0
2025-06-26 20:24:22.442,0x288,DATA:143 195 48 0 0 94 207 0
2025-06-26 20:24:22.448,0x380,DATA:0 135 0 0 128 0 0 16
2025-06-26 20:24:22.453,0x280,DATA:41 0 0 0 0 0 0 0
2025-06-26 20:24:22.454,0x288,DATA:143 195 48 0 0 94 207 0
2025-06-26 20:24:22.464,0x488,DATA:93 19 92 116 166 0 0 192
2025-06-26 20:24:22.466,0x320,DATA:68 3 136 0 0 0 0 0
2025-06-26 20:24:22.470,0x470,DATA:0 0 0 0 2
2025-06-26 20:24:22.470,0x280,DATA:41 0 0 0 0 0 0 0
2025-06-26 20:24:22.476,0x288,DATA:213 195 48 0 0 94 207 0
2025-06-26 20:24:22.481,0x380,DATA:0 135 0 0 128 0 0 16
2025-06-26 20:24:22.483,0x488,DATA:109 19 92 116 166 0 0 240
2025-06-26 20:24:22.487,0x280,DATA:41 0 0 0 0 0 0 0
2025-06-26 20:24:22.492,0x288,DATA:213 195 48 0 0 94 207 0
2025-06-26 20:24:22.492,0x380,DATA:0 135 0 0 128 0 0 16
2025-06-26 20:24:22.498,0x280,DATA:41 0 0 0 0 0 0 0
2025-06-26 20:24:22.502,0x288,DATA:17 195 48 0 0 94 207 0
2025-06-26 20:24:22.509,0x380,DATA:0 135 0 0 128 0 0 16
2025-06-26 20:24:22.514,0x280,DATA:41 0 0 0 0 0 0 0
2025-06-26 20:24:22.520,0x288,DATA:17 195 48 0 0 94 207 0
2025-06-26 20:24:22.525,0x488,DATA:189 19 92 116 166 0 0 32
2025-06-26 20:24:22.527,0x320,DATA:68 3 136 0 0 0 0 0
2025-06-26 20:24:22.531,0x280,DATA:41 0 0 0 0 0 0 0
2025-06-26 20:24:22.533,0x280,DATA:41 0 0 0 0 0 0 0
2025-06-26 20:24:22.537,0x288,DATA:81 195 48 0 0 94 207 0
2025-06-26 20:24:22.541,0x380,DATA:0 135 0 0 128 0 0 16
2025-06-26 20:24:22.548,0x488,DATA:205 19 92 116 166 0 0 80
2025-06-26 20:24:22.549,0x280,DATA:41 0 0 0 0 0 0 0
2025-06-26 20:24:22.555,0x288,DATA:81 195 48 0 0 94 207 0
2025-06-26 20:24:22.558,0x280,DATA:41 0 0 0 0 0 0 0
2025-06-26 20:24:22.564,0x288,DATA:81 195 48 0 0 94 207 0
2025-06-26 20:24:22.566,0x380,DATA:0 135 0 0 128 0 0 16
2025-06-26 20:24:22.571,0x280,DATA:41 0 0 0 0 0 0 0
2025-06-26 20:24:22.576,0x288,DATA:81 195 48 0 0 94 207 0
2025-06-26 20:24:22.582,0x380,DATA:0 135 0 0 128 0 0 16
2025-06-26 20:24:22.582,0x320,DATA:68 3 136 0 0 0 0 0
2025-06-26 20:24:22.588,0x280,DATA:41 0 0 0 0 0 0 0
2025-06-26 20:24:22.591,0x288,DATA:143 195 48 0 0 94 207 0
2025-06-26 20:24:22.593,0x280,DATA:41 0 0 0 0 0 0 0
2025-06-26 20:24:22.599,0x288,DATA:143 195 48 0 0 94 207 0
2025-06-26 20:24:22.603,0x380,DATA:0 135 0 0 128 0 0 16
2025-06-26 20:24:22.605,0x280,DATA:41 0 0 0 0 0 0 0
2025-06-26 20:24:22.610,0x288,DATA:143 195 48 0 0 94 207 0
2025-06-26 20:24:22.615,0x380,DATA:0 135 0 0 128 0 0 16
2025-06-26 20:24:22.615,0x280,DATA:41 0 0 0 0 0 0 0
2025-06-26 20:24:22.620,0x288,DATA:213 195 48 0 0 94 207 0
2025-06-26 20:24:22.626,0x380,DATA:0 135 0 0 128 0 0 16
2025-06-26 20:24:22.631,0x280,DATA:41 0 0 0 0 0 0 0
2025-06-26 20:24:22.637,0x288,DATA:213 195 48 0 0 94 207 0
2025-06-26 20:24:22.638,0x380,DATA:0 135 0 0 128 0 0 16
2025-06-26 20:24:22.642,0x488,DATA:109 19 92 116 166 0 0 240
2025-06-26 20:24:22.647,0x320,DATA:68 3 136 0 0 0 0 0
2025-06-26 20:24:22.653,0x280,DATA:41 0 0 0 0 0 0 0
2025-06-26 20:24:22.659,0x520,DATA:255 143 1 150 124 18 163 1
2025-06-26 20:24:22.659,0x280,DATA:41 0 0 0 0 0 0 0
2025-06-26 20:24:22.664,0x288,DATA:17 195 48 0 0 94 207 0
2025-06-26 20:24:22.666,0x5D8,DATA:1 4 0 0 0 0 0 0
2025-06-26 20:24:22.675,0x280,DATA:41 0 0 0 0 0 0 0
2025-06-26 20:24:22.677,0x288,DATA:17 195 48 0 0 94 207 0
2025-06-26 20:24:22.680,0x280,DATA:41 0 0 0 0 0 0 0
2025-06-26 20:24:22.686,0x288,DATA:17 195 48 0 0 94 207 0
2025-06-26 20:24:22.688,0x380,DATA:0 135 0 0 128 0 0 16
2025-06-26 20:24:22.693,0x280,DATA:41 0 0 0 0 0 0 0
2025-06-26 20:24:22.698,0x288,DATA:17 195 48 0 0 94 207 0
2025-06-26 20:24:22.698,0x380,DATA:0 135 0 0 128 0 0 16
2025-06-26 20:24:22.704,0x280,DATA:41 0 0 0 0 0 0 0
2025-06-26 20:24:22.709,0x380,DATA:0 135 0 0 128 0 0 16
2025-06-26 20:24:22.709,0x480,DATA:148 12 0 0 0 64 1 217
2025-06-26 20:24:22.715,0x320,DATA:68 3 136 0 0 0 0 0
2025-06-26 20:24:22.715,0x470,DATA:0 0 0 0 2
2025-06-26 20:24:22.725,0x280,DATA:41 0 0 0 0 0 0 0
2025-06-26 20:24:22.725,0x280,DATA:41 0 0 0 0 0 0 0
2025-06-26 20:24:22.731,0x288,DATA:81 195 48 0 0 94 207 0
2025-06-26 20:24:22.735,0x380,DATA:0 135 0 0 128 0 0 16
2025-06-26 20:24:22.737,0x280,DATA:41 0 0 0 0 0 0 0
2025-06-26 20:24:22.743,0x288,DATA:143 195 48 0 0 94 207 0
2025-06-26 20:24:22.745,0x380,DATA:0 135 0 0 128 0 0 16
2025-06-26 20:24:22.749,0x280,DATA:41 0 0 0 0 0 0 0
2025-06-26 20:24:22.755,0x288,DATA:143 195 48 0 0 94 207 0
2025-06-26 20:24:22.758,0x380,DATA:0 135 0 0 128 0 0 16
2025-06-26 20:24:22.763,0x488,DATA:61 19 92 116 166 0 0 160
2025-06-26 20:24:22.766,0x280,DATA:41 0 0 0 0 0 0 0
2025-06-26 20:24:22.776,0x588,DATA:234 64 116 0 0 3 0 0
2025-06-26 20:24:22.776,0x280,DATA:41 0 0 0 0 0 0 0
2025-06-26 20:24:22.776,0x288,DATA:213 195 48 0 0 94 207 0
2025-06-26 20:24:22.776,0x280,DATA:41 0 0 0 0 0 0 0
2025-06-26 20:24:22.787,0x288,DATA:213 195 48 0 0 94 207 0
2025-06-26 20:24:22.792,0x380,DATA:0 135 0 0 128 0 0 16
2025-06-26 20:24:22.799,0x488,DATA:125 19 92 116 166 0 0 224
2025-06-26 20:24:22.799,0x280,DATA:41 0 0 0 0 0 0 0
2025-06-26 20:24:22.799,0x288,DATA:213 195 48 0 0 94 207 0
2025-06-26 20:24:22.808,0x380,DATA:0 135 0 0 128 0 0 16
2025-06-26 20:24:22.808,0x280,DATA:41 0 0 0 0 0 0 0
2025-06-26 20:24:22.808,0x288,DATA:213 195 48 0 0 94 207 0
2025-06-26 20:24:22.816,0x380,DATA:0 135 0 0 128 0 0 16
2025-06-26 20:24:22.826,0x280,DATA:41 0 0 0 0 0 0 0
2025-06-26 20:24:22.826,0x288,DATA:17 195 48 0 0 94 207 0
2025-06-26 20:24:22.832,0x380,DATA:0 135 0 0 128 0 0 16
2025-06-26 20:24:22.837,0x280,DATA:41 0 0 0 0 0 0 0
2025-06-26 20:24:22.840,0x288,DATA:17 195 48 0 0 94 207 0
2025-06-26 20:24:22.840,0x320,DATA:68 3 136 0 0 0 0 0
2025-06-26 20:24:22.849,0x280,DATA:41 0 0 0 0 0 0 0
2025-06-26 20:24:22.849,0x288,DATA:17 195 48 0 0 94 207 0
2025-06-26 20:24:22.859,0x280,DATA:41 0 0 0 0 0 0 0
2025-06-26 20:24:22.859,0x288,DATA:81 195 48 0 0 94 207 0
2025-06-26 20:24:22.865,0x380,DATA:0 135 0 0 128 0 0 16
2025-06-26 20:24:22.870,0x488,DATA:205 19 92 116 166 0 0 80
2025-06-26 20:24:22.870,0x280,DATA:41 0 0 0 0 0 0 0
2025-06-26 20:24:22.876,0x288,DATA:81 195 48 0 0 94 207 0
2025-06-26 20:24:22.881,0x380,DATA:0 135 0 0 128 0 0 16
2025-06-26 20:24:22.881,0x280,DATA:41 0 0 0 0 0 0 0
2025-06-26 20:24:22.881,0x288,DATA:81 195 48 0 0 94 207 0
2025-06-26 20:24:22.890,0x288,DATA:81 195 48 0 0 94 207 0
2025-06-26 20:24:22.898,0x280,DATA:41 0 0 0 0 0 0 0
2025-06-26 20:24:22.898,0x288,DATA:143 195 48 0 0 94 207 0
2025-06-26 20:24:22.898,0x380,DATA:0 135 0 0 128 0 0 16
2025-06-26 20:24:22.906,0x280,DATA:41 0 0 0 0 0 0 0
2025-06-26 20:24:22.906,0x288,DATA:143 195 48 0 0 94 207 0
2025-06-26 20:24:22.915,0x280,DATA:41 0 0 0 0 0 0 0
2025-06-26 20:24:22.920,0x288,DATA:143 195 48 0 0 94 207 0
2025-06-26 20:24:22.920,0x380,DATA:0 135 0 0 128 0 0 16
2025-06-26 20:24:22.923,0x280,DATA:41 0 0 0 0 0 0 0
2025-06-26 20:24:22.931,0x288,DATA:143 195 48 0 0 94 207 0
2025-06-26 20:24:22.933,0x380,DATA:0 135 0 0 128 0 0 16
2025-06-26 20:24:22.940,0x280,DATA:41 0 0 0 0 0 0 0
2025-06-26 20:24:22.940,0x288,DATA:213 195 48 0 0 94 207 0
2025-06-26 20:24:22.948,0x380,DATA:0 135 0 0 128 0 0 16
2025-06-26 20:24:22.954,0x280,DATA:41 0 0 0 0 0 0 0
2025-06-26 20:24:22.954,0x288,DATA:213 195 48 0 0 94 207 0
2025-06-26 20:24:22.959,0x380,DATA:0 135 0 0 128 0 0 16
2025-06-26 20:24:22.964,0x488,DATA:109 19 92 116 166 0 0 240
2025-06-26 20:24:22.966,0x470,DATA:0 0 0 0 2
2025-06-26 20:24:22.971,0x5D0,DATA:128 2 65 32 0 0
2025-06-26 20:24:22.972,0x280,DATA:41 0 0 0 0 0 0 0
2025-06-26 20:24:22.976,0x280,DATA:41 0 0 0 0 0 0 0
2025-06-26 20:24:22.980,0x288,DATA:17 195 48 0 0 94 207 0
2025-06-26 20:24:22.987,0x380,DATA:0 135 0 0 128 0 0 16
2025-06-26 20:24:22.993,0x280,DATA:41 0 0 0 0 0 0 0
2025-06-26 20:24:22.995,0x288,DATA:17 195 48 0 0 94 207 0
2025-06-26 20:24:22.995,0x380,DATA:0 135 0 0 128 0 0 16
2025-06-26 20:24:23.006,0x288,DATA:17 195 48 0 0 94 207 0
2025-06-26 20:24:23.006,0x488,DATA:173 19 92 116 166 0 0 48
2025-06-26 20:24:23.012,0x470,DATA:0 0 0 0 2
2025-06-26 20:24:23.020,0x280,DATA:41 0 0 0 0 0 0 0
2025-06-26 20:24:23.020,0x288,DATA:81 195 48 0 0 94 207 0
2025-06-26 20:24:23.020,0x280,DATA:41 0 0 0 0 0 0 0
2025-06-26 20:24:23.030,0x288,DATA:81 195 48 0 0 94 207 0
2025-06-26 20:24:23.030,0x380,DATA:0 135 0 0 128 0 0 16
2025-06-26 20:24:23.036,0x280,DATA:41 0 0 0 0 0 0 0
2025-06-26 20:24:23.036,0x288,DATA:81 195 48 0 0 94 207 0
2025-06-26 20:24:23.045,0x380,DATA:0 135 0 0 128 0 0 16
2025-06-26 20:24:23.045,0x280,DATA:41 0 0 0 0 0 0 0
2025-06-26 20:24:23.053,0x288,DATA:81 195 48 0 0 94 207 0
2025-06-26 20:24:23.053,0x280,DATA:41 0 0 0 0 0 0 0
2025-06-26 20:24:23.061,0x288,DATA:143 195 48 0 0 94 207 0
2025-06-26 20:24:23.070,0x380,DATA:0 135 0 0 128 0 0 16
2025-06-26 20:24:23.070,0x380,DATA:0 135 0 0 128 0 0 16
2025-06-26 20:24:23.070,0x280,DATA:41 0 0 0 0 0 0 0
2025-06-26 20:24:23.078,0x288,DATA:143 195 48 0 0 94 207 0
2025-06-26 20:24:23.078,0x380,DATA:0 135 0 0 128 0 0 16
2025-06-26 20:24:23.086,0x320,DATA:68 3 136 0 0 0 0 0
2025-06-26 20:24:23.086,0x280,DATA:41 0 0 0 0 0 0 0
2025-06-26 20:24:23.093,0x288,DATA:143 195 48 0 0 94 207 0
2025-06-26 20:24:23.095,0x280,DATA:41 0 0 0 0 0 0 0
2025-06-26 20:24:23.103,0x288,DATA:213 195 48 0 0 94 207 0
2025-06-26 20:24:23.103,0x280,DATA:41 0 0 0 0 0 0 0
2025-06-26 20:24:23.103,0x288,DATA:213 195 48 0 0 94 207 0
2025-06-26 20:24:23.111,0x380,DATA:0 135 0 0 128 0 0 16
2025-06-26 20:24:23.120,0x488,DATA:125 19 92 116 166 0 0 224
2025-06-26 20:24:23.124,0x280,DATA:41 0 0 0 0 0 0 0
2025-06-26 20:24:23.130,0x288,DATA:213 195 48 0 0 94 207 0
2025-06-26 20:24:23.130,0x380,DATA:0 135 0 0 128 0 0 16
2025-06-26 20:24:23.136,0x280,DATA:41 0 0 0 0 0 0 0
2025-06-26 20:24:23.141,0x380,DATA:0 135 0 0 128 0 0 16
2025-06-26 20:24:23.141,0x588,DATA:234 64 116 0 0 3 0 0
2025-06-26 20:24:23.144,0x320,DATA:68 3 136 0 0 0 0 0
2025-06-26 20:24:23.153,0x280,DATA:41 0 0 0 0 0 0 0
2025-06-26 20:24:23.153,0x280,DATA:41 0 0 0 0 0 0 0
2025-06-26 20:24:23.153,0x288,DATA:17 195 48 0 0 94 207 0
2025-06-26 20:24:23.161,0x380,DATA:0 135 0 0 128 0 0 16
2025-06-26 20:24:23.169,0x488,DATA:173 19 92 116 166 0 0 48
2025-06-26 20:24:23.169,0x280,DATA:41 0 0 0 0 0 0 0
2025-06-26 20:24:23.181,0x288,DATA:17 195 48 0 0 94 207 0
2025-06-26 20:24:23.181,0x380,DATA:0 135 0 0 128 0 0 16
2025-06-26 20:24:23.187,0x280,DATA:41 0 0 0 0 0 0 0
2025-06-26 20:24:23.187,0x288,DATA:81 195 48 0 0 94 207 0
2025-06-26 20:24:23.193,0x380,DATA:0 135 0 0 128 0 0 16
2025-06-26 20:24:23.195,0x280,DATA:41 0 0 0 0 0 0 0
2025-06-26 20:24:23.202,0x288,DATA:81 195 48 0 0 94 207 0
2025-06-26 20:24:23.202,0x380,DATA:0 135 0 0 128 0 0 16
2025-06-26 20:24:23.202,0x480,DATA:15 12 0 0 0 64 1 66
2025-06-26 20:24:23.211,0x320,DATA:68 3 136 0 0 0 0 0
2025-06-26 20:24:23.213,0x280,DATA:41 0 0 0 0 0 0 0
2025-06-26 20:24:23.220,0x280,DATA:41 0 0 0 0 0 0 0
2025-06-26 20:24:23.220,0x288,DATA:143 195 48 0 0 94 207 0
2025-06-26 20:24:23.231,0x380,DATA:0 135 0 0 128 0 0 16
2025-06-26 20:24:23.231,0x280,DATA:41 0 0 0 0 0 0 0
2025-06-26 20:24:23.236,0x288,DATA:143 195 48 0 0 94 207 0
2025-06-26 20:24:23.236,0x380,DATA:0 135 0 0 128 0 0 16
2025-06-26 20:24:23.236,0x488,DATA:61 19 92 116 166 0 0 160
2025-06-26 20:24:23.245,0x280,DATA:41 0 0 0 0 0 0 0
2025-06-26 20:24:23.253,0x280,DATA:41 0 0 0 0 0 0 0
2025-06-26 20:24:23.253,0x288,DATA:143 195 48 0 0 94 207 0
2025-06-26 20:24:23.257,0x380,DATA:0 135 0 0 128 0 0 16
2025-06-26 20:24:23.261,0x480,DATA:89 12 0 0 0 64 1 20
2025-06-26 20:24:23.261,0x320,DATA:68 3 136 0 0 0 0 0
2025-06-26 20:24:23.270,0x470,DATA:0 0 0 0 2
2025-06-26 20:24:23.270,0x280,DATA:41 0 0 0 0 0 0 0
2025-06-26 20:24:23.280,0x288,DATA:213 195 48 0 0 94 207 0
2025-06-26 20:24:23.280,0x380,DATA:0 135 0 0 128 0 0 16
2025-06-26 20:24:23.287,0x280,DATA:41 0 0 0 0 0 0 0
2025-06-26 20:24:23.287,0x288,DATA:213 195 48 0 0 94 207 0
2025-06-26 20:24:23.295,0x380,DATA:0 135 0 0 128 0 0 16
2025-06-26 20:24:23.295,0x488,DATA:157 19 92 116 166 0 0 0
2025-06-26 20:24:23.303,0x280,DATA:41 0 0 0 0 0 0 0
2025-06-26 20:24:23.303,0x288,DATA:17 195 48 0 0 94 207 0
2025-06-26 20:24:23.303,0x280,DATA:41 0 0 0 0 0 0 0
2025-06-26 20:24:23.320,0x288,DATA:17 195 48 0 0 94 207 0
2025-06-26 20:24:23.320,0x280,DATA:41 0 0 0 0 0 0 0
2025-06-26 20:24:23.320,0x380,DATA:0 135 0 0 128 0 0 16
2025-06-26 20:24:23.331,0x488,DATA:173 19 92 116 166 0 0 48
2025-06-26 20:24:23.331,0x320,DATA:68 3 136 0 0 0 0 0
2025-06-26 20:24:23.336,0x280,DATA:41 0 0 0 0 0 0 0
2025-06-26 20:24:23.336,0x288,DATA:81 195 48 0 0 94 207 0
2025-06-26 20:24:23.336,0x380,DATA:0 135 0 0 128 0 0 16
2025-06-26 20:24:23.345,0x280,DATA:41 0 0 0 0 0 0 0
2025-06-26 20:24:23.353,0x288,DATA:81 195 48 0 0 94 207 0
2025-06-26 20:24:23.353,0x380,DATA:0 135 0 0 128 0 0 16
2025-06-26 20:24:23.353,0x280,DATA:41 0 0 0 0 0 0 0
2025-06-26 20:24:23.364,0x288,DATA:81 195 48 0 0 94 207 0
2025-06-26 20:24:23.371,0x380,DATA:0 135 0 0 128 0 0 16
2025-06-26 20:24:23.371,0x280,DATA:41 0 0 0 0 0 0 0
2025-06-26 20:24:23.371,0x288,DATA:81 195 48 0 0 94 207 0
2025-06-26 20:24:23.380,0x280,DATA:41 0 0 0 0 0 0 0
2025-06-26 20:24:23.380,0x288,DATA:143 195 48 0 0 94 207 0
2025-06-26 20:24:23.386,0x380,DATA:0 135 0 0 128 0 0 16
2025-06-26 20:24:23.386,0x588,DATA:234 64 116 0 0 3 0 0
2025-06-26 20:24:23.386,0x280,DATA:41 0 0 0 0 0 0 0
2025-06-26 20:24:23.394,0x288,DATA:143 195 48 0 0 94 207 0
2025-06-26 20:24:23.402,0x280,DATA:41 0 0 0 0 0 0 0
2025-06-26 20:24:23.402,0x288,DATA:143 195 48 0 0 94 207 0
2025-06-26 20:24:23.402,0x380,DATA:0 135 0 0 128 0 0 16
2025-06-26 20:24:23.414,0x280,DATA:41 0 0 0 0 0 0 0
2025-06-26 20:24:23.418,0x288,DATA:213 195 48 0 0 94 207 0
2025-06-26 20:24:23.418,0x380,DATA:0 135 0 0 128 0 0 16
2025-06-26 20:24:23.427,0x280,DATA:41 0 0 0 0 0 0 0
2025-06-26 20:24:23.427,0x288,DATA:213 195 48 0 0 94 207 0
2025-06-26 20:24:23.437,0x380,DATA:0 135 0 0 128 0 0 16
2025-06-26 20:24:23.443,0x280,DATA:41 0 0 0 0 0 0 0
2025-06-26 20:24:23.443,0x380,DATA:0 135 0 0 128 0 0 16
2025-06-26 20:24:23.443,0x480,DATA:192 12 0 0 0 64 1 141
2025-06-26 20:24:23.454,0x520,DATA:255 143 1 150 124 18 163 1
2025-06-26 20:24:23.454,0x280,DATA:41 0 0 0 0 0 0 0
2025-06-26 20:24:23.459,0x288,DATA:17 195 48 0 0 94 207 0
2025-06-26 20:24:23.459,0x470,DATA:0 0 0 0 2
2025-06-26 20:24:23.459,0x5D0,DATA:128 2 65 32 0 0
2025-06-26 20:24:23.470,0x5D8,DATA:1 4 0 0 0 0 0 0
2025-06-26 20:24:23.470,0x280,DATA:41 0 0 0 0 0 0 0
2025-06-26 20:24:23.477,0x288,DATA:17 195 48 0 0 94 207 0
2025-06-26 20:24:23.479,0x380,DATA:0 135 0 0 128 0 0 16
2025-06-26 20:24:23.487,0x280,DATA:41 0 0 0 0 0 0 0
2025-06-26 20:24:23.493,0x288,DATA:17 195 48 0 0 94 207 0
2025-06-26 20:24:23.493,0x380,DATA:0 135 0 0 128 0 0 16
2025-06-26 20:24:23.493,0x280,DATA:41 0 0 0 0 0 0 0
2025-06-26 20:24:23.504,0x288,DATA:81 195 48 0 0 94 207 0
2025-06-26 20:24:23.504,0x380,DATA:0 135 0 0 128 0 0 16
2025-06-26 20:24:23.509,0x470,DATA:0 0 0 0 2
2025-06-26 20:24:23.509,0x280,DATA:41 0 0 0 0 0 0 0
2025-06-26 20:24:23.509,0x288,DATA:81 195 48 0 0 94 207 0
2025-06-26 20:24:23.517,0x380,DATA:0 135 0 0 128 0 0 16
2025-06-26 20:24:23.526,0x280,DATA:41 0 0 0 0 0 0 0
2025-06-26 20:24:23.531,0x288,DATA:81 195 48 0 0 94 207 0
2025-06-26 20:24:23.537,0x280,DATA:41 0 0 0 0 0 0 0
2025-06-26 20:24:23.537,0x288,DATA:143 195 48 0 0 94 207 0
2025-06-26 20:24:23.543,0x380,DATA:0 135 0 0 128 0 0 16
2025-06-26 20:24:23.543,0x488,DATA:13 19 92 116 166 0 0 144
2025-06-26 20:24:23.543,0x280,DATA:41 0 0 0 0 0 0 0
2025-06-26 20:24:23.550,0x288,DATA:143 195 48 0 0 94 207 0
2025-06-26 20:24:23.558,0x288,DATA:143 195 48 0 0 94 207 0
2025-06-26 20:24:23.558,0x380,DATA:0 135 0 0 128 0 0 16
2025-06-26 20:24:23.558,0x480,DATA:89 12 0 0 0 64 1 20
2025-06-26 20:24:23.567,0x280,DATA:41 0 0 0 0 0 0 0
2025-06-26 20:24:23.575,0x288,DATA:213 195 48 0 0 94 207 0
2025-06-26 20:24:23.582,0x380,DATA:0 135 0 0 128 0 0 16
2025-06-26 20:24:23.583,0x280,DATA:41 0 0 0 0 0 0 0
2025-06-26 20:24:23.584,0x288,DATA:213 195 48 0 0 94 207 0
2025-06-26 20:24:23.591,0x380,DATA:0 135 0 0 128 0 0 16
2025-06-26 20:24:23.591,0x280,DATA:41 0 0 0 0 0 0 0
2025-06-26 20:24:23.599,0x288,DATA:213 195 48 0 0 94 207 0
2025-06-26 20:24:23.599,0x380,DATA:0 135 0 0 128 0 0 16
2025-06-26 20:24:23.599,0x280,DATA:41 0 0 0 0 0 0 0
2025-06-26 20:24:23.608,0x288,DATA:213 195 48 0 0 94 207 0
2025-06-26 20:24:23.615,0x380,DATA:0 135 0 0 128 0 0 16
2025-06-26 20:24:23.615,0x488,DATA:157 19 92 116 166 0 0 0
2025-06-26 20:24:23.615,0x288,DATA:17 195 48 0 0 94 207 0
2025-06-26 20:24:23.624,0x488,DATA:141 19 92 116 166 0 0 16
2025-06-26 20:24:23.632,0x280,DATA:41 0 0 0 0 0 0 0
2025-06-26 20:24:23.636,0x288,DATA:17 195 48 0 0 94 207 0
2025-06-26 20:24:23.636,0x380,DATA:0 135 0 0 128 0 0 16
2025-06-26 20:24:23.639,0x320,DATA:68 3 136 0 0 0 0 0
2025-06-26 20:24:23.648,0x280,DATA:41 0 0 0 0 0 0 0
2025-06-26 20:24:23.648,0x288,DATA:17 195 48 0 0 94 207 0
2025-06-26 20:24:23.656,0x380,DATA:0 135 0 0 128 0 0 16
2025-06-26 20:24:23.664,0x280,DATA:41 0 0 0 0 0 0 0
2025-06-26 20:24:23.666,0x288,DATA:81 195 48 0 0 94 207 0
2025-06-26 20:24:23.666,0x380,DATA:0 135 0 0 128 0 0 16
2025-06-26 20:24:23.676,0x280,DATA:41 0 0 0 0 0 0 0
2025-06-26 20:24:23.676,0x288,DATA:81 195 48 0 0 94 207 0
2025-06-26 20:24:23.681,0x280,DATA:41 0 0 0 0 0 0 0
2025-06-26 20:24:23.685,0x288,DATA:81 195 48 0 0 94 207 0
2025-06-26 20:24:23.685,0x380,DATA:0 135 0 0 128 0 0 16
2025-06-26 20:24:23.689,0x488,DATA:29 19 92 116 166 0 0 128
2025-06-26 20:24:23.698,0x280,DATA:41 0 0 0 0 0 0 0
2025-06-26 20:24:23.698,0x288,DATA:143 195 48 0 0 94 207 0
2025-06-26 20:24:23.709,0x320,DATA:68 3 136 0 0 0 0 0
2025-06-26 20:24:23.709,0x280,DATA:41 0 0 0 0 0 0 0
2025-06-26 20:24:23.715,0x288,DATA:143 195 48 0 0 94 207 0
2025-06-26 20:24:23.715,0x280,DATA:41 0 0 0 0 0 0 0
2025-06-26 20:24:23.715,0x288,DATA:143 195 48 0 0 94 207 0
2025-06-26 20:24:23.723,0x380,DATA:0 135 0 0 128 0 0 16
2025-06-26 20:24:23.731,0x280,DATA:41 0 0 0 0 0 0 0
2025-06-26 20:24:23.731,0x288,DATA:143 195 48 0 0 94 207 0
2025-06-26 20:24:23.734,0x380,DATA:0 135 0 0 128 0 0 16
2025-06-26 20:24:23.740,0x488,DATA:93 19 92 116 166 0 0 192
2025-06-26 20:24:23.747,0x280,DATA:41 0 0 0 0 0 0 0
2025-06-26 20:24:23.747,0x288,DATA:213 195 48 0 0 94 207 0
2025-06-26 20:24:23.747,0x288,DATA:213 195 48 0 0 94 207 0
2025-06-26 20:24:23.759,0x488,DATA:125 19 92 116 166 0 0 224
2025-06-26 20:24:23.764,0x280,DATA:41 0 0 0 0 0 0 0
2025-06-26 20:24:23.764,0x320,DATA:68 3 136 0 0 0 0 0
2025-06-26 20:24:23.764,0x420,DATA:3 0 0 0 195 0 128 0
2025-06-26 20:24:23.764,0x470,DATA:0 0 0 0 2
2025-06-26 20:24:23.772,0x570,DATA:3 0 0 0
2025-06-26 20:24:23.772,0x280,DATA:41 0 0 0 0 0 0 0
2025-06-26 20:24:23.780,0x288,DATA:17 195 48 0 0 94 207 0
2025-06-26 20:24:23.782,0x280,DATA:41 0 0 0 0 0 0 0
2025-06-26 20:24:23.782,0x288,DATA:17 195 48 0 0 94 207 0
2025-06-26 20:24:23.796,0x380,DATA:0 135 0 0 128 0 0 16
2025-06-26 20:24:23.796,0x280,DATA:41 0 0 0 0 0 0 0
2025-06-26 20:24:23.804,0x288,DATA:17 195 48 0 0 94 207 0
2025-06-26 20:24:23.809,0x380,DATA:0 135 0 0 128 0 0 16
2025-06-26 20:24:23.809,0x380,DATA:0 135 0 0 128 0 0 16
2025-06-26 20:24:23.815,0x588,DATA:234 64 116 0 0 3 0 0
2025-06-26 20:24:23.821,0x580,DATA:138 0 0 25 15 74 68 144
2025-06-26 20:24:23.821,0x320,DATA:68 3 136 0 0 0 0 0
2025-06-26 20:24:23.821,0x280,DATA:41 0 0 0 0 0 0 0
2025-06-26 20:24:23.832,0x288,DATA:81 195 48 0 0 94 207 0
2025-06-26 20:24:23.839,0x280,DATA:41 0 0 0 0 0 0 0
2025-06-26 20:24:23.839,0x288,DATA:81 195 48 0 0 94 207 0
2025-06-26 20:24:23.848,0x380,DATA:0 135 0 0 128 0 0 16
2025-06-26 20:24:23.848,0x280,DATA:41 0 0 0 0 0 0 0
2025-06-26 20:24:23.854,0x288,DATA:81 195 48 0 0 94 207 0
2025-06-26 20:24:23.857,0x380,DATA:0 135 0 0 128 0 0 16
2025-06-26 20:24:23.857,0x280,DATA:41 0 0 0 0 0 0 0
2025-06-26 20:24:23.862,0x288,DATA:143 195 48 0 0 94 207 0
2025-06-26 20:24:23.870,0x380,DATA:0 135 0 0 128 0 0 16
2025-06-26 20:24:23.870,0x280,DATA:41 0 0 0 0 0 0 0
2025-06-26 20:24:23.870,0x288,DATA:143 195 48 0 0 94 207 0
2025-06-26 20:24:23.879,0x488,DATA:61 19 92 116 166 0 0 160
2025-06-26 20:24:23.879,0x320,DATA:68 3 136 0 0 0 0 0
2025-06-26 20:24:23.887,0x280,DATA:41 0 0 0 0 0 0 0
2025-06-26 20:24:23.892,0x288,DATA:143 195 48 0 0 94 207 0
2025-06-26 20:24:23.898,0x280,DATA:41 0 0 0 0 0 0 0
2025-06-26 20:24:23.900,0x288,DATA:213 195 48 0 0 94 207 0
2025-06-26 20:24:23.904,0x380,DATA:0 135 0 0 128 0 0 16
2025-06-26 20:24:23.904,0x280,DATA:41 0 0 0 0 0 0 0
2025-06-26 20:24:23.914,0x288,DATA:213 195 48 0 0 94 207 0
2025-06-26 20:24:23.921,0x280,DATA:41 0 0 0 0 0 0 0
2025-06-26 20:24:23.922,0x288,DATA:213 195 48 0 0 94 207 0
2025-06-26 20:24:23.926,0x380,DATA:0 135 0 0 128 0 0 16
2025-06-26 20:24:23.929,0x288,DATA:213 195 48 0 0 94 207 0
2025-06-26 20:24:23.929,0x488,DATA:157 19 92 116 166 0 0 0
2025-06-26 20:24:23.937,0x280,DATA:41 0 0 0 0 0 0 0
2025-06-26 20:24:23.939,0x288,DATA:17 195 48 0 0 94 207 0
2025-06-26 20:24:23.939,0x320,DATA:68 3 136 0 0 0 0 0
2025-06-26 20:24:23.948,0x280,DATA:41 0 0 0 0 0 0 0
2025-06-26 20:24:23.953,0x280,DATA:41 0 0 0 0 0 0 0
2025-06-26 20:24:23.954,0x288,DATA:17 195 48 0 0 94 207 0
2025-06-26 20:24:23.965,0x380,DATA:0 135 0 0 128 0 0 16
2025-06-26 20:24:23.965,0x280,DATA:41 0 0 0 0 0 0 0
2025-06-26 20:24:23.971,0x288,DATA:17 195 48 0 0 94 207 0
2025-06-26 20:24:23.976,0x380,DATA:0 135 0 0 128 0 0 16
2025-06-26 20:24:23.977,0x280,DATA:41 0 0 0 0 0 0 0
2025-06-26 20:24:23.982,0x288,DATA:81 195 48 0 0 94 207 0
2025-06-26 20:24:23.983,0x380,DATA:0 135 0 0 128 0 0 16
2025-06-26 20:24:23.987,0x488,DATA:205 19 92 116 166 0 0 80
2025-06-26 20:24:23.992,0x280,DATA:41 0 0 0 0 0 0 0
2025-06-26 20:24:23.998,0x288,DATA:81 195 48 0 0 94 207 0
2025-06-26 20:24:23.998,0x320,DATA:68 3 136 0 0 0 0 0
2025-06-26 20:24:24.004,0x280,DATA:41 0 0 0 0 0 0 0
2025-06-26 20:24:24.004,0x288,DATA:81 195 48 0 0 94 207 0
2025-06-26 20:24:24.011,0x470,DATA:0 0 0 0 2
2025-06-26 20:24:24.011,0x280,DATA:41 0 0 0 0 0 0 0
2025-06-26 20:24:24.019,0x288,DATA:143 195 48 0 0 94 207 0
2025-06-26 20:24:24.019,0x280,DATA:41 0 0 0 0 0 0 0
2025-06-26 20:24:24.025,0x288,DATA:143 195 48 0 0 94 207 0
2025-06-26 20:24:24.032,0x380,DATA:0 135 0 0 128 0 0 16
2025-06-26 20:24:24.037,0x488,DATA:61 19 92 116 166 0 0 160
2025-06-26 20:24:24.037,0x280,DATA:41 0 0 0 0 0 0 0
2025-06-26 20:24:24.037,0x288,DATA:143 195 48 0 0 94 207 0
2025-06-26 20:24:24.047,0x380,DATA:0 135 0 0 128 0 0 16
2025-06-26 20:24:24.047,0x280,DATA:41 0 0 0 0 0 0 0
2025-06-26 20:24:24.055,0x288,DATA:143 195 48 0 0 94 207 0
2025-06-26 20:24:24.065,0x380,DATA:0 135 0 0 128 0 0 16
2025-06-26 20:24:24.065,0x480,DATA:192 12 0 0 0 64 1 141
2025-06-26 20:24:24.070,0x320,DATA:68 3 136 0 0 0 0 0
2025-06-26 20:24:24.070,0x470,DATA:0 0 0 0 2
2025-06-26 20:24:24.072,0x280,DATA:41 0 0 0 0 0 0 0
2025-06-26 20:24:24.081,0x288,DATA:213 195 48 0 0 94 207 0
2025-06-26 20:24:24.081,0x280,DATA:41 0 0 0 0 0 0 0
2025-06-26 20:24:24.087,0x288,DATA:213 195 48 0 0 94 207 0
2025-06-26 20:24:24.092,0x380,DATA:0 135 0 0 128 0 0 16
2025-06-26 20:24:24.092,0x488,DATA:157 19 92 116 166 0 0 0
2025-06-26 20:24:24.095,0x280,DATA:41 0 0 0 0 0 0 0
2025-06-26 20:24:24.104,0x288,DATA:17 195 48 0 0 94 207 0
2025-06-26 20:24:24.104,0x280,DATA:41 0 0 0 0 0 0 0
2025-06-26 20:24:24.115,0x288,DATA:17 195 48 0 0 94 207 0
2025-06-26 20:24:24.121,0x380,DATA:0 135 0 0 128 0 0 16
2025-06-26 20:24:24.121,0x480,DATA:15 12 0 0 0 64 1 66
2025-06-26 20:24:24.131,0x320,DATA:68 3 136 0 0 0 0 0
2025-06-26 20:24:24.131,0x280,DATA:41 0 0 0 0 0 0 0
2025-06-26 20:24:24.138,0x288,DATA:17 195 48 0 0 94 207 0
2025-06-26 20:24:24.143,0x280,DATA:41 0 0 0 0 0 0 0
2025-06-26 20:24:24.143,0x288,DATA:81 195 48 0 0 94 207 0
2025-06-26 20:24:24.148,0x380,DATA:0 135 0 0 128 0 0 16
2025-06-26 20:24:24.154,0x280,DATA:41 0 0 0 0 0 0 0
2025-06-26 20:24:24.154,0x288,DATA:81 195 48 0 0 94 207 0
2025-06-26 20:24:24.154,0x280,DATA:41 0 0 0 0 0 0 0
2025-06-26 20:24:24.163,0x288,DATA:81 195 48 0 0 94 207 0
2025-06-26 20:24:24.170,0x380,DATA:0 135 0 0 128 0 0 16
2025-06-26 20:24:24.171,0x280,DATA:41 0 0 0 0 0 0 0
2025-06-26 20:24:24.180,0x288,DATA:81 195 48 0 0 94 207 0
2025-06-26 20:24:24.180,0x380,DATA:0 135 0 0 128 0 0 16
2025-06-26 20:24:24.187,0x280,DATA:41 0 0 0 0 0 0 0
2025-06-26 20:24:24.192,0x380,DATA:0 135 0 0 128 0 0 16
2025-06-26 20:24:24.192,0x480,DATA:89 12 0 0 0 64 1 20
2025-06-26 20:24:24.196,0x280,DATA:41 0 0 0 0 0 0 0
2025-06-26 20:24:24.196,0x288,DATA:143 195 48 0 0 94 207 0
2025-06-26 20:24:24.204,0x380,DATA:0 135 0 0 128 0 0 16
2025-06-26 20:24:24.204,0x320,DATA:68 3 136 0 0 0 0 0
2025-06-26 20:24:24.204,0x280,DATA:41 0 0 0 0 0 0 0
2025-06-26 20:24:24.213,0x288,DATA:143 195 48 0 0 94 207 0
2025-06-26 20:24:24.221,0x280,DATA:41 0 0 0 0 0 0 0
2025-06-26 20:24:24.226,0x288,DATA:213 195 48 0 0 94 207 0
2025-06-26 20:24:24.229,0x380,DATA:0 135 0 0 128 0 0 16
2025-06-26 20:24:24.229,0x280,DATA:41 0 0 0 0 0 0 0
2025-06-26 20:24:24.237,0x288,DATA:213 195 48 0 0 94 207 0
2025-06-26 20:24:24.239,0x380,DATA:0 135 0 0 128 0 0 16
2025-06-26 20:24:24.239,0x280,DATA:41 0 0 0 0 0 0 0
2025-06-26 20:24:24.248,0x288,DATA:213 195 48 0 0 94 207 0
2025-06-26 20:24:24.253,0x380,DATA:0 135 0 0 128 0 0 16
2025-06-26 20:24:24.253,0x520,DATA:255 143 1 150 124 18 163 1
2025-06-26 20:24:24.263,0x280,DATA:41 0 0 0 0 0 0 0
2025-06-26 20:24:24.267,0x288,DATA:17 195 48 0 0 94 207 0
2025-06-26 20:24:24.271,0x320,DATA:68 3 136 0 0 0 0 0
2025-06-26 20:24:24.272,0x470,DATA:0 0 0 0 2
2025-06-26 20:24:24.276,0x570,DATA:3 0 0 0
2025-06-26 20:24:24.277,0x280,DATA:41 0 0 0 0 0 0 0
2025-06-26 20:24:24.282,0x288,DATA:17 195 48 0 0 94 207 0
2025-06-26 20:24:24.287,0x380,DATA:0 135 0 0 128 0 0 16
2025-06-26 20:24:24.287,0x280,DATA:41 0 0 0 0 0 0 0
2025-06-26 20:24:24.296,0x288,DATA:17 195 48 0 0 94 207 0
2025-06-26 20:24:24.303,0x380,DATA:0 135 0 0 128 0 0 16
2025-06-26 20:24:24.308,0x488,DATA:221 19 92 116 166 0 0 64
2025-06-26 20:24:24.308,0x280,DATA:41 0 0 0 0 0 0 0
2025-06-26 20:24:24.311,0x288,DATA:81 195 48 0 0 94 207 0
2025-06-26 20:24:24.320,0x380,DATA:0 135 0 0 128 0 0 16
2025-06-26 20:24:24.320,0x470,DATA:0 0 0 0 2
2025-06-26 20:24:24.320,0x320,DATA:68 3 136 0 0 0 0 0
2025-06-26 20:24:24.328,0x280,DATA:41 0 0 0 0 0 0 0
2025-06-26 20:24:24.336,0x288,DATA:81 195 48 0 0 94 207 0
2025-06-26 20:24:24.338,0x380,DATA:0 135 0 0 128 0 0 16
2025-06-26 20:24:24.338,0x280,DATA:41 0 0 0 0 0 0 0
2025-06-26 20:24:24.344,0x288,DATA:143 195 48 0 0 94 207 0
2025-06-26 20:24:24.344,0x380,DATA:0 135 0 0 128 0 0 16
2025-06-26 20:24:24.353,0x280,DATA:41 0 0 0 0 0 0 0
2025-06-26 20:24:24.356,0x288,DATA:143 195 48 0 0 94 207 0
2025-06-26 20:24:24.361,0x380,DATA:0 135 0 0 128 0 0 16
2025-06-26 20:24:24.369,0x280,DATA:41 0 0 0 0 0 0 0
2025-06-26 20:24:24.369,0x288,DATA:143 195 48 0 0 94 207 0
2025-06-26 20:24:24.377,0x380,DATA:0 135 0 0 128 0 0 16
2025-06-26 20:24:24.380,0x288,DATA:143 195 48 0 0 94 207 0
2025-06-26 20:24:24.385,0x488,DATA:93 19 92 116 166 0 0 192
2025-06-26 20:24:24.385,0x320,DATA:68 3 136 0 0 0 0 0
2025-06-26 20:24:24.385,0x280,DATA:41 0 0 0 0 0 0 0
2025-06-26 20:24:24.394,0x280,DATA:41 0 0 0 0 0 0 0
2025-06-26 20:24:24.394,0x288,DATA:213 195 48 0 0 94 207 0
2025-06-26 20:24:24.404,0x380,DATA:0 135 0 0 128 0 0 16
2025-06-26 20:24:24.407,0x488,DATA:109 19 92 116 166 0 0 240
2025-06-26 20:24:24.411,0x280,DATA:41 0 0 0 0 0 0 0
2025-06-26 20:24:24.421,0x288,DATA:213 195 48 0 0 94 207 0
2025-06-26 20:24:24.421,0x380,DATA:0 135 0 0 128 0 0 16
2025-06-26 20:24:24.421,0x280,DATA:41 0 0 0 0 0 0 0
2025-06-26 20:24:24.431,0x288,DATA:17 195 48 0 0 94 207 0
2025-06-26 20:24:24.431,0x380,DATA:0 135 0 0 128 0 0 16
2025-06-26 20:24:24.437,0x280,DATA:41 0 0 0 0 0 0 0
2025-06-26 20:24:24.437,0x288,DATA:17 195 48 0 0 94 207 0
2025-06-26 20:24:24.443,0x320,DATA:68 3 136 0 0 0 0 0
2025-06-26 20:24:24.448,0x280,DATA:41 0 0 0 0 0 0 0
2025-06-26 20:24:24.448,0x288,DATA:17 195 48 0 0 94 207 0
2025-06-26 20:24:24.453,0x380,DATA:0 135 0 0 128 0 0 16
2025-06-26 20:24:24.453,0x280,DATA:41 0 0 0 0 0 0 0
2025-06-26 20:24:24.462,0x288,DATA:81 195 48 0 0 94 207 0
2025-06-26 20:24:24.469,0x380,DATA:0 135 0 0 128 0 0 16
2025-06-26 20:24:24.469,0x280,DATA:41 0 0 0 0 0 0 0
2025-06-26 20:24:24.469,0x288,DATA:81 195 48 0 0 94 207 0
2025-06-26 20:24:24.478,0x380,DATA:0 135 0 0 128 0 0 16
2025-06-26 20:24:24.486,0x280,DATA:41 0 0 0 0 0 0 0
2025-06-26 20:24:24.488,0x288,DATA:81 195 48 0 0 94 207 0
2025-06-26 20:24:24.493,0x280,DATA:41 0 0 0 0 0 0 0
2025-06-26 20:24:24.498,0x380,DATA:0 135 0 0 128 0 0 16
2025-06-26 20:24:24.499,0x588,DATA:234 64 116 0 0 3 0 0
2025-06-26 20:24:24.504,0x280,DATA:41 0 0 0 0 0 0 0
2025-06-26 20:24:24.509,0x320,DATA:68 3 136 0 0 0 0 0
2025-06-26 20:24:24.509,0x280,DATA:41 0 0 0 0 0 0 0
2025-06-26 20:24:24.515,0x470,DATA:0 0 0 0 2
2025-06-26 20:24:24.516,0x280,DATA:41 0 0 0 0 0 0 0
2025-06-26 20:24:24.521,0x288,DATA:143 195 48 0 0 94 207 0
2025-06-26 20:24:24.526,0x280,DATA:41 0 0 0 0 0 0 0
2025-06-26 20:24:24.527,0x288,DATA:143 195 48 0 0 94 207 0
2025-06-26 20:24:24.537,0x380,DATA:0 135 0 0 128 0 0 16
2025-06-26 20:24:24.542,0x488,DATA:93 19 92 116 166 0 0 192
2025-06-26 20:24:24.542,0x280,DATA:41 0 0 0 0 0 0 0
2025-06-26 20:24:24.548,0x288,DATA:213 195 48 0 0 94 207 0
2025-06-26 20:24:24.554,0x380,DATA:0 135 0 0 128 0 0 16
2025-06-26 20:24:24.557,0x380,DATA:0 135 0 0 128 0 0 16
2025-06-26 20:24:24.557,0x280,DATA:41 0 0 0 0 0 0 0
2025-06-26 20:24:24.564,0x320,DATA:68 3 136 0 0 0 0 0
2025-06-26 20:24:24.564,0x420,DATA:3 0 0 0 195 0 128 0
2025-06-26 20:24:24.564,0x470,DATA:0 0 0 0 2
2025-06-26 20:24:24.576,0x280,DATA:41 0 0 0 0 0 0 0
2025-06-26 20:24:24.577,0x288,DATA:17 195 48 0 0 94 207 0
2025-06-26 20:24:24.581,0x380,DATA:0 135 0 0 128 0 0 16
2025-06-26 20:24:24.583,0x280,DATA:41 0 0 0 0 0 0 0
2025-06-26 20:24:24.589,0x288,DATA:17 195 48 0 0 94 207 0
2025-06-26 20:24:24.589,0x380,DATA:0 135 0 0 128 0 0 16
2025-06-26 20:24:24.597,0x280,DATA:41 0 0 0 0 0 0 0
2025-06-26 20:24:24.597,0x288,DATA:17 195 48 0 0 94 207 0
2025-06-26 20:24:24.606,0x380,DATA:0 135 0 0 128 0 0 16
2025-06-26 20:24:24.615,0x280,DATA:41 0 0 0 0 0 0 0
2025-06-26 20:24:24.615,0x288,DATA:17 195 48 0 0 94 207 0
2025-06-26 20:24:24.621,0x488,DATA:221 19 92 116 166 0 0 64
2025-06-26 20:24:24.626,0x320,DATA:68 3 136 0 0 0 0 0
2025-06-26 20:24:24.631,0x280,DATA:41 0 0 0 0 0 0 0
2025-06-26 20:24:24.632,0x280,DATA:41 0 0 0 0 0 0 0
2025-06-26 20:24:24.638,0x288,DATA:81 195 48 0 0 94 207 0
2025-06-26 20:24:24.642,0x380,DATA:0 135 0 0 128 0 0 16
2025-06-26 20:24:24.642,0x280,DATA:41 0 0 0 0 0 0 0
2025-06-26 20:24:24.649,0x288,DATA:81 195 48 0 0 94 207 0
2025-06-26 20:24:24.654,0x380,DATA:0 135 0 0 128 0 0 16
2025-06-26 20:24:24.655,0x488,DATA:29 19 92 116 166 0 0 128
2025-06-26 20:24:24.660,0x280,DATA:41 0 0 0 0 0 0 0
2025-06-26 20:24:24.666,0x288,DATA:143 195 48 0 0 94 207 0
2025-06-26 20:24:24.667,0x380,DATA:0 135 0 0 128 0 0 16
2025-06-26 20:24:24.671,0x280,DATA:41 0 0 0 0 0 0 0
2025-06-26 20:24:24.677,0x288,DATA:143 195 48 0 0 94 207 0
2025-06-26 20:24:24.685,0x288,DATA:143 195 48 0 0 94 207 0
2025-06-26 20:24:24.685,0x488,DATA:45 19 92 116 166 0 0 176
2025-06-26 20:24:24.693,0x320,DATA:68 3 136 0 0 0 0 0
2025-06-26 20:24:24.694,0x280,DATA:41 0 0 0 0 0 0 0
2025-06-26 20:24:24.699,0x288,DATA:213 195 48 0 0 94 207 0
2025-06-26 20:24:24.703,0x380,DATA:0 135 0 0 128 0 0 16
2025-06-26 20:24:24.709,0x488,DATA:77 19 92 116 166 0 0 208
2025-06-26 20:24:24.709,0x280,DATA:41 0 0 0 0 0 0 0
2025-06-26 20:24:24.713,0x288,DATA:213 195 48 0 0 94 207 0
2025-06-26 20:24:24.717,0x380,DATA:0 135 0 0 128 0 0 16
2025-06-26 20:24:24.726,0x280,DATA:41 0 0 0 0 0 0 0
2025-06-26 20:24:24.727,0x288,DATA:213 195 48 0 0 94 207 0
2025-06-26 20:24:24.732,0x280,DATA:41 0 0 0 0 0 0 0
2025-06-26 20:24:24.736,0x288,DATA:213 195 48 0 0 94 207 0
2025-06-26 20:24:24.736,0x380,DATA:0 135 0 0 128 0 0 16
2025-06-26 20:24:24.742,0x280,DATA:41 0 0 0 0 0 0 0
2025-06-26 20:24:24.742,0x288,DATA:17 195 48 0 0 94 207 0
2025-06-26 20:24:24.752,0x380,DATA:0 135 0 0 128 0 0 16
2025-06-26 20:24:24.758,0x280,DATA:41 0 0 0 0 0 0 0
2025-06-26 20:24:24.758,0x288,DATA:17 195 48 0 0 94 207 0
2025-06-26 20:24:24.758,0x380,DATA:0 135 0 0 128 0 0 16
2025-06-26 20:24:24.770,0x320,DATA:68 3 136 0 0 0 0 0
2025-06-26 20:24:24.771,0x420,DATA:3 0 0 0 195 0 128 0
2025-06-26 20:24:24.776,0x470,DATA:0 0 0 0 2
2025-06-26 20:24:24.777,0x570,DATA:3 0 0 0
2025-06-26 20:24:24.781,0x280,DATA:41 0 0 0 0 0 0 0
2025-06-26 20:24:24.787,0x288,DATA:81 195 48 0 0 94 207 0
2025-06-26 20:24:24.787,0x380,DATA:0 135 0 0 128 0 0 16
2025-06-26 20:24:24.792,0x280,DATA:41 0 0 0 0 0 0 0
2025-06-26 20:24:24.798,0x288,DATA:81 195 48 0 0 94 207 0
2025-06-26 20:24:24.803,0x280,DATA:41 0 0 0 0 0 0 0
2025-06-26 20:24:24.803,0x288,DATA:81 195 48 0 0 94 207 0
2025-06-26 20:24:24.809,0x380,DATA:0 135 0 0 128 0 0 16
2025-06-26 20:24:24.814,0x588,DATA:234 64 116 0 0 3 0 0
2025-06-26 20:24:24.814,0x580,DATA:139 0 0 0 0 0 0 0
2025-06-26 20:24:24.814,0x470,DATA:0 0 0 0 2
2025-06-26 20:24:24.814,0x320,DATA:68 3 136 0 0 0 0 0
2025-06-26 20:24:24.823,0x280,DATA:41 0 0 0 0 0 0 0
2025-06-26 20:24:24.831,0x288,DATA:143 195 48 0 0 94 207 0
2025-06-26 20:24:24.837,0x380,DATA:0 135 0 0 128 0 0 16
2025-06-26 20:24:24.841,0x280,DATA:41 0 0 0 0 0 0 0
2025-06-26 20:24:24.848,0x288,DATA:143 195 48 0 0 94 207 0
2025-06-26 20:24:24.848,0x280,DATA:41 0 0 0 0 0 0 0
2025-06-26 20:24:24.848,0x288,DATA:143 195 48 0 0 94 207 0
2025-06-26 20:24:24.859,0x380,DATA:0 135 0 0 128 0 0 16
2025-06-26 20:24:24.859,0x280,DATA:41 0 0 0 0 0 0 0
2025-06-26 20:24:24.865,0x288,DATA:213 195 48 0 0 94 207 0
2025-06-26 20:24:24.865,0x380,DATA:0 135 0 0 128 0 0 16
2025-06-26 20:24:24.865,0x380,DATA:0 135 0 0 128 0 0 16
2025-06-26 20:24:24.876,0x588,DATA:234 64 116 0 0 3 0 0
2025-06-26 20:24:24.882,0x280,DATA:41 0 0 0 0 0 0 0
2025-06-26 20:24:24.882,0x320,DATA:68 3 136 0 0 0 0 0
2025-06-26 20:24:24.887,0x280,DATA:41 0 0 0 0 0 0 0
2025-06-26 20:24:24.892,0x280,DATA:41 0 0 0 0 0 0 0
2025-06-26 20:24:24.898,0x288,DATA:17 195 48 0 0 94 207 0
2025-06-26 20:24:24.898,0x380,DATA:0 135 0 0 128 0 0 16
2025-06-26 20:24:24.898,0x488,DATA:141 19 92 116 166 0 0 16
2025-06-26 20:24:24.907,0x280,DATA:41 0 0 0 0 0 0 0
2025-06-26 20:24:24.915,0x288,DATA:17 195 48 0 0 94 207 0
2025-06-26 20:24:24.915,0x380,DATA:0 135 0 0 128 0 0 16
2025-06-26 20:24:24.915,0x280,DATA:41 0 0 0 0 0 0 0
2025-06-26 20:24:24.925,0x288,DATA:17 195 48 0 0 94 207 0
2025-06-26 20:24:24.927,0x380,DATA:0 135 0 0 128 0 0 16
2025-06-26 20:24:24.932,0x280,DATA:41 0 0 0 0 0 0 0
2025-06-26 20:24:24.932,0x288,DATA:81 195 48 0 0 94 207 0
2025-06-26 20:24:24.941,0x320,DATA:68 3 136 0 0 0 0 0
2025-06-26 20:24:24.941,0x280,DATA:41 0 0 0 0 0 0 0
2025-06-26 20:24:24.948,0x288,DATA:81 195 48 0 0 94 207 0
2025-06-26 20:24:24.948,0x280,DATA:41 0 0 0 0 0 0 0
2025-06-26 20:24:24.948,0x288,DATA:81 195 48 0 0 94 207 0
2025-06-26 20:24:24.959,0x380,DATA:0 135 0 0 128 0 0 16
2025-06-26 20:24:24.965,0x280,DATA:41 0 0 0 0 0 0 0
2025-06-26 20:24:24.965,0x288,DATA:81 195 48 0 0 94 207 0
2025-06-26 20:24:24.971,0x380,DATA:0 135 0 0 128 0 0 16
2025-06-26 20:24:24.976,0x280,DATA:41 0 0 0 0 0 0 0
2025-06-26 20:24:24.976,0x288,DATA:143 195 48 0 0 94 207 0
2025-06-26 20:24:24.982,0x380,DATA:0 135 0 0 128 0 0 16
2025-06-26 20:24:24.986,0x288,DATA:143 195 48 0 0 94 207 0
2025-06-26 20:24:24.990,0x380,DATA:0 135 0 0 128 0 0 16
2025-06-26 20:24:24.998,0x588,DATA:234 64 116 0 0 3 0 0
2025-06-26 20:24:24.998,0x320,DATA:68 3 136 0 0 0 0 0
2025-06-26 20:24:25.004,0x280,DATA:41 0 0 0 0 0 0 0
2025-06-26 20:24:25.004,0x470,DATA:0 0 0 0 2
2025-06-26 20:24:25.009,0x280,DATA:41 0 0 0 0 0 0 0
2025-06-26 20:24:25.014,0x288,DATA:213 195 48 0 0 94 207 0
2025-06-26 20:24:25.016,0x280,DATA:41 0 0 0 0 0 0 0
2025-06-26 20:24:25.020,0x288,DATA:213 195 48 0 0 94 207 0
2025-06-26 20:24:25.026,0x380,DATA:0 135 0 0 128 0 0 16
2025-06-26 20:24:25.027,0x488,DATA:125 19 92 116 166 0 0 224
2025-06-26 20:24:25.032,0x280,DATA:41 0 0 0 0 0 0 0
2025-06-26 20:24:25.038,0x288,DATA:213 195 48 0 0 94 207 0
2025-06-26 20:24:25.042,0x380,DATA:0 135 0 0 128 0 0 16
2025-06-26 20:24:25.046,0x488,DATA:109 19 92 116 166 0 0 240
2025-06-26 20:24:25.046,0x280,DATA:41 0 0 0 0 0 0 0
2025-06-26 20:24:25.053,0x488,DATA:157 19 92 116 166 0 0 0
2025-06-26 20:24:25.053,0x320,DATA:68 3 136 0 0 0 0 0
2025-06-26 20:24:25.053,0x470,DATA:0 0 0 0 2
2025-06-26 20:24:25.065,0x570,DATA:3 0 0 0
2025-06-26 20:24:25.070,0x280,DATA:41 0 0 0 0 0 0 0
2025-06-26 20:24:25.071,0x288,DATA:17 195 48 0 0 94 207 0
2025-06-26 20:24:25.071,0x380,DATA:0 135 0 0 128 0 0 16
2025-06-26 20:24:25.082,0x488,DATA:173 19 92 116 166 0 0 48
2025-06-26 20:24:25.087,0x280,DATA:41 0 0 0 0 0 0 0
2025-06-26 20:24:25.092,0x288,DATA:17 195 48 0 0 94 207 0
2025-06-26 20:24:25.092,0x280,DATA:41 0 0 0 0 0 0 0
2025-06-26 20:24:25.098,0x288,DATA:81 195 48 0 0 94 207 0
2025-06-26 20:24:25.104,0x380,DATA:0 135 0 0 128 0 0 16
2025-06-26 20:24:25.104,0x280,DATA:41 0 0 0 0 0 0 0
2025-06-26 20:24:25.104,0x288,DATA:81 195 48 0 0 94 207 0
2025-06-26 20:24:25.112,0x380,DATA:0 135 0 0 128 0 0 16
2025-06-26 20:24:25.112,0x320,DATA:68 3 136 0 0 0 0 0
2025-06-26 20:24:25.121,0x280,DATA:41 0 0 0 0 0 0 0
2025-06-26 20:24:25.121,0x288,DATA:81 195 48 0 0 94 207 0
2025-06-26 20:24:25.131,0x280,DATA:41 0 0 0 0 0 0 0
2025-06-26 20:24:25.131,0x288,DATA:143 195 48 0 0 94 207 0
2025-06-26 20:24:25.137,0x380,DATA:0 135 0 0 128 0 0 16
2025-06-26 20:24:25.137,0x488,DATA:13 19 92 116 166 0 0 144
2025-06-26 20:24:25.137,0x280,DATA:41 0 0 0 0 0 0 0
2025-06-26 20:24:25.148,0x288,DATA:143 195 48 0 0 94 207 0
2025-06-26 20:24:25.153,0x280,DATA:41 0 0 0 0 0 0 0
2025-06-26 20:24:25.153,0x288,DATA:143 195 48 0 0 94 207 0
2025-06-26 20:24:25.153,0x380,DATA:0 135 0 0 128 0 0 16
2025-06-26 20:24:25.162,0x280,DATA:41 0 0 0 0 0 0 0
2025-06-26 20:24:25.162,0x288,DATA:143 195 48 0 0 94 207 0
2025-06-26 20:24:25.171,0x380,DATA:0 135 0 0 128 0 0 16
2025-06-26 20:24:25.176,0x488,DATA:93 19 92 116 166 0 0 192
2025-06-26 20:24:25.181,0x488,DATA:77 19 92 116 166 0 0 208
2025-06-26 20:24:25.186,0x320,DATA:68 3 136 0 0 0 0 0
2025-06-26 20:24:25.186,0x280,DATA:41 0 0 0 0 0 0 0
2025-06-26 20:24:25.186,0x280,DATA:41 0 0 0 0 0 0 0
2025-06-26 20:24:25.195,0x288,DATA:213 195 48 0 0 94 207 0
2025-06-26 20:24:25.204,0x280,DATA:41 0 0 0 0 0 0 0
2025-06-26 20:24:25.209,0x288,DATA:213 195 48 0 0 94 207 0
2025-06-26 20:24:25.209,0x380,DATA:0 135 0 0 128 0 0 16
2025-06-26 20:24:25.211,0x280,DATA:41 0 0 0 0 0 0 0
2025-06-26 20:24:25.220,0x288,DATA:17 195 48 0 0 94 207 0
2025-06-26 20:24:25.220,0x380,DATA:0 135 0 0 128 0 0 16
2025-06-26 20:24:25.225,0x488,DATA:141 19 92 116 166 0 0 16
2025-06-26 20:24:25.232,0x280,DATA:41 0 0 0 0 0 0 0
2025-06-26 20:24:25.236,0x288,DATA:17 195 48 0 0 94 207 0
2025-06-26 20:24:25.236,0x380,DATA:0 135 0 0 128 0 0 16
2025-06-26 20:24:25.236,0x288,DATA:17 195 48 0 0 94 207 0
2025-06-26 20:24:25.245,0x488,DATA:173 19 92 116 166 0 0 48
2025-06-26 20:24:25.253,0x520,DATA:1 192 1 150 124 18 163 1
2025-06-26 20:24:25.253,0x280,DATA:41 0 0 0 0 0 0 0
2025-06-26 20:24:25.253,0x288,DATA:81 195 48 0 0 94 207 0
2025-06-26 20:24:25.262,0x320,DATA:68 3 136 0 0 0 0 0
2025-06-26 20:24:25.262,0x470,DATA:0 0 0 0 2
2025-06-26 20:24:25.270,0x570,DATA:3 0 0 0
2025-06-26 20:24:25.277,0x5D8,DATA:1 4 0 0 0 0 0 0
2025-06-26 20:24:25.277,0x280,DATA:41 0 0 0 0 0 0 0
2025-06-26 20:24:25.281,0x288,DATA:81 195 48 0 0 94 207 0
2025-06-26 20:24:25.285,0x380,DATA:0 135 0 0 128 0 0 16
2025-06-26 20:24:25.287,0x280,DATA:41 0 0 0 0 0 0 0
2025-06-26 20:24:25.287,0x288,DATA:81 195 48 0 0 94 207 0
2025-06-26 20:24:25.303,0x280,DATA:41 0 0 0 0 0 0 0
2025-06-26 20:24:25.303,0x288,DATA:143 195 48 0 0 94 207 0
2025-06-26 20:24:25.309,0x380,DATA:0 135 0 0 128 0 0 16
2025-06-26 20:24:25.309,0x488,DATA:13 19 92 116 166 0 0 144
2025-06-26 20:24:25.309,0x470,DATA:0 0 0 0 2
2025-06-26 20:24:25.320,0x280,DATA:41 0 0 0 0 0 0 0
2025-06-26 20:24:25.322,0x288,DATA:143 195 48 0 0 94 207 0
2025-06-26 20:24:25.326,0x320,DATA:68 3 136 0 0 0 0 0
2025-06-26 20:24:25.329,0x280,DATA:41 0 0 0 0 0 0 0
2025-06-26 20:24:25.329,0x288,DATA:143 195 48 0 0 94 207 0
2025-06-26 20:24:25.336,0x280,DATA:41 0 0 0 0 0 0 0
2025-06-26 20:24:25.343,0x288,DATA:213 195 48 0 0 94 207 0
2025-06-26 20:24:25.343,0x280,DATA:41 0 0 0 0 0 0 0
2025-06-26 20:24:25.354,0x288,DATA:213 195 48 0 0 94 207 0
2025-06-26 20:24:25.354,0x380,DATA:0 135 0 0 128 0 0 16
2025-06-26 20:24:25.360,0x488,DATA:125 19 92 116 166 0 0 224
2025-06-26 20:24:25.362,0x280,DATA:41 0 0 0 0 0 0 0
2025-06-26 20:24:25.368,0x288,DATA:213 195 48 0 0 94 207 0
2025-06-26 20:24:25.376,0x488,DATA:109 19 92 116 166 0 0 240
2025-06-26 20:24:25.377,0x280,DATA:41 0 0 0 0 0 0 0
2025-06-26 20:24:25.381,0x288,DATA:17 195 48 0 0 94 207 0
2025-06-26 20:24:25.384,0x380,DATA:0 135 0 0 128 0 0 16
2025-06-26 20:24:25.393,0x320,DATA:68 3 136 0 0 0 0 0
2025-06-26 20:24:25.393,0x280,DATA:41 0 0 0 0 0 0 0
2025-06-26 20:24:25.399,0x280,DATA:41 0 0 0 0 0 0 0
2025-06-26 20:24:25.401,0x288,DATA:17 195 48 0 0 94 207 0
2025-06-26 20:24:25.401,0x380,DATA:0 135 0 0 128 0 0 16
2025-06-26 20:24:25.409,0x488,DATA:173 19 92 116 166 0 0 48
2025-06-26 20:24:25.409,0x280,DATA:41 0 0 0 0 0 0 0
2025-06-26 20:24:25.417,0x288,DATA:17 195 48 0 0 94 207 0
2025-06-26 20:24:25.417,0x380,DATA:0 135 0 0 128 0 0 16
2025-06-26 20:24:25.425,0x280,DATA:41 0 0 0 0 0 0 0
2025-06-26 20:24:25.427,0x288,DATA:81 195 48 0 0 94 207 0
2025-06-26 20:24:25.427,0x380,DATA:0 135 0 0 128 0 0 16
2025-06-26 20:24:25.433,0x380,DATA:0 135 0 0 128 0 0 16
2025-06-26 20:24:25.442,0x588,DATA:234 64 116 0 0 3 0 0
2025-06-26 20:24:25.448,0x320,DATA:68 3 136 0 0 0 0 0
2025-06-26 20:24:25.448,0x280,DATA:41 0 0 0 0 0 0 0
2025-06-26 20:24:25.453,0x288,DATA:81 195 48 0 0 94 207 0
2025-06-26 20:24:25.459,0x280,DATA:41 0 0 0 0 0 0 0
2025-06-26 20:24:25.459,0x288,DATA:143 195 48 0 0 94 207 0
2025-06-26 20:24:25.459,0x380,DATA:0 135 0 0 128 0 0 16
2025-06-26 20:24:25.467,0x280,DATA:41 0 0 0 0 0 0 0
2025-06-26 20:24:25.467,0x288,DATA:143 195 48 0 0 94 207 0
2025-06-26 20:24:25.475,0x380,DATA:0 135 0 0 128 0 0 16
2025-06-26 20:24:25.477,0x488,DATA:61 19 92 116 166 0 0 160
2025-06-26 20:24:25.487,0x280,DATA:41 0 0 0 0 0 0 0
2025-06-26 20:24:25.492,0x288,DATA:143 195 48 0 0 94 207 0
2025-06-26 20:24:25.492,0x280,DATA:41 0 0 0 0 0 0 0
2025-06-26 20:24:25.495,0x288,DATA:213 195 48 0 0 94 207 0
2025-06-26 20:24:25.500,0x380,DATA:0 135 0 0 128 0 0 16
2025-06-26 20:24:25.500,0x320,DATA:68 3 136 0 0 0 0 0
2025-06-26 20:24:25.509,0x280,DATA:41 0 0 0 0 0 0 0
2025-06-26 20:24:25.509,0x288,DATA:213 195 48 0 0 94 207 0
2025-06-26 20:24:25.515,0x280,DATA:41 0 0 0 0 0 0 0
2025-06-26 20:24:25.520,0x288,DATA:213 195 48 0 0 94 207 0
2025-06-26 20:24:25.521,0x380,DATA:0 135 0 0 128 0 0 16
2025-06-26 20:24:25.527,0x488,DATA:109 19 92 116 166 0 0 240
2025-06-26 20:24:25.532,0x280,DATA:41 0 0 0 0 0 0 0
2025-06-26 20:24:25.537,0x288,DATA:213 195 48 0 0 94 207 0
2025-06-26 20:24:25.540,0x380,DATA:0 135 0 0 128 0 0 16
2025-06-26 20:24:25.540,0x280,DATA:41 0 0 0 0 0 0 0
2025-06-26 20:24:25.548,0x288,DATA:17 195 48 0 0 94 207 0
2025-06-26 20:24:25.548,0x380,DATA:0 135 0 0 128 0 0 16
2025-06-26 20:24:25.548,0x280,DATA:41 0 0 0 0 0 0 0
2025-06-26 20:24:25.559,0x320,DATA:68 3 136 0 0 0 0 0
2025-06-26 20:24:25.565,0x420,DATA:3 0 0 0 195 0 128 0
2025-06-26 20:24:25.565,0x470,DATA:0 0 0 0 2
2025-06-26 20:24:25.570,0x280,DATA:41 0 0 0 0 0 0 0
2025-06-26 20:24:25.570,0x288,DATA:81 195 48 0 0 94 207 0
2025-06-26 20:24:25.573,0x380,DATA:0 135 0 0 128 0 0 16
2025-06-26 20:24:25.582,0x488,DATA:205 19 92 116 166 0 0 80
2025-06-26 20:24:25.583,0x280,DATA:41 0 0 0 0 0 0 0
2025-06-26 20:24:25.593,0x288,DATA:81 195 48 0 0 94 207 0
2025-06-26 20:24:25.597,0x380,DATA:0 135 0 0 128 0 0 16
2025-06-26 20:24:25.597,0x280,DATA:41 0 0 0 0 0 0 0
2025-06-26 20:24:25.597,0x288,DATA:81 195 48 0 0 94 207 0
2025-06-26 20:24:25.607,0x380,DATA:0 135 0 0 128 0 0 16
2025-06-26 20:24:25.615,0x380,DATA:0 135 0 0 128 0 0 16
2025-06-26 20:24:25.615,0x588,DATA:234 64 116 0 0 3 0 0
2025-06-26 20:24:25.615,0x470,DATA:0 0 0 0 2
2025-06-26 20:24:25.615,0x320,DATA:68 3 136 0 0 0 0 0
2025-06-26 20:24:25.626,0x280,DATA:41 0 0 0 0 0 0 0
2025-06-26 20:24:25.631,0x280,DATA:41 0 0 0 0 0 0 0
2025-06-26 20:24:25.633,0x288,DATA:143 195 48 0 0 94 207 0
2025-06-26 20:24:25.633,0x380,DATA:0 135 0 0 128 0 0 16
2025-06-26 20:24:25.639,0x280,DATA:41 0 0 0 0 0 0 0
2025-06-26 20:24:25.648,0x288,DATA:143 195 48 0 0 94 207 0
2025-06-26 20:24:25.648,0x380,DATA:0 135 0 0 128 0 0 16
2025-06-26 20:24:25.655,0x280,DATA:41 0 0 0 0 0 0 0
2025-06-26 20:24:25.664,0x288,DATA:213 195 48 0 0 94 207 0
2025-06-26 20:24:25.664,0x380,DATA:0 135 0 0 128 0 0 16
2025-06-26 20:24:25.664,0x280,DATA:41 0 0 0 0 0 0 0
2025-06-26 20:24:25.676,0x288,DATA:213 195 48 0 0 94 207 0
2025-06-26 20:24:25.676,0x380,DATA:0 135 0 0 128 0 0 16
2025-06-26 20:24:25.682,0x320,DATA:68 3 136 0 0 0 0 0
2025-06-26 20:24:25.685,0x280,DATA:41 0 0 0 0 0 0 0
2025-06-26 20:24:25.688,0x288,DATA:213 195 48 0 0 94 207 0
2025-06-26 20:24:25.692,0x280,DATA:41 0 0 0 0 0 0 0
2025-06-26 20:24:25.698,0x288,DATA:17 195 48 0 0 94 207 0
2025-06-26 20:24:25.698,0x380,DATA:0 135 0 0 128 0 0 16
2025-06-26 20:24:25.705,0x280,DATA:41 0 0 0 0 0 0 0
2025-06-26 20:24:25.714,0x288,DATA:17 195 48 0 0 94 207 0
2025-06-26 20:24:25.714,0x380,DATA:0 135 0 0 128 0 0 16
2025-06-26 20:24:25.714,0x280,DATA:41 0 0 0 0 0 0 0
2025-06-26 20:24:25.722,0x288,DATA:17 195 48 0 0 94 207 0
2025-06-26 20:24:25.722,0x380,DATA:0 135 0 0 128 0 0 16
2025-06-26 20:24:25.732,0x280,DATA:41 0 0 0 0 0 0 0
2025-06-26 20:24:25.737,0x288,DATA:17 195 48 0 0 94 207 0
2025-06-26 20:24:25.737,0x380,DATA:0 135 0 0 128 0 0 16
2025-06-26 20:24:25.739,0x380,DATA:0 135 0 0 128 0 0 16
2025-06-26 20:24:25.747,0x480,DATA:15 12 0 0 0 64 1 66
2025-06-26 20:24:25.750,0x320,DATA:68 3 136 0 0 0 0 0
2025-06-26 20:24:25.759,0x280,DATA:41 0 0 0 0 0 0 0
2025-06-26 20:24:25.759,0x288,DATA:81 195 48 0 0 94 207 0
2025-06-26 20:24:25.763,0x380,DATA:0 135 0 0 128 0 0 16
2025-06-26 20:24:25.770,0x320,DATA:68 3 136 0 0 0 0 0
2025-06-26 20:24:25.771,0x470,DATA:0 0 0 0 2
2025-06-26 20:24:25.776,0x5D0,DATA:128 2 65 32 0 0
2025-06-26 20:24:25.777,0x280,DATA:41 0 0 0 0 0 0 0
2025-06-26 20:24:25.782,0x288,DATA:143 195 48 0 0 94 207 0
2025-06-26 20:24:25.783,0x380,DATA:0 135 0 0 128 0 0 16
2025-06-26 20:24:25.787,0x280,DATA:41 0 0 0 0 0 0 0
2025-06-26 20:24:25.792,0x288,DATA:143 195 48 0 0 94 207 0
2025-06-26 20:24:25.798,0x380,DATA:0 135 0 0 128 0 0 16
2025-06-26 20:24:25.798,0x280,DATA:41 0 0 0 0 0 0 0
2025-06-26 20:24:25.804,0x288,DATA:143 195 48 0 0 94 207 0
2025-06-26 20:24:25.809,0x488,DATA:45 19 92 116 166 0 0 176
2025-06-26 20:24:25.813,0x470,DATA:0 0 0 0 2
2025-06-26 20:24:25.813,0x280,DATA:41 0 0 0 0 0 0 0
2025-06-26 20:24:25.821,0x288,DATA:213 195 48 0 0 94 207 0
2025-06-26 20:24:25.821,0x320,DATA:68 3 136 0 0 0 0 0
2025-06-26 20:24:25.826,0x280,DATA:41 0 0 0 0 0 0 0
2025-06-26 20:24:25.837,0x288,DATA:213 195 48 0 0 94 207 0
2025-06-26 20:24:25.837,0x380,DATA:0 135 0 0 128 0 0 16
2025-06-26 20:24:25.843,0x280,DATA:41 0 0 0 0 0 0 0
2025-06-26 20:24:25.848,0x288,DATA:213 195 48 0 0 94 207 0
2025-06-26 20:24:25.854,0x280,DATA:41 0 0 0 0 0 0 0
2025-06-26 20:24:25.854,0x288,DATA:213 195 48 0 0 94 207 0
2025-06-26 20:24:25.854,0x380,DATA:0 135 0 0 128 0 0 16
2025-06-26 20:24:25.861,0x280,DATA:41 0 0 0 0 0 0 0
2025-06-26 20:24:25.861,0x288,DATA:17 195 48 0 0 94 207 0
2025-06-26 20:24:25.870,0x380,DATA:0 135 0 0 128 0 0 16
2025-06-26 20:24:25.870,0x280,DATA:41 0 0 0 0 0 0 0
2025-06-26 20:24:25.870,0x288,DATA:17 195 48 0 0 94 207 0
2025-06-26 20:24:25.878,0x380,DATA:0 135 0 0 128 0 0 16
2025-06-26 20:24:25.887,0x320,DATA:68 3 136 0 0 0 0 0
2025-06-26 20:24:25.887,0x280,DATA:41 0 0 0 0 0 0 0
2025-06-26 20:24:25.893,0x288,DATA:17 195 48 0 0 94 207 0
2025-06-26 20:24:25.895,0x280,DATA:41 0 0 0 0 0 0 0
2025-06-26 20:24:25.903,0x288,DATA:81 195 48 0 0 94 207 0
2025-06-26 20:24:25.903,0x380,DATA:0 135 0 0 128 0 0 16
2025-06-26 20:24:25.903,0x280,DATA:41 0 0 0 0 0 0 0
2025-06-26 20:24:25.912,0x288,DATA:81 195 48 0 0 94 207 0
2025-06-26 20:24:25.920,0x280,DATA:41 0 0 0 0 0 0 0
2025-06-26 20:24:25.920,0x288,DATA:81 195 48 0 0 94 207 0
2025-06-26 20:24:25.920,0x380,DATA:0 135 0 0 128 0 0 16
2025-06-26 20:24:25.931,0x488,DATA:29 19 92 116 166 0 0 128
2025-06-26 20:24:25.937,0x280,DATA:41 0 0 0 0 0 0 0
2025-06-26 20:24:25.937,0x288,DATA:143 195 48 0 0 94 207 0
2025-06-26 20:24:25.941,0x320,DATA:68 3 136 0 0 0 0 0
2025-06-26 20:24:25.945,0x280,DATA:41 0 0 0 0 0 0 0
2025-06-26 20:24:25.945,0x288,DATA:143 195 48 0 0 94 207 0
2025-06-26 20:24:25.954,0x380,DATA:0 135 0 0 128 0 0 16
2025-06-26 20:24:25.954,0x280,DATA:41 0 0 0 0 0 0 0
2025-06-26 20:24:25.954,0x280,DATA:41 0 0 0 0 0 0 0
2025-06-26 20:24:25.962,0x288,DATA:143 195 48 0 0 94 207 0
2025-06-26 20:24:25.970,0x380,DATA:0 135 0 0 128 0 0 16
2025-06-26 20:24:25.972,0x488,DATA:93 19 92 116 166 0 0 192
2025-06-26 20:24:25.978,0x280,DATA:41 0 0 0 0 0 0 0
2025-06-26 20:24:25.980,0x288,DATA:213 195 48 0 0 94 207 0
2025-06-26 20:24:25.986,0x380,DATA:0 135 0 0 128 0 0 16
2025-06-26 20:24:25.986,0x588,DATA:234 64 116 0 0 3 0 0
2025-06-26 20:24:25.986,0x280,DATA:41 0 0 0 0 0 0 0
2025-06-26 20:24:25.998,0x288,DATA:213 195 48 0 0 94 207 0
2025-06-26 20:24:25.998,0x320,DATA:68 3 136 0 0 0 0 0
2025-06-26 20:24:26.002,0x280,DATA:41 0 0 0 0 0 0 0
2025-06-26 20:24:26.002,0x288,DATA:213 195 48 0 0 94 207 0
2025-06-26 20:24:26.014,0x280,DATA:41 0 0 0 0 0 0 0
2025-06-26 20:24:26.020,0x288,DATA:17 195 48 0 0 94 207 0
2025-06-26 20:24:26.020,0x380,DATA:0 135 0 0 128 0 0 16
2025-06-26 20:24:26.020,0x280,DATA:41 0 0 0 0 0 0 0
2025-06-26 20:24:26.031,0x288,DATA:17 195 48 0 0 94 207 0
2025-06-26 20:24:26.031,0x380,DATA:0 135 0 0 128 0 0 16
2025-06-26 20:24:26.036,0x488,DATA:189 19 92 116 166 0 0 32
2025-06-26 20:24:26.036,0x280,DATA:41 0 0 0 0 0 0 0
2025-06-26 20:24:26.036,0x288,DATA:17 195 48 0 0 94 207 0
2025-06-26 20:24:26.046,0x380,DATA:0 135 0 0 128 0 0 16
2025-06-26 20:24:26.052,0x520,DATA:1 192 1 150 124 18 163 1
2025-06-26 20:24:26.052,0x280,DATA:41 0 0 0 0 0 0 0
2025-06-26 20:24:26.065,0x320,DATA:68 3 136 0 0 0 0 0
2025-06-26 20:24:26.065,0x470,DATA:0 0 0 0 2
2025-06-26 20:24:26.070,0x570,DATA:3 0 0 0
2025-06-26 20:24:26.070,0x5D0,DATA:128 2 65 32 0 0
2025-06-26 20:24:26.070,0x280,DATA:41 0 0 0 0 0 0 0
2025-06-26 20:24:26.078,0x288,DATA:81 195 48 0 0 94 207 0
2025-06-26 20:24:26.087,0x380,DATA:0 135 0 0 128 0 0 16
2025-06-26 20:24:26.087,0x280,DATA:41 0 0 0 0 0 0 0
2025-06-26 20:24:26.087,0x288,DATA:81 195 48 0 0 94 207 0
2025-06-26 20:24:26.098,0x380,DATA:0 135 0 0 128 0 0 16
2025-06-26 20:24:26.102,0x380,DATA:0 135 0 0 128 0 0 16
2025-06-26 20:24:26.102,0x480,DATA:89 12 0 0 0 64 1 20
2025-06-26 20:24:26.102,0x470,DATA:0 0 0 0 2
2025-06-26 20:24:26.110,0x280,DATA:41 0 0 0 0 0 0 0
2025-06-26 20:24:26.110,0x288,DATA:143 195 48 0 0 94 207 0
2025-06-26 20:24:26.119,0x320,DATA:68 3 136 0 0 0 0 0
2025-06-26 20:24:26.119,0x280,DATA:41 0 0 0 0 0 0 0
2025-06-26 20:24:26.122,0x288,DATA:143 195 48 0 0 94 207 0
2025-06-26 20:24:26.135,0x380,DATA:0 135 0 0 128 0 0 16
2025-06-26 20:24:26.135,0x280,DATA:41 0 0 0 0 0 0 0
2025-06-26 20:24:26.143,0x288,DATA:213 195 48 0 0 94 207 0
2025-06-26 20:24:26.144,0x380,DATA:0 135 0 0 128 0 0 16
2025-06-26 20:24:26.152,0x280,DATA:41 0 0 0 0 0 0 0
2025-06-26 20:24:26.152,0x288,DATA:213 195 48 0 0 94 207 0
2025-06-26 20:24:26.159,0x280,DATA:41 0 0 0 0 0 0 0
2025-06-26 20:24:26.159,0x288,DATA:213 195 48 0 0 94 207 0
2025-06-26 20:24:26.159,0x380,DATA:0 135 0 0 128 0 0 16
2025-06-26 20:24:26.169,0x488,DATA:157 19 92 116 166 0 0 0
2025-06-26 20:24:26.169,0x280,DATA:41 0 0 0 0 0 0 0
2025-06-26 20:24:26.178,0x288,DATA:17 195 48 0 0 94 207 0
2025-06-26 20:24:26.178,0x320,DATA:68 3 136 0 0 0 0 0
2025-06-26 20:24:26.184,0x280,DATA:41 0 0 0 0 0 0 0
2025-06-26 20:24:26.193,0x288,DATA:17 195 48 0 0 94 207 0
2025-06-26 20:24:26.193,0x280,DATA:41 0 0 0 0 0 0 0
2025-06-26 20:24:26.195,0x288,DATA:17 195 48 0 0 94 207 0
2025-06-26 20:24:26.202,0x380,DATA:0 135 0 0 128 0 0 16
2025-06-26 20:24:26.209,0x280,DATA:41 0 0 0 0 0 0 0
2025-06-26 20:24:26.209,0x288,DATA:17 195 48 0 0 94 207 0
2025-06-26 20:24:26.209,0x380,DATA:0 135 0 0 128 0 0 16
2025-06-26 20:24:26.220,0x488,DATA:221 19 92 116 166 0 0 64
2025-06-26 20:24:26.226,0x280,DATA:41 0 0 0 0 0 0 0
2025-06-26 20:24:26.231,0x288,DATA:81 195 48 0 0 94 207 0
2025-06-26 20:24:26.231,0x280,DATA:41 0 0 0 0 0 0 0
2025-06-26 20:24:26.236,0x288,DATA:81 195 48 0 0 94 207 0
2025-06-26 20:24:26.242,0x488,DATA:253 19 92 116 166 0 0 96
2025-06-26 20:24:26.242,0x320,DATA:68 3 136 0 0 0 0 0
2025-06-26 20:24:26.253,0x280,DATA:41 0 0 0 0 0 0 0
2025-06-26 20:24:26.253,0x288,DATA:81 195 48 0 0 94 207 0
2025-06-26 20:24:26.259,0x520,DATA:6 0 1 150 124 18 163 1
2025-06-26 20:24:26.265,0x280,DATA:41 0 0 0 0 0 0 0
2025-06-26 20:24:26.265,0x288,DATA:143 195 48 0 0 94 207 0
2025-06-26 20:24:26.267,0x380,DATA:0 135 0 0 128 0 0 16
2025-06-26 20:24:26.276,0x280,DATA:41 0 0 0 0 0 0 0
2025-06-26 20:24:26.276,0x288,DATA:143 195 48 0 0 94 207 0
2025-06-26 20:24:26.276,0x280,DATA:41 0 0 0 0 0 0 0
2025-06-26 20:24:26.287,0x288,DATA:143 195 48 0 0 94 207 0
2025-06-26 20:24:26.287,0x380,DATA:0 135 0 0 128 0 0 16
2025-06-26 20:24:26.292,0x280,DATA:41 0 0 0 0 0 0 0
2025-06-26 20:24:26.292,0x288,DATA:143 195 48 0 0 94 207 0
2025-06-26 20:24:26.300,0x488,DATA:93 19 92 116 166 0 0 192
2025-06-26 20:24:26.308,0x280,DATA:41 0 0 0 0 0 0 0
2025-06-26 20:24:26.308,0x320,DATA:68 3 136 0 0 0 0 0
2025-06-26 20:24:26.308,0x280,DATA:41 0 0 0 0 0 0 0
2025-06-26 20:24:26.308,0x470,DATA:0 0 0 0 2
2025-06-26 20:24:26.316,0x280,DATA:41 0 0 0 0 0 0 0
2025-06-26 20:24:26.325,0x288,DATA:213 195 48 0 0 94 207 0
2025-06-26 20:24:26.325,0x280,DATA:41 0 0 0 0 0 0 0
2025-06-26 20:24:26.325,0x288,DATA:213 195 48 0 0 94 207 0
2025-06-26 20:24:26.337,0x380,DATA:0 135 0 0 128 0 0 16
2025-06-26 20:24:26.337,0x280,DATA:41 0 0 0 0 0 0 0
2025-06-26 20:24:26.341,0x288,DATA:17 195 48 0 0 94 207 0
2025-06-26 20:24:26.341,0x380,DATA:0 135 0 0 128 0 0 16
2025-06-26 20:24:26.349,0x280,DATA:41 0 0 0 0 0 0 0
2025-06-26 20:24:26.349,0x288,DATA:17 195 48 0 0 94 207 0
2025-06-26 20:24:26.358,0x380,DATA:0 135 0 0 128 0 0 16
2025-06-26 20:24:26.365,0x480,DATA:15 12 0 0 0 64 1 66
2025-06-26 20:24:26.370,0x320,DATA:68 3 136 0 0 0 0 0
2025-06-26 20:24:26.375,0x420,DATA:3 0 0 0 195 0 128 0
2025-06-26 20:24:26.375,0x280,DATA:41 0 0 0 0 0 0 0
2025-06-26 20:24:26.375,0x288,DATA:81 195 48 0 0 94 207 0
2025-06-26 20:24:26.385,0x380,DATA:0 135 0 0 128 0 0 16
2025-06-26 20:24:26.385,0x488,DATA:205 19 92 116 166 0 0 80
2025-06-26 20:24:26.391,0x280,DATA:41 0 0 0 0 0 0 0
2025-06-26 20:24:26.391,0x280,DATA:41 0 0 0 0 0 0 0
2025-06-26 20:24:26.399,0x288,DATA:81 195 48 0 0 94 207 0
2025-06-26 20:24:26.399,0x380,DATA:0 135 0 0 128 0 0 16
2025-06-26 20:24:26.409,0x280,DATA:41 0 0 0 0 0 0 0
2025-06-26 20:24:26.413,0x288,DATA:81 195 48 0 0 94 207 0
2025-06-26 20:24:26.416,0x380,DATA:0 135 0 0 128 0 0 16
2025-06-26 20:24:26.420,0x488,DATA:29 19 92 116 166 0 0 128
2025-06-26 20:24:26.424,0x380,DATA:0 135 0 0 128 0 0 16
2025-06-26 20:24:26.424,0x480,DATA:89 12 0 0 0 64 1 20
2025-06-26 20:24:26.424,0x320,DATA:68 3 136 0 0 0 0 0
2025-06-26 20:24:26.434,0x280,DATA:41 0 0 0 0 0 0 0
2025-06-26 20:24:26.442,0x288,DATA:143 195 48 0 0 94 207 0
2025-06-26 20:24:26.442,0x320,DATA:68 3 136 0 0 0 0 0
2025-06-26 20:24:26.449,0x280,DATA:41 0 0 0 0 0 0 0
2025-06-26 20:24:26.449,0x288,DATA:143 195 48 0 0 94 207 0
2025-06-26 20:24:26.449,0x280,DATA:41 0 0 0 0 0 0 0
2025-06-26 20:24:26.458,0x288,DATA:213 195 48 0 0 94 207 0
2025-06-26 20:24:26.458,0x380,DATA:0 135 0 0 128 0 0 16
2025-06-26 20:24:26.466,0x280,DATA:41 0 0 0 0 0 0 0
2025-06-26 20:24:26.466,0x288,DATA:213 195 48 0 0 94 207 0
2025-06-26 20:24:26.476,0x380,DATA:0 135 0 0 128 0 0 16
2025-06-26 20:24:26.481,0x380,DATA:0 135 0 0 128 0 0 16
2025-06-26 20:24:26.482,0x480,DATA:89 12 0 0 0 64 1 20
2025-06-26 20:24:26.487,0x320,DATA:68 3 136 0 0 0 0 0
2025-06-26 20:24:26.490,0x280,DATA:41 0 0 0 0 0 0 0
2025-06-26 20:24:26.498,0x288,DATA:17 195 48 0 0 94 207 0
2025-06-26 20:24:26.499,0x380,DATA:0 135 0 0 128 0 0 16
2025-06-26 20:24:26.503,0x320,DATA:68 3 136 0 0 0 0 0
2025-06-26 20:24:26.508,0x280,DATA:41 0 0 0 0 0 0 0
2025-06-26 20:24:26.509,0x280,DATA:41 0 0 0 0 0 0 0
2025-06-26 20:24:26.514,0x288,DATA:17 195 48 0 0 94 207 0
2025-06-26 20:24:26.517,0x380,DATA:0 135 0 0 128 0 0 16
2025-06-26 20:24:26.517,0x280,DATA:41 0 0 0 0 0 0 0
2025-06-26 20:24:26.523,0x288,DATA:17 195 48 0 0 94 207 0
2025-06-26 20:24:26.531,0x380,DATA:0 135 0 0 128 0 0 16
2025-06-26 20:24:26.537,0x488,DATA:221 19 92 116 166 0 0 64
2025-06-26 20:24:26.537,0x280,DATA:41 0 0 0 0 0 0 0
2025-06-26 20:24:26.542,0x288,DATA:81 195 48 0 0 94 207 0
2025-06-26 20:24:26.548,0x488,DATA:205 19 92 116 166 0 0 80
2025-06-26 20:24:26.548,0x280,DATA:41 0 0 0 0 0 0 0
2025-06-26 20:24:26.548,0x288,DATA:81 195 48 0 0 94 207 0
2025-06-26 20:24:26.556,0x320,DATA:68 3 136 0 0 0 0 0
2025-06-26 20:24:26.556,0x420,DATA:3 0 0 0 195 0 128 0
2025-06-26 20:24:26.565,0x470,DATA:0 0 0 0 2
2025-06-26 20:24:26.565,0x570,DATA:3 0 0 0
2025-06-26 20:24:26.567,0x280,DATA:41 0 0 0 0 0 0 0
2025-06-26 20:24:26.573,0x288,DATA:143 195 48 0 0 94 207 0
2025-06-26 20:24:26.576,0x380,DATA:0 135 0 0 128 0 0 16
2025-06-26 20:24:26.584,0x280,DATA:41 0 0 0 0 0 0 0
2025-06-26 20:24:26.584,0x288,DATA:143 195 48 0 0 94 207 0
2025-06-26 20:24:26.592,0x380,DATA:0 135 0 0 128 0 0 16
2025-06-26 20:24:26.598,0x280,DATA:41 0 0 0 0 0 0 0
2025-06-26 20:24:26.598,0x288,DATA:143 195 48 0 0 94 207 0
2025-06-26 20:24:26.603,0x380,DATA:0 135 0 0 128 0 0 16
2025-06-26 20:24:26.606,0x470,DATA:0 0 0 0 2
2025-06-26 20:24:26.615,0x280,DATA:41 0 0 0 0 0 0 0
2025-06-26 20:24:26.615,0x288,DATA:213 195 48 0 0 94 207 0
2025-06-26 20:24:26.615,0x320,DATA:68 3 136 0 0 0 0 0
2025-06-26 20:24:26.626,0x280,DATA:41 0 0 0 0 0 0 0
2025-06-26 20:24:26.632,0x288,DATA:213 195 48 0 0 94 207 0
2025-06-26 20:24:26.632,0x280,DATA:41 0 0 0 0 0 0 0
2025-06-26 20:24:26.632,0x288,DATA:213 195 48 0 0 94 207 0
2025-06-26 20:24:26.639,0x380,DATA:0 135 0 0 128 0 0 16
2025-06-26 20:24:26.639,0x280,DATA:41 0 0 0 0 0 0 0
2025-06-26 20:24:26.648,0x288,DATA:213 195 48 0 0 94 207 0
2025-06-26 20:24:26.653,0x280,DATA:41 0 0 0 0 0 0 0
2025-06-26 20:24:26.656,0x288,DATA:17 195 48 0 0 94 207 0
2025-06-26 20:24:26.664,0x380,DATA:0 135 0 0 128 0 0 16
2025-06-26 20:24:26.664,0x488,DATA:141 19 92 116 166 0 0 16
2025-06-26 20:24:26.676,0x588,DATA:234 64 116 0 0 3 0 0
2025-06-26 20:24:26.676,0x280,DATA:41 0 0 0 0 0 0 0
2025-06-26 20:24:26.682,0x288,DATA:17 195 48 0 0 94 207 0
2025-06-26 20:24:26.682,0x320,DATA:68 3 136 0 0 0 0 0
2025-06-26 20:24:26.682,0x280,DATA:41 0 0 0 0 0 0 0
2025-06-26 20:24:26.692,0x288,DATA:17 195 48 0 0 94 207 0
2025-06-26 20:24:26.692,0x280,DATA:41 0 0 0 0 0 0 0
2025-06-26 20:24:26.698,0x288,DATA:81 195 48 0 0 94 207 0
2025-06-26 20:24:26.698,0x280,DATA:41 0 0 0 0 0 0 0
2025-06-26 20:24:26.707,0x288,DATA:81 195 48 0 0 94 207 0
2025-06-26 20:24:26.715,0x380,DATA:0 135 0 0 128 0 0 16
2025-06-26 20:24:26.720,0x488,DATA:253 19 92 116 166 0 0 96
2025-06-26 20:24:26.720,0x280,DATA:41 0 0 0 0 0 0 0
2025-06-26 20:24:26.726,0x288,DATA:81 195 48 0 0 94 207 0
2025-06-26 20:24:26.731,0x380,DATA:0 135 0 0 128 0 0 16
2025-06-26 20:24:26.736,0x588,DATA:234 64 116 0 0 3 0 0
2025-06-26 20:24:26.736,0x280,DATA:41 0 0 0 0 0 0 0
2025-06-26 20:24:26.743,0x288,DATA:143 195 48 0 0 94 207 0
2025-06-26 20:24:26.743,0x320,DATA:68 3 136 0 0 0 0 0
2025-06-26 20:24:26.754,0x280,DATA:41 0 0 0 0 0 0 0
2025-06-26 20:24:26.755,0x288,DATA:143 195 48 0 0 94 207 0
2025-06-26 20:24:26.759,0x280,DATA:41 0 0 0 0 0 0 0
2025-06-26 20:24:26.759,0x288,DATA:143 195 48 0 0 94 207 0
2025-06-26 20:24:26.759,0x380,DATA:0 135 0 0 128 0 0 16
2025-06-26 20:24:26.767,0x280,DATA:41 0 0 0 0 0 0 0
2025-06-26 20:24:26.776,0x288,DATA:143 195 48 0 0 94 207 0
2025-06-26 20:24:26.776,0x380,DATA:0 135 0 0 128 0 0 16
2025-06-26 20:24:26.777,0x280,DATA:41 0 0 0 0 0 0 0
2025-06-26 20:24:26.785,0x288,DATA:213 195 48 0 0 94 207 0
2025-06-26 20:24:26.785,0x380,DATA:0 135 0 0 128 0 0 16
2025-06-26 20:24:26.792,0x288,DATA:213 195 48 0 0 94 207 0
2025-06-26 20:24:26.792,0x488,DATA:125 19 92 116 166 0 0 224
2025-06-26 20:24:26.800,0x280,DATA:41 0 0 0 0 0 0 0
2025-06-26 20:24:26.808,0x320,DATA:68 3 136 0 0 0 0 0
2025-06-26 20:24:26.808,0x280,DATA:41 0 0 0 0 0 0 0
2025-06-26 20:24:26.808,0x288,DATA:213 195 48 0 0 94 207 0
2025-06-26 20:24:26.808,0x470,DATA:0 0 0 0 2
2025-06-26 20:24:26.817,0x280,DATA:41 0 0 0 0 0 0 0
2025-06-26 20:24:26.825,0x288,DATA:17 195 48 0 0 94 207 0
2025-06-26 20:24:26.825,0x380,DATA:0 135 0 0 128 0 0 16
2025-06-26 20:24:26.827,0x280,DATA:41 0 0 0 0 0 0 0
2025-06-26 20:24:26.833,0x288,DATA:17 195 48 0 0 94 207 0
2025-06-26 20:24:26.833,0x380,DATA:0 135 0 0 128 0 0 16
2025-06-26 20:24:26.842,0x280,DATA:41 0 0 0 0 0 0 0
2025-06-26 20:24:26.853,0x288,DATA:17 195 48 0 0 94 207 0
2025-06-26 20:24:26.854,0x280,DATA:41 0 0 0 0 0 0 0
2025-06-26 20:24:26.860,0x288,DATA:17 195 48 0 0 94 207 0
2025-06-26 20:24:26.865,0x380,DATA:0 135 0 0 128 0 0 16
2025-06-26 20:24:26.866,0x488,DATA:221 19 92 116 166 0 0 64
2025-06-26 20:24:26.871,0x320,DATA:68 3 136 0 0 0 0 0
2025-06-26 20:24:26.876,0x280,DATA:41 0 0 0 0 0 0 0
2025-06-26 20:24:26.876,0x288,DATA:81 195 48 0 0 94 207 0
2025-06-26 20:24:26.882,0x380,DATA:0 135 0 0 128 0 0 16
2025-06-26 20:24:26.887,0x488,DATA:237 19 92 116 166 0 0 112
2025-06-26 20:24:26.888,0x280,DATA:41 0 0 0 0 0 0 0
2025-06-26 20:24:26.898,0x288,DATA:81 195 48 0 0 94 207 0
2025-06-26 20:24:26.898,0x380,DATA:0 135 0 0 128 0 0 16
2025-06-26 20:24:26.901,0x280,DATA:41 0 0 0 0 0 0 0
2025-06-26 20:24:26.904,0x288,DATA:143 195 48 0 0 94 207 0
2025-06-26 20:24:26.904,0x380,DATA:0 135 0 0 128 0 0 16
2025-06-26 20:24:26.913,0x280,DATA:41 0 0 0 0 0 0 0
2025-06-26 20:24:26.920,0x288,DATA:143 195 48 0 0 94 207 0
2025-06-26 20:24:26.920,0x380,DATA:0 135 0 0 128 0 0 16
2025-06-26 20:24:26.926,0x480,DATA:192 12 0 0 0 64 1 141
2025-06-26 20:24:26.931,0x320,DATA:68 3 136 0 0 0 0 0
2025-06-26 20:24:26.932,0x280,DATA:41 0 0 0 0 0 0 0
2025-06-26 20:24:26.937,0x288,DATA:213 195 48 0 0 94 207 0
2025-06-26 20:24:26.938,0x380,DATA:0 135 0 0 128 0 0 16
2025-06-26 20:24:26.946,0x320,DATA:68 3 135 0 0 0 0 0
2025-06-26 20:24:26.946,0x280,DATA:41 0 0 0 0 0 0 0
2025-06-26 20:24:26.954,0x288,DATA:213 195 48 0 0 94 207 0
2025-06-26 20:24:26.959,0x380,DATA:0 135 0 0 128 0 0 16
2025-06-26 20:24:26.960,0x280,DATA:41 0 0 0 0 0 0 0
2025-06-26 20:24:26.965,0x288,DATA:213 195 48 0 0 94 207 0
2025-06-26 20:24:26.970,0x280,DATA:41 0 0 0 0 0 0 0
2025-06-26 20:24:26.972,0x288,DATA:213 195 48 0 0 94 207 0
2025-06-26 20:24:26.976,0x320,DATA:68 3 135 0 0 0 0 0
2025-06-26 20:24:26.981,0x280,DATA:41 0 0 0 0 0 0 0
2025-06-26 20:24:26.982,0x288,DATA:17 195 48 0 0 94 207 0
2025-06-26 20:24:26.992,0x380,DATA:0 135 0 0 128 0 0 16
2025-06-26 20:24:26.993,0x280,DATA:41 0 0 0 0 0 0 0
2025-06-26 20:24:26.999,0x288,DATA:17 195 48 0 0 94 207 0
2025-06-26 20:24:27.003,0x380,DATA:0 135 0 0 128 0 0 16
2025-06-26 20:24:27.004,0x280,DATA:41 0 0 0 0 0 0 0
2025-06-26 20:24:27.009,0x288,DATA:17 195 48 0 0 94 207 0
2025-06-26 20:24:27.014,0x380,DATA:0 135 0 0 128 0 0 16
2025-06-26 20:24:27.020,0x280,DATA:41 0 0 0 0 0 0 0
2025-06-26 20:24:27.020,0x288,DATA:81 195 48 0 0 94 207 0
2025-06-26 20:24:27.026,0x380,DATA:0 135 0 0 128 0 0 16
2025-06-26 20:24:27.028,0x280,DATA:41 0 0 0 0 0 0 0
2025-06-26 20:24:27.032,0x380,DATA:0 135 0 0 128 0 0 16
2025-06-26 20:24:27.032,0x588,DATA:234 64 116 0 0 3 0 0
2025-06-26 20:24:27.042,0x320,DATA:68 3 135 0 0 0 0 0
2025-06-26 20:24:27.043,0x280,DATA:41 0 0 0 0 0 0 0
2025-06-26 20:24:27.048,0x288,DATA:81 195 48 0 0 94 207 0
2025-06-26 20:24:27.054,0x520,DATA:6 0 1 150 124 18 163 1
2025-06-26 20:24:27.055,0x280,DATA:41 0 0 0 0 0 0 0
2025-06-26 20:24:27.056,0x288,DATA:143 195 48 0 0 94 207 0
2025-06-26 20:24:27.064,0x5D0,DATA:128 2 65 32 0 0
2025-06-26 20:24:27.064,0x5D8,DATA:1 4 0 0 0 0 0 0
2025-06-26 20:24:27.064,0x280,DATA:41 0 0 0 0 0 0 0
2025-06-26 20:24:27.076,0x280,DATA:41 0 0 0 0 0 0 0
2025-06-26 20:24:27.081,0x288,DATA:143 195 48 0 0 94 207 0
2025-06-26 20:24:27.087,0x380,DATA:0 135 0 0 128 0 0 16
2025-06-26 20:24:27.092,0x488,DATA:45 19 92 116 166 0 0 176
2025-06-26 20:24:27.092,0x280,DATA:41 0 0 0 0 0 0 0
2025-06-26 20:24:27.098,0x288,DATA:143 195 48 0 0 94 207 0
2025-06-26 20:24:27.098,0x380,DATA:0 135 0 0 128 0 0 16
2025-06-26 20:24:27.098,0x320,DATA:68 3 135 0 0 0 0 0
2025-06-26 20:24:27.106,0x470,DATA:0 0 0 0 2
2025-06-26 20:24:27.106,0x280,DATA:41 0 0 0 0 0 0 0
2025-06-26 20:24:27.114,0x288,DATA:213 195 48 0 0 94 207 0
2025-06-26 20:24:27.120,0x380,DATA:0 135 0 0 128 0 0 16
2025-06-26 20:24:27.120,0x280,DATA:41 0 0 0 0 0 0 0
2025-06-26 20:24:27.126,0x288,DATA:213 195 48 0 0 94 207 0
2025-06-26 20:24:27.130,0x380,DATA:0 135 0 0 128 0 0 16
2025-06-26 20:24:27.133,0x280,DATA:41 0 0 0 0 0 0 0
2025-06-26 20:24:27.139,0x288,DATA:17 195 48 0 0 94 207 0
2025-06-26 20:24:27.139,0x380,DATA:0 135 0 0 128 0 0 16
2025-06-26 20:24:27.147,0x280,DATA:41 0 0 0 0 0 0 0
2025-06-26 20:24:27.147,0x288,DATA:17 195 48 0 0 94 207 0
2025-06-26 20:24:27.158,0x288,DATA:17 195 48 0 0 94 207 0
2025-06-26 20:24:27.158,0x380,DATA:0 135 0 0 128 0 0 16
2025-06-26 20:24:27.164,0x480,DATA:148 12 0 0 0 64 1 217
2025-06-26 20:24:27.164,0x280,DATA:41 0 0 0 0 0 0 0
2025-06-26 20:24:27.171,0x288,DATA:81 195 48 0 0 94 207 0
2025-06-26 20:24:27.171,0x380,DATA:0 135 0 0 128 0 0 16
2025-06-26 20:24:27.181,0x488,DATA:205 19 92 116 166 0 0 80
2025-06-26 20:24:27.187,0x320,DATA:68 3 135 0 0 0 0 0
2025-06-26 20:24:27.192,0x280,DATA:41 0 0 0 0 0 0 0
2025-06-26 20:24:27.192,0x288,DATA:81 195 48 0 0 94 207 0
2025-06-26 20:24:27.198,0x280,DATA:41 0 0 0 0 0 0 0
2025-06-26 20:24:27.203,0x288,DATA:81 195 48 0 0 94 207 0
2025-06-26 20:24:27.203,0x280,DATA:41 0 0 0 0 0 0 0
2025-06-26 20:24:27.203,0x288,DATA:81 195 48 0 0 94 207 0
2025-06-26 20:24:27.212,0x380,DATA:0 135 0 0 128 0 0 16
2025-06-26 20:24:27.221,0x488,DATA:29 19 92 116 166 0 0 128
2025-06-26 20:24:27.226,0x488,DATA:13 19 92 116 166 0 0 144
2025-06-26 20:24:27.228,0x320,DATA:68 3 135 0 0 0 0 0
2025-06-26 20:24:27.228,0x280,DATA:41 0 0 0 0 0 0 0
2025-06-26 20:24:27.236,0x280,DATA:41 0 0 0 0 0 0 0
2025-06-26 20:24:27.239,0x288,DATA:143 195 48 0 0 94 207 0
2025-06-26 20:24:27.239,0x380,DATA:0 135 0 0 128 0 0 16
2025-06-26 20:24:27.245,0x320,DATA:68 3 135 0 0 0 0 0
2025-06-26 20:24:27.253,0x280,DATA:41 0 0 0 0 0 0 0
2025-06-26 20:24:27.253,0x288,DATA:143 195 48 0 0 94 207 0
2025-06-26 20:24:27.259,0x280,DATA:41 0 0 0 0 0 0 0
2025-06-26 20:24:27.261,0x288,DATA:213 195 48 0 0 94 207 0
2025-06-26 20:24:27.261,0x380,DATA:0 135 0 0 128 0 0 16
2025-06-26 20:24:27.270,0x280,DATA:41 0 0 0 0 0 0 0
2025-06-26 20:24:27.270,0x288,DATA:213 195 48 0 0 94 207 0
2025-06-26 20:24:27.280,0x280,DATA:41 0 0 0 0 0 0 0
2025-06-26 20:24:27.280,0x288,DATA:213 195 48 0 0 94 207 0
2025-06-26 20:24:27.286,0x380,DATA:0 135 0 0 128 0 0 16
2025-06-26 20:24:27.286,0x488,DATA:109 19 92 116 166 0 0 240
2025-06-26 20:24:27.286,0x280,DATA:41 0 0 0 0 0 0 0
2025-06-26 20:24:27.296,0x288,DATA:17 195 48 0 0 94 207 0
2025-06-26 20:24:27.303,0x380,DATA:0 135 0 0 128 0 0 16
2025-06-26 20:24:27.303,0x320,DATA:68 3 135 0 0 0 0 0
2025-06-26 20:24:27.309,0x280,DATA:41 0 0 0 0 0 0 0
2025-06-26 20:24:27.311,0x288,DATA:17 195 48 0 0 94 207 0
2025-06-26 20:24:27.311,0x280,DATA:41 0 0 0 0 0 0 0
2025-06-26 20:24:27.319,0x288,DATA:17 195 48 0 0 94 207 0
2025-06-26 20:24:27.319,0x380,DATA:0 135 0 0 128 0 0 16
2025-06-26 20:24:27.329,0x280,DATA:41 0 0 0 0 0 0 0
2025-06-26 20:24:27.337,0x288,DATA:17 195 48 0 0 94 207 0
2025-06-26 20:24:27.337,0x380,DATA:0 135 0 0 128 0 0 16
2025-06-26 20:24:27.342,0x280,DATA:41 0 0 0 0 0 0 0
2025-06-26 20:24:27.345,0x380,DATA:0 135 0 0 128 0 0 16
2025-06-26 20:24:27.353,0x480,DATA:15 12 0 0 0 64 1 66
2025-06-26 20:24:27.353,0x280,DATA:41 0 0 0 0 0 0 0
2025-06-26 20:24:27.360,0x288,DATA:81 195 48 0 0 94 207 0
2025-06-26 20:24:27.365,0x380,DATA:0 135 0 0 128 0 0 16
2025-06-26 20:24:27.365,0x320,DATA:68 3 135 0 0 0 0 0
2025-06-26 20:24:27.369,0x420,DATA:3 0 0 0 195 0 128 0
2025-06-26 20:24:27.369,0x470,DATA:0 0 0 0 2
2025-06-26 20:24:27.369,0x280,DATA:41 0 0 0 0 0 0 0
2025-06-26 20:24:27.377,0x288,DATA:143 195 48 0 0 94 207 0
2025-06-26 20:24:27.388,0x380,DATA:0 135 0 0 128 0 0 16
2025-06-26 20:24:27.392,0x280,DATA:41 0 0 0 0 0 0 0
2025-06-26 20:24:27.394,0x288,DATA:143 195 48 0 0 94 207 0
2025-06-26 20:24:27.403,0x380,DATA:0 135 0 0 128 0 0 16
2025-06-26 20:24:27.403,0x280,DATA:41 0 0 0 0 0 0 0
2025-06-26 20:24:27.407,0x288,DATA:143 195 48 0 0 94 207 0
2025-06-26 20:24:27.414,0x380,DATA:0 135 0 0 128 0 0 16
2025-06-26 20:24:27.414,0x470,DATA:0 0 0 0 2
2025-06-26 20:24:27.419,0x280,DATA:41 0 0 0 0 0 0 0
2025-06-26 20:24:27.419,0x288,DATA:213 195 48 0 0 94 207 0
2025-06-26 20:24:27.419,0x320,DATA:68 3 135 0 0 0 0 0
2025-06-26 20:24:27.431,0x280,DATA:41 0 0 0 0 0 0 0
2025-06-26 20:24:27.431,0x288,DATA:213 195 48 0 0 94 207 0
2025-06-26 20:24:27.436,0x280,DATA:41 0 0 0 0 0 0 0
2025-06-26 20:24:27.438,0x288,DATA:213 195 48 0 0 94 207 0
2025-06-26 20:24:27.443,0x280,DATA:41 0 0 0 0 0 0 0
2025-06-26 20:24:27.454,0x288,DATA:213 195 48 0 0 94 207 0
2025-06-26 20:24:27.454,0x380,DATA:0 135 0 0 128 0 0 16
2025-06-26 20:24:27.454,0x280,DATA:41 0 0 0 0 0 0 0
2025-06-26 20:24:27.460,0x288,DATA:17 195 48 0 0 94 207 0
2025-06-26 20:24:27.468,0x380,DATA:0 135 0 0 128 0 0 16
2025-06-26 20:24:27.468,0x488,DATA:141 19 92 116 166 0 0 16
2025-06-26 20:24:27.476,0x280,DATA:41 0 0 0 0 0 0 0
2025-06-26 20:24:27.479,0x288,DATA:17 195 48 0 0 94 207 0
2025-06-26 20:24:27.479,0x320,DATA:68 3 135 0 0 0 0 0
2025-06-26 20:24:27.487,0x280,DATA:41 0 0 0 0 0 0 0
2025-06-26 20:24:27.492,0x288,DATA:17 195 48 0 0 94 207 0
2025-06-26 20:24:27.498,0x280,DATA:41 0 0 0 0 0 0 0
2025-06-26 20:24:27.501,0x288,DATA:81 195 48 0 0 94 207 0
2025-06-26 20:24:27.501,0x380,DATA:0 135 0 0 128 0 0 16
2025-06-26 20:24:27.509,0x280,DATA:41 0 0 0 0 0 0 0
2025-06-26 20:24:27.509,0x288,DATA:81 195 48 0 0 94 207 0
2025-06-26 20:24:27.509,0x380,DATA:0 135 0 0 128 0 0 16
2025-06-26 20:24:27.518,0x280,DATA:41 0 0 0 0 0 0 0
2025-06-26 20:24:27.518,0x288,DATA:81 195 48 0 0 94 207 0
2025-06-26 20:24:27.525,0x380,DATA:0 135 0 0 128 0 0 16
2025-06-26 20:24:27.529,0x480,DATA:148 12 0 0 0 64 1 217
2025-06-26 20:24:27.529,0x280,DATA:41 0 0 0 0 0 0 0
2025-06-26 20:24:27.542,0x288,DATA:143 195 48 0 0 94 207 0
2025-06-26 20:24:27.542,0x320,DATA:68 3 135 0 0 0 0 0
2025-06-26 20:24:27.546,0x280,DATA:41 0 0 0 0 0 0 0
2025-06-26 20:24:27.554,0x288,DATA:143 195 48 0 0 94 207 0
2025-06-26 20:24:27.554,0x280,DATA:41 0 0 0 0 0 0 0
2025-06-26 20:24:27.556,0x288,DATA:143 195 48 0 0 94 207 0
2025-06-26 20:24:27.561,0x380,DATA:0 135 0 0 128 0 0 16
2025-06-26 20:24:27.570,0x280,DATA:41 0 0 0 0 0 0 0
2025-06-26 20:24:27.570,0x288,DATA:143 195 48 0 0 94 207 0
2025-06-26 20:24:27.570,0x380,DATA:0 135 0 0 128 0 0 16
2025-06-26 20:24:27.581,0x488,DATA:93 19 92 116 166 0 0 192
2025-06-26 20:24:27.586,0x280,DATA:41 0 0 0 0 0 0 0
2025-06-26 20:24:27.586,0x288,DATA:213 195 48 0 0 94 207 0
2025-06-26 20:24:27.588,0x488,DATA:125 19 92 116 166 0 0 224
2025-06-26 20:24:27.598,0x280,DATA:41 0 0 0 0 0 0 0
2025-06-26 20:24:27.598,0x288,DATA:213 195 48 0 0 94 207 0
2025-06-26 20:24:27.604,0x320,DATA:68 3 135 0 0 0 0 0
2025-06-26 20:24:27.607,0x280,DATA:41 0 0 0 0 0 0 0
2025-06-26 20:24:27.613,0x288,DATA:213 195 48 0 0 94 207 0
2025-06-26 20:24:27.613,0x280,DATA:41 0 0 0 0 0 0 0
2025-06-26 20:24:27.621,0x288,DATA:17 195 48 0 0 94 207 0
2025-06-26 20:24:27.621,0x380,DATA:0 135 0 0 128 0 0 16
2025-06-26 20:24:27.621,0x280,DATA:41 0 0 0 0 0 0 0
2025-06-26 20:24:27.629,0x288,DATA:17 195 48 0 0 94 207 0
2025-06-26 20:24:27.637,0x380,DATA:0 135 0 0 128 0 0 16
2025-06-26 20:24:27.640,0x488,DATA:189 19 92 116 166 0 0 32
2025-06-26 20:24:27.640,0x280,DATA:41 0 0 0 0 0 0 0
2025-06-26 20:24:27.645,0x288,DATA:17 195 48 0 0 94 207 0
2025-06-26 20:24:27.653,0x520,DATA:1 192 1 150 124 18 163 1
2025-06-26 20:24:27.654,0x280,DATA:41 0 0 0 0 0 0 0
2025-06-26 20:24:27.654,0x320,DATA:68 3 135 0 0 0 0 0
2025-06-26 20:24:27.661,0x470,DATA:0 0 0 0 2
2025-06-26 20:24:27.661,0x570,DATA:3 0 0 0
2025-06-26 20:24:27.669,0x5D0,DATA:128 2 65 32 0 0
2025-06-26 20:24:27.669,0x280,DATA:41 0 0 0 0 0 0 0
2025-06-26 20:24:27.669,0x288,DATA:81 195 48 0 0 94 207 0
2025-06-26 20:24:27.681,0x380,DATA:0 135 0 0 128 0 0 16
2025-06-26 20:24:27.686,0x280,DATA:41 0 0 0 0 0 0 0
2025-06-26 20:24:27.688,0x288,DATA:81 195 48 0 0 94 207 0
2025-06-26 20:24:27.688,0x380,DATA:0 135 0 0 128 0 0 16
2025-06-26 20:24:27.694,0x488,DATA:29 19 92 116 166 0 0 128
2025-06-26 20:24:27.703,0x280,DATA:41 0 0 0 0 0 0 0
2025-06-26 20:24:27.705,0x380,DATA:0 135 0 0 128 0 0 16
2025-06-26 20:24:27.705,0x470,DATA:0 0 0 0 2
2025-06-26 20:24:27.711,0x280,DATA:41 0 0 0 0 0 0 0
2025-06-26 20:24:27.719,0x288,DATA:143 195 48 0 0 94 207 0
2025-06-26 20:24:27.719,0x320,DATA:68 3 135 0 0 0 0 0
2025-06-26 20:24:27.719,0x280,DATA:41 0 0 0 0 0 0 0
2025-06-26 20:24:27.731,0x288,DATA:143 195 48 0 0 94 207 0
2025-06-26 20:24:27.736,0x280,DATA:41 0 0 0 0 0 0 0
2025-06-26 20:24:27.736,0x288,DATA:213 195 48 0 0 94 207 0
2025-06-26 20:24:27.744,0x380,DATA:0 135 0 0 128 0 0 16
2025-06-26 20:24:27.744,0x280,DATA:41 0 0 0 0 0 0 0
2025-06-26 20:24:27.755,0x288,DATA:213 195 48 0 0 94 207 0
2025-06-26 20:24:27.755,0x280,DATA:41 0 0 0 0 0 0 0
2025-06-26 20:24:27.764,0x288,DATA:213 195 48 0 0 94 207 0
2025-06-26 20:24:27.769,0x380,DATA:0 135 0 0 128 0 0 16
2025-06-26 20:24:27.769,0x488,DATA:109 19 92 116 166 0 0 240
2025-06-26 20:24:27.769,0x588,DATA:234 64 116 0 0 3 0 0
2025-06-26 20:24:27.780,0x280,DATA:41 0 0 0 0 0 0 0
2025-06-26 20:24:27.780,0x288,DATA:17 195 48 0 0 94 207 0
2025-06-26 20:24:27.787,0x320,DATA:68 3 135 0 0 0 0 0
2025-06-26 20:24:27.789,0x280,DATA:41 0 0 0 0 0 0 0
2025-06-26 20:24:27.789,0x288,DATA:17 195 48 0 0 94 207 0
2025-06-26 20:24:27.794,0x280,DATA:41 0 0 0 0 0 0 0
2025-06-26 20:24:27.802,0x288,DATA:17 195 48 0 0 94 207 0
2025-06-26 20:24:27.802,0x280,DATA:41 0 0 0 0 0 0 0
2025-06-26 20:24:27.802,0x288,DATA:17 195 48 0 0 94 207 0
2025-06-26 20:24:27.814,0x380,DATA:0 135 0 0 128 0 0 16
2025-06-26 20:24:27.819,0x488,DATA:221 19 92 116 166 0 0 64
2025-06-26 20:24:27.819,0x280,DATA:41 0 0 0 0 0 0 0
2025-06-26 20:24:27.819,0x288,DATA:81 195 48 0 0 94 207 0
2025-06-26 20:24:27.829,0x280,DATA:41 0 0 0 0 0 0 0
2025-06-26 20:24:27.829,0x288,DATA:81 195 48 0 0 94 207 0
2025-06-26 20:24:27.837,0x380,DATA:0 135 0 0 128 0 0 16
2025-06-26 20:24:27.843,0x320,DATA:68 3 135 0 0 0 0 0
2025-06-26 20:24:27.844,0x280,DATA:41 0 0 0 0 0 0 0
2025-06-26 20:24:27.851,0x288,DATA:81 195 48 0 0 94 207 0
2025-06-26 20:24:27.851,0x520,DATA:6 0 1 150 124 18 163 1
2025-06-26 20:24:27.860,0x280,DATA:41 0 0 0 0 0 0 0
2025-06-26 20:24:27.860,0x288,DATA:143 195 48 0 0 94 207 0
2025-06-26 20:24:27.860,0x380,DATA:0 135 0 0 128 0 0 16
2025-06-26 20:24:27.868,0x5D0,DATA:128 2 65 32 0 0
2025-06-26 20:24:27.871,0x280,DATA:41 0 0 0 0 0 0 0
2025-06-26 20:24:27.871,0x280,DATA:41 0 0 0 0 0 0 0
2025-06-26 20:24:27.878,0x288,DATA:143 195 48 0 0 94 207 0
2025-06-26 20:24:27.878,0x380,DATA:0 135 0 0 128 0 0 16
2025-06-26 20:24:27.887,0x280,DATA:41 0 0 0 0 0 0 0
2025-06-26 20:24:27.893,0x288,DATA:143 195 48 0 0 94 207 0
2025-06-26 20:24:27.898,0x380,DATA:0 135 0 0 128 0 0 16
2025-06-26 20:24:27.900,0x488,DATA:77 19 92 116 166 0 0 208
2025-06-26 20:24:27.900,0x320,DATA:68 3 135 0 0 0 0 0
2025-06-26 20:24:27.909,0x280,DATA:41 0 0 0 0 0 0 0
2025-06-26 20:24:27.913,0x288,DATA:213 195 48 0 0 94 207 0
2025-06-26 20:24:27.913,0x470,DATA:0 0 0 0 2
2025-06-26 20:24:27.926,0x280,DATA:41 0 0 0 0 0 0 0
2025-06-26 20:24:27.926,0x320,DATA:68 3 135 0 0 0 0 0
2025-06-26 20:24:27.928,0x280,DATA:41 0 0 0 0 0 0 0
2025-06-26 20:24:27.934,0x288,DATA:213 195 48 0 0 94 207 0
2025-06-26 20:24:27.934,0x380,DATA:0 135 0 0 128 0 0 16
2025-06-26 20:24:27.943,0x280,DATA:41 0 0 0 0 0 0 0
2025-06-26 20:24:27.948,0x288,DATA:17 195 48 0 0 94 207 0
2025-06-26 20:24:27.950,0x380,DATA:0 135 0 0 128 0 0 16
2025-06-26 20:24:27.954,0x280,DATA:41 0 0 0 0 0 0 0
2025-06-26 20:24:27.959,0x288,DATA:17 195 48 0 0 94 207 0
2025-06-26 20:24:27.960,0x380,DATA:0 135 0 0 128 0 0 16
2025-06-26 20:24:27.970,0x488,DATA:173 19 92 116 166 0 0 48
2025-06-26 20:24:27.971,0x320,DATA:68 3 135 0 0 0 0 0
2025-06-26 20:24:27.976,0x280,DATA:41 0 0 0 0 0 0 0
2025-06-26 20:24:27.981,0x288,DATA:81 195 48 0 0 94 207 0
2025-06-26 20:24:27.982,0x380,DATA:0 135 0 0 128 0 0 16
2025-06-26 20:24:27.987,0x488,DATA:205 19 92 116 166 0 0 80
2025-06-26 20:24:27.992,0x280,DATA:41 0 0 0 0 0 0 0
2025-06-26 20:24:27.993,0x288,DATA:81 195 48 0 0 94 207 0
2025-06-26 20:24:27.998,0x280,DATA:41 0 0 0 0 0 0 0
2025-06-26 20:24:28.000,0x288,DATA:81 195 48 0 0 94 207 0
2025-06-26 20:24:28.000,0x380,DATA:0 135 0 0 128 0 0 16
2025-06-26 20:24:28.006,0x280,DATA:41 0 0 0 0 0 0 0
2025-06-26 20:24:28.014,0x288,DATA:81 195 48 0 0 94 207 0
2025-06-26 20:24:28.018,0x488,DATA:13 19 92 116 166 0 0 144
2025-06-26 20:24:28.025,0x320,DATA:68 3 135 0 0 0 0 0
2025-06-26 20:24:28.025,0x280,DATA:41 0 0 0 0 0 0 0
2025-06-26 20:24:28.031,0x280,DATA:41 0 0 0 0 0 0 0
2025-06-26 20:24:28.031,0x288,DATA:143 195 48 0 0 94 207 0
2025-06-26 20:24:28.042,0x380,DATA:0 135 0 0 128 0 0 16
2025-06-26 20:24:28.042,0x488,DATA:45 19 92 116 166 0 0 176
2025-06-26 20:24:28.047,0x320,DATA:68 3 135 0 0 0 0 0
2025-06-26 20:24:28.047,0x280,DATA:41 0 0 0 0 0 0 0
2025-06-26 20:24:28.047,0x288,DATA:143 195 48 0 0 94 207 0
2025-06-26 20:24:28.055,0x280,DATA:41 0 0 0 0 0 0 0
2025-06-26 20:24:28.064,0x288,DATA:213 195 48 0 0 94 207 0
2025-06-26 20:24:28.064,0x280,DATA:41 0 0 0 0 0 0 0
2025-06-26 20:24:28.064,0x288,DATA:213 195 48 0 0 94 207 0
2025-06-26 20:24:28.073,0x380,DATA:0 135 0 0 128 0 0 16
2025-06-26 20:24:28.073,0x488,DATA:125 19 92 116 166 0 0 224
2025-06-26 20:24:28.082,0x320,DATA:68 3 135 0 0 0 0 0
2025-06-26 20:24:28.082,0x280,DATA:41 0 0 0 0 0 0 0
2025-06-26 20:24:28.092,0x288,DATA:213 195 48 0 0 94 207 0
2025-06-26 20:24:28.097,0x280,DATA:41 0 0 0 0 0 0 0
2025-06-26 20:24:28.097,0x288,DATA:17 195 48 0 0 94 207 0
2025-06-26 20:24:28.097,0x380,DATA:0 135 0 0 128 0 0 16
2025-06-26 20:24:28.105,0x280,DATA:41 0 0 0 0 0 0 0
2025-06-26 20:24:28.105,0x288,DATA:17 195 48 0 0 94 207 0
2025-06-26 20:24:28.114,0x280,DATA:41 0 0 0 0 0 0 0
2025-06-26 20:24:28.114,0x288,DATA:17 195 48 0 0 94 207 0
2025-06-26 20:24:28.114,0x380,DATA:0 135 0 0 128 0 0 16
2025-06-26 20:24:28.125,0x488,DATA:173 19 92 116 166 0 0 48
2025-06-26 20:24:28.131,0x280,DATA:41 0 0 0 0 0 0 0
2025-06-26 20:24:28.131,0x288,DATA:17 195 48 0 0 94 207 0
2025-06-26 20:24:28.131,0x380,DATA:0 135 0 0 128 0 0 16
2025-06-26 20:24:28.142,0x380,DATA:0 135 0 0 128 0 0 16
2025-06-26 20:24:28.148,0x480,DATA:148 12 0 0 0 64 1 217
2025-06-26 20:24:28.148,0x320,DATA:68 3 135 0 0 0 0 0
2025-06-26 20:24:28.150,0x280,DATA:41 0 0 0 0 0 0 0
2025-06-26 20:24:28.157,0x288,DATA:81 195 48 0 0 94 207 0
2025-06-26 20:24:28.157,0x380,DATA:0 135 0 0 128 0 0 16
2025-06-26 20:24:28.164,0x320,DATA:68 3 135 0 0 0 0 0
2025-06-26 20:24:28.164,0x420,DATA:3 0 0 0 195 0 128 0
2025-06-26 20:24:28.164,0x470,DATA:0 0 0 0 2
2025-06-26 20:24:28.175,0x280,DATA:41 0 0 0 0 0 0 0
2025-06-26 20:24:28.181,0x288,DATA:143 195 48 0 0 94 207 0
2025-06-26 20:24:28.182,0x280,DATA:41 0 0 0 0 0 0 0
2025-06-26 20:24:28.188,0x288,DATA:143 195 48 0 0 94 207 0
2025-06-26 20:24:28.192,0x380,DATA:0 135 0 0 128 0 0 16
2025-06-26 20:24:28.198,0x280,DATA:41 0 0 0 0 0 0 0
2025-06-26 20:24:28.198,0x288,DATA:143 195 48 0 0 94 207 0
2025-06-26 20:24:28.198,0x380,DATA:0 135 0 0 128 0 0 16
2025-06-26 20:24:28.209,0x470,DATA:0 0 0 0 2
2025-06-26 20:24:28.209,0x280,DATA:41 0 0 0 0 0 0 0
2025-06-26 20:24:28.215,0x288,DATA:213 195 48 0 0 94 207 0
2025-06-26 20:24:28.220,0x320,DATA:68 3 135 0 0 0 0 0
2025-06-26 20:24:28.225,0x280,DATA:41 0 0 0 0 0 0 0
2025-06-26 20:24:28.231,0x288,DATA:213 195 48 0 0 94 207 0
2025-06-26 20:24:28.236,0x280,DATA:41 0 0 0 0 0 0 0
2025-06-26 20:24:28.240,0x288,DATA:213 195 48 0 0 94 207 0
2025-06-26 20:24:28.240,0x380,DATA:0 135 0 0 128 0 0 16
2025-06-26 20:24:28.247,0x280,DATA:41 0 0 0 0 0 0 0
2025-06-26 20:24:28.247,0x288,DATA:213 195 48 0 0 94 207 0
2025-06-26 20:24:28.247,0x380,DATA:0 135 0 0 128 0 0 16
2025-06-26 20:24:28.259,0x280,DATA:41 0 0 0 0 0 0 0
2025-06-26 20:24:28.265,0x288,DATA:17 195 48 0 0 94 207 0
2025-06-26 20:24:28.265,0x380,DATA:0 135 0 0 128 0 0 16
2025-06-26 20:24:28.271,0x488,DATA:189 19 92 116 166 0 0 32
2025-06-26 20:24:28.276,0x280,DATA:41 0 0 0 0 0 0 0
2025-06-26 20:24:28.281,0x288,DATA:17 195 48 0 0 94 207 0
2025-06-26 20:24:28.282,0x320,DATA:68 3 135 0 0 0 0 0
2025-06-26 20:24:28.282,0x280,DATA:41 0 0 0 0 0 0 0
2025-06-26 20:24:28.288,0x288,DATA:17 195 48 0 0 94 207 0
2025-06-26 20:24:28.296,0x280,DATA:41 0 0 0 0 0 0 0
2025-06-26 20:24:28.296,0x288,DATA:81 195 48 0 0 94 207 0
2025-06-26 20:24:28.296,0x280,DATA:41 0 0 0 0 0 0 0
2025-06-26 20:24:28.309,0x288,DATA:81 195 48 0 0 94 207 0
2025-06-26 20:24:28.309,0x380,DATA:0 135 0 0 128 0 0 16
2025-06-26 20:24:28.314,0x488,DATA:253 19 92 116 166 0 0 96
2025-06-26 20:24:28.314,0x280,DATA:41 0 0 0 0 0 0 0
2025-06-26 20:24:28.314,0x288,DATA:81 195 48 0 0 94 207 0
2025-06-26 20:24:28.321,0x380,DATA:0 135 0 0 128 0 0 16
2025-06-26 20:24:28.330,0x280,DATA:41 0 0 0 0 0 0 0
2025-06-26 20:24:28.330,0x380,DATA:0 135 0 0 128 0 0 16
2025-06-26 20:24:28.338,0x588,DATA:234 64 116 0 0 3 0 0
2025-06-26 20:24:28.342,0x320,DATA:68 3 135 0 0 0 0 0
2025-06-26 20:24:28.347,0x280,DATA:41 0 0 0 0 0 0 0
2025-06-26 20:24:28.347,0x280,DATA:41 0 0 0 0 0 0 0
2025-06-26 20:24:28.354,0x288,DATA:143 195 48 0 0 94 207 0
2025-06-26 20:24:28.354,0x380,DATA:0 135 0 0 128 0 0 16
2025-06-26 20:24:28.364,0x488,DATA:45 19 92 116 166 0 0 176
2025-06-26 20:24:28.364,0x570,DATA:3 0 0 0
2025-06-26 20:24:28.366,0x5D8,DATA:1 4 0 0 0 0 0 0
2025-06-26 20:24:28.376,0x280,DATA:41 0 0 0 0 0 0 0
2025-06-26 20:24:28.376,0x280,DATA:41 0 0 0 0 0 0 0
2025-06-26 20:24:28.380,0x288,DATA:213 195 48 0 0 94 207 0
2025-06-26 20:24:28.380,0x380,DATA:0 135 0 0 128 0 0 16
2025-06-26 20:24:28.380,0x280,DATA:41 0 0 0 0 0 0 0
2025-06-26 20:24:28.390,0x288,DATA:213 195 48 0 0 94 207 0
2025-06-26 20:24:28.397,0x380,DATA:0 135 0 0 128 0 0 16
2025-06-26 20:24:28.397,0x480,DATA:89 12 0 0 0 64 1 20
2025-06-26 20:24:28.397,0x320,DATA:68 3 135 0 0 0 0 0
2025-06-26 20:24:28.405,0x280,DATA:41 0 0 0 0 0 0 0
2025-06-26 20:24:28.414,0x470,DATA:0 0 0 0 2
2025-06-26 20:24:28.414,0x280,DATA:41 0 0 0 0 0 0 0
2025-06-26 20:24:28.414,0x288,DATA:17 195 48 0 0 94 207 0
2025-06-26 20:24:28.414,0x280,DATA:41 0 0 0 0 0 0 0
2025-06-26 20:24:28.426,0x288,DATA:17 195 48 0 0 94 207 0
2025-06-26 20:24:28.431,0x380,DATA:0 135 0 0 128 0 0 16
2025-06-26 20:24:28.431,0x488,DATA:189 19 92 116 166 0 0 32
2025-06-26 20:24:28.438,0x280,DATA:41 0 0 0 0 0 0 0
2025-06-26 20:24:28.440,0x288,DATA:17 195 48 0 0 94 207 0
2025-06-26 20:24:28.446,0x280,DATA:41 0 0 0 0 0 0 0
2025-06-26 20:24:28.446,0x288,DATA:17 195 48 0 0 94 207 0
2025-06-26 20:24:28.459,0x380,DATA:0 135 0 0 128 0 0 16
2025-06-26 20:24:28.463,0x480,DATA:148 12 0 0 0 64 1 217
2025-06-26 20:24:28.463,0x320,DATA:68 3 135 0 0 0 0 0
2025-06-26 20:24:28.463,0x470,DATA:0 0 0 0 2
2025-06-26 20:24:28.471,0x570,DATA:3 0 0 0
2025-06-26 20:24:28.475,0x280,DATA:41 0 0 0 0 0 0 0
2025-06-26 20:24:28.475,0x288,DATA:81 195 48 0 0 94 207 0
2025-06-26 20:24:28.482,0x280,DATA:41 0 0 0 0 0 0 0
2025-06-26 20:24:28.482,0x288,DATA:81 195 48 0 0 94 207 0
2025-06-26 20:24:28.482,0x280,DATA:41 0 0 0 0 0 0 0
2025-06-26 20:24:28.496,0x288,DATA:143 195 48 0 0 94 207 0
2025-06-26 20:24:28.496,0x380,DATA:0 135 0 0 128 0 0 16
2025-06-26 20:24:28.496,0x280,DATA:41 0 0 0 0 0 0 0
2025-06-26 20:24:28.509,0x288,DATA:143 195 48 0 0 94 207 0
2025-06-26 20:24:28.509,0x380,DATA:0 135 0 0 128 0 0 16
2025-06-26 20:24:28.521,0x588,DATA:234 64 116 0 0 3 0 0
2025-06-26 20:24:28.526,0x320,DATA:68 3 135 0 0 0 0 0
2025-06-26 20:24:28.527,0x280,DATA:41 0 0 0 0 0 0 0
2025-06-26 20:24:28.531,0x288,DATA:143 195 48 0 0 94 207 0
2025-06-26 20:24:28.536,0x280,DATA:41 0 0 0 0 0 0 0
2025-06-26 20:24:28.536,0x288,DATA:213 195 48 0 0 94 207 0
2025-06-26 20:24:28.539,0x320,DATA:68 3 135 0 0 0 0 0
2025-06-26 20:24:28.545,0x280,DATA:41 0 0 0 0 0 0 0
2025-06-26 20:24:28.545,0x288,DATA:213 195 48 0 0 94 207 0
2025-06-26 20:24:28.553,0x280,DATA:41 0 0 0 0 0 0 0
2025-06-26 20:24:28.553,0x288,DATA:213 195 48 0 0 94 207 0
2025-06-26 20:24:28.553,0x380,DATA:0 135 0 0 128 0 0 16
2025-06-26 20:24:28.570,0x488,DATA:109 19 92 116 166 0 0 240
2025-06-26 20:24:28.570,0x280,DATA:41 0 0 0 0 0 0 0
2025-06-26 20:24:28.573,0x288,DATA:213 195 48 0 0 94 207 0
2025-06-26 20:24:28.581,0x488,DATA:157 19 92 116 166 0 0 0
2025-06-26 20:24:28.581,0x320,DATA:68 3 135 0 0 0 0 0
2025-06-26 20:24:28.587,0x280,DATA:41 0 0 0 0 0 0 0
2025-06-26 20:24:28.587,0x280,DATA:41 0 0 0 0 0 0 0
2025-06-26 20:24:28.594,0x288,DATA:17 195 48 0 0 94 207 0
2025-06-26 20:24:28.594,0x380,DATA:0 135 0 0 128 0 0 16
2025-06-26 20:24:28.603,0x488,DATA:173 19 92 116 166 0 0 48
2025-06-26 20:24:28.608,0x280,DATA:41 0 0 0 0 0 0 0
2025-06-26 20:24:28.608,0x288,DATA:17 195 48 0 0 94 207 0
2025-06-26 20:24:28.611,0x280,DATA:41 0 0 0 0 0 0 0
2025-06-26 20:24:28.619,0x288,DATA:81 195 48 0 0 94 207 0
2025-06-26 20:24:28.619,0x380,DATA:0 135 0 0 128 0 0 16
2025-06-26 20:24:28.619,0x488,DATA:205 19 92 116 166 0 0 80
2025-06-26 20:24:28.628,0x280,DATA:41 0 0 0 0 0 0 0
2025-06-26 20:24:28.636,0x288,DATA:81 195 48 0 0 94 207 0
2025-06-26 20:24:28.637,0x380,DATA:0 135 0 0 128 0 0 16
2025-06-26 20:24:28.637,0x320,DATA:68 3 135 0 0 0 0 0
2025-06-26 20:24:28.644,0x280,DATA:41 0 0 0 0 0 0 0
2025-06-26 20:24:28.653,0x288,DATA:81 195 48 0 0 94 207 0
2025-06-26 20:24:28.653,0x520,DATA:6 0 1 150 124 18 163 1
2025-06-26 20:24:28.657,0x280,DATA:41 0 0 0 0 0 0 0
2025-06-26 20:24:28.664,0x288,DATA:143 195 48 0 0 94 207 0
2025-06-26 20:24:28.664,0x320,DATA:68 3 135 0 0 0 0 0
2025-06-26 20:24:28.670,0x570,DATA:3 0 0 0
2025-06-26 20:24:28.670,0x5D0,DATA:128 2 65 32 0 0
2025-06-26 20:24:28.670,0x280,DATA:41 0 0 0 0 0 0 0
2025-06-26 20:24:28.680,0x288,DATA:143 195 48 0 0 94 207 0
2025-06-26 20:24:28.686,0x380,DATA:0 135 0 0 128 0 0 16
2025-06-26 20:24:28.686,0x488,DATA:45 19 92 116 166 0 0 176
2025-06-26 20:24:28.686,0x280,DATA:41 0 0 0 0 0 0 0
2025-06-26 20:24:28.695,0x288,DATA:143 195 48 0 0 94 207 0
2025-06-26 20:24:28.703,0x380,DATA:0 135 0 0 128 0 0 16
2025-06-26 20:24:28.703,0x480,DATA:89 12 0 0 0 64 1 20
2025-06-26 20:24:28.703,0x320,DATA:68 3 135 0 0 0 0 0
2025-06-26 20:24:28.711,0x470,DATA:0 0 0 0 2
2025-06-26 20:24:28.711,0x280,DATA:41 0 0 0 0 0 0 0
2025-06-26 20:24:28.720,0x288,DATA:213 195 48 0 0 94 207 0
2025-06-26 20:24:28.725,0x320,DATA:68 3 135 0 0 0 0 0
2025-06-26 20:24:28.725,0x280,DATA:41 0 0 0 0 0 0 0
2025-06-26 20:24:28.728,0x288,DATA:213 195 48 0 0 94 207 0
2025-06-26 20:24:28.736,0x380,DATA:0 135 0 0 128 0 0 16
2025-06-26 20:24:28.738,0x280,DATA:41 0 0 0 0 0 0 0
2025-06-26 20:24:28.744,0x288,DATA:17 195 48 0 0 94 207 0
2025-06-26 20:24:28.752,0x380,DATA:0 135 0 0 128 0 0 16
2025-06-26 20:24:28.752,0x280,DATA:41 0 0 0 0 0 0 0
2025-06-26 20:24:28.752,0x288,DATA:17 195 48 0 0 94 207 0
2025-06-26 20:24:28.764,0x280,DATA:41 0 0 0 0 0 0 0
2025-06-26 20:24:28.765,0x380,DATA:0 135 0 0 128 0 0 16
2025-06-26 20:24:28.770,0x480,DATA:148 12 0 0 0 64 1 217
2025-06-26 20:24:28.775,0x280,DATA:41 0 0 0 0 0 0 0
2025-06-26 20:24:28.781,0x288,DATA:81 195 48 0 0 94 207 0
2025-06-26 20:24:28.785,0x320,DATA:68 3 135 0 0 0 0 0
2025-06-26 20:24:28.785,0x280,DATA:41 0 0 0 0 0 0 0
2025-06-26 20:24:28.785,0x288,DATA:81 195 48 0 0 94 207 0
2025-06-26 20:24:28.797,0x280,DATA:41 0 0 0 0 0 0 0
2025-06-26 20:24:28.797,0x288,DATA:81 195 48 0 0 94 207 0
2025-06-26 20:24:28.802,0x380,DATA:0 135 0 0 128 0 0 16
2025-06-26 20:24:28.802,0x488,DATA:237 19 92 116 166 0 0 112
2025-06-26 20:24:28.813,0x280,DATA:41 0 0 0 0 0 0 0
2025-06-26 20:24:28.813,0x288,DATA:81 195 48 0 0 94 207 0
2025-06-26 20:24:28.818,0x380,DATA:0 135 0 0 128 0 0 16
2025-06-26 20:24:28.818,0x280,DATA:41 0 0 0 0 0 0 0
2025-06-26 20:24:28.826,0x380,DATA:0 135 0 0 128 0 0 16
2025-06-26 20:24:28.831,0x280,DATA:41 0 0 0 0 0 0 0
2025-06-26 20:24:28.834,0x288,DATA:143 195 48 0 0 94 207 0
2025-06-26 20:24:28.834,0x380,DATA:0 135 0 0 128 0 0 16
2025-06-26 20:24:28.834,0x320,DATA:68 3 135 0 0 0 0 0
2025-06-26 20:24:28.843,0x280,DATA:41 0 0 0 0 0 0 0
2025-06-26 20:24:28.852,0x288,DATA:143 195 48 0 0 94 207 0
2025-06-26 20:24:28.852,0x280,DATA:41 0 0 0 0 0 0 0
2025-06-26 20:24:28.859,0x288,DATA:213 195 48 0 0 94 207 0
2025-06-26 20:24:28.859,0x380,DATA:0 135 0 0 128 0 0 16
2025-06-26 20:24:28.867,0x280,DATA:41 0 0 0 0 0 0 0
2025-06-26 20:24:28.867,0x288,DATA:213 195 48 0 0 94 207 0
2025-06-26 20:24:28.876,0x380,DATA:0 135 0 0 128 0 0 16
2025-06-26 20:24:28.878,0x280,DATA:41 0 0 0 0 0 0 0
2025-06-26 20:24:28.878,0x288,DATA:213 195 48 0 0 94 207 0
2025-06-26 20:24:28.884,0x380,DATA:0 135 0 0 128 0 0 16
2025-06-26 20:24:28.892,0x588,DATA:234 64 116 0 0 3 0 0
2025-06-26 20:24:28.892,0x280,DATA:41 0 0 0 0 0 0 0
2025-06-26 20:24:28.892,0x288,DATA:17 195 48 0 0 94 207 0
2025-06-26 20:24:28.900,0x320,DATA:68 3 135 0 0 0 0 0
2025-06-26 20:24:28.908,0x280,DATA:41 0 0 0 0 0 0 0
2025-06-26 20:24:28.908,0x288,DATA:17 195 48 0 0 94 207 0
2025-06-26 20:24:28.912,0x470,DATA:0 0 0 0 2
2025-06-26 20:24:28.912,0x280,DATA:41 0 0 0 0 0 0 0
2025-06-26 20:24:28.925,0x288,DATA:17 195 48 0 0 94 207 0
2025-06-26 20:24:28.927,0x280,DATA:41 0 0 0 0 0 0 0
2025-06-26 20:24:28.927,0x288,DATA:17 195 48 0 0 94 207 0
2025-06-26 20:24:28.934,0x380,DATA:0 135 0 0 128 0 0 16
2025-06-26 20:24:28.938,0x488,DATA:221 19 92 116 166 0 0 64
2025-06-26 20:24:28.942,0x280,DATA:41 0 0 0 0 0 0 0
2025-06-26 20:24:28.942,0x288,DATA:81 195 48 0 0 94 207 0
2025-06-26 20:24:28.949,0x280,DATA:41 0 0 0 0 0 0 0
2025-06-26 20:24:28.958,0x288,DATA:81 195 48 0 0 94 207 0
2025-06-26 20:24:28.958,0x488,DATA:253 19 92 116 166 0 0 96
2025-06-26 20:24:28.964,0x320,DATA:68 3 135 0 0 0 0 0
2025-06-26 20:24:28.970,0x420,DATA:3 0 0 0 195 0 128 0
2025-06-26 20:24:28.970,0x470,DATA:0 0 0 0 2
2025-06-26 20:24:28.975,0x280,DATA:41 0 0 0 0 0 0 0
2025-06-26 20:24:28.977,0x288,DATA:143 195 48 0 0 94 207 0
2025-06-26 20:24:28.984,0x380,DATA:0 135 0 0 128 0 0 16
2025-06-26 20:24:28.984,0x280,DATA:41 0 0 0 0 0 0 0
2025-06-26 20:24:28.990,0x288,DATA:143 195 48 0 0 94 207 0
2025-06-26 20:24:28.998,0x380,DATA:0 135 0 0 128 0 0 16
2025-06-26 20:24:28.999,0x280,DATA:41 0 0 0 0 0 0 0
2025-06-26 20:24:28.999,0x288,DATA:143 195 48 0 0 94 207 0
2025-06-26 20:24:29.006,0x380,DATA:0 135 0 0 128 0 0 16
2025-06-26 20:24:29.014,0x470,DATA:0 0 0 0 2
2025-06-26 20:24:29.015,0x280,DATA:41 0 0 0 0 0 0 0
2025-06-26 20:24:29.020,0x288,DATA:213 195 48 0 0 94 207 0
2025-06-26 20:24:29.025,0x320,DATA:68 3 135 0 0 0 0 0
2025-06-26 20:24:29.026,0x280,DATA:41 0 0 0 0 0 0 0
2025-06-26 20:24:29.031,0x288,DATA:213 195 48 0 0 94 207 0
2025-06-26 20:24:29.034,0x280,DATA:41 0 0 0 0 0 0 0
2025-06-26 20:24:29.037,0x288,DATA:213 195 48 0 0 94 207 0
2025-06-26 20:24:29.046,0x380,DATA:0 135 0 0 128 0 0 16
2025-06-26 20:24:29.046,0x280,DATA:41 0 0 0 0 0 0 0
2025-06-26 20:24:29.054,0x288,DATA:213 195 48 0 0 94 207 0
2025-06-26 20:24:29.054,0x380,DATA:0 135 0 0 128 0 0 16
2025-06-26 20:24:29.064,0x280,DATA:41 0 0 0 0 0 0 0
2025-06-26 20:24:29.065,0x380,DATA:0 135 0 0 128 0 0 16
2025-06-26 20:24:29.071,0x280,DATA:41 0 0 0 0 0 0 0
2025-06-26 20:24:29.075,0x288,DATA:17 195 48 0 0 94 207 0
2025-06-26 20:24:29.075,0x380,DATA:0 135 0 0 128 0 0 16
2025-06-26 20:24:29.079,0x488,DATA:173 19 92 116 166 0 0 48
2025-06-26 20:24:29.079,0x320,DATA:68 3 135 0 0 0 0 0
2025-06-26 20:24:29.090,0x280,DATA:41 0 0 0 0 0 0 0
2025-06-26 20:24:29.090,0x288,DATA:17 195 48 0 0 94 207 0
2025-06-26 20:24:29.098,0x280,DATA:41 0 0 0 0 0 0 0
2025-06-26 20:24:29.103,0x288,DATA:81 195 48 0 0 94 207 0
2025-06-26 20:24:29.104,0x380,DATA:0 135 0 0 128 0 0 16
2025-06-26 20:24:29.104,0x280,DATA:41 0 0 0 0 0 0 0
2025-06-26 20:24:29.112,0x288,DATA:81 195 48 0 0 94 207 0
2025-06-26 20:24:29.112,0x380,DATA:0 135 0 0 128 0 0 16
2025-06-26 20:24:29.120,0x280,DATA:41 0 0 0 0 0 0 0
2025-06-26 20:24:29.120,0x288,DATA:81 195 48 0 0 94 207 0
2025-06-26 20:24:29.120,0x380,DATA:0 135 0 0 128 0 0 16
2025-06-26 20:24:29.128,0x280,DATA:41 0 0 0 0 0 0 0
2025-06-26 20:24:29.136,0x288,DATA:143 195 48 0 0 94 207 0
2025-06-26 20:24:29.138,0x380,DATA:0 135 0 0 128 0 0 16
2025-06-26 20:24:29.146,0x320,DATA:68 3 135 0 0 0 0 0
2025-06-26 20:24:29.146,0x280,DATA:41 0 0 0 0 0 0 0
2025-06-26 20:24:29.153,0x288,DATA:143 195 48 0 0 94 207 0
2025-06-26 20:24:29.153,0x280,DATA:41 0 0 0 0 0 0 0
2025-06-26 20:24:29.153,0x288,DATA:143 195 48 0 0 94 207 0
2025-06-26 20:24:29.163,0x380,DATA:0 135 0 0 128 0 0 16
2025-06-26 20:24:29.163,0x280,DATA:41 0 0 0 0 0 0 0
2025-06-26 20:24:29.169,0x288,DATA:143 195 48 0 0 94 207 0
2025-06-26 20:24:29.169,0x380,DATA:0 135 0 0 128 0 0 16
2025-06-26 20:24:29.169,0x280,DATA:41 0 0 0 0 0 0 0
2025-06-26 20:24:29.186,0x288,DATA:213 195 48 0 0 94 207 0
2025-06-26 20:24:29.186,0x380,DATA:0 135 0 0 128 0 0 16
2025-06-26 20:24:29.192,0x488,DATA:125 19 92 116 166 0 0 224
2025-06-26 20:24:29.197,0x280,DATA:41 0 0 0 0 0 0 0
2025-06-26 20:24:29.198,0x288,DATA:213 195 48 0 0 94 207 0
2025-06-26 20:24:29.204,0x320,DATA:68 3 135 0 0 0 0 0
2025-06-26 20:24:29.209,0x280,DATA:41 0 0 0 0 0 0 0
2025-06-26 20:24:29.214,0x470,DATA:0 0 0 0 2
2025-06-26 20:24:29.216,0x280,DATA:41 0 0 0 0 0 0 0
2025-06-26 20:24:29.220,0x288,DATA:17 195 48 0 0 94 207 0
2025-06-26 20:24:29.225,0x280,DATA:41 0 0 0 0 0 0 0
2025-06-26 20:24:29.226,0x288,DATA:17 195 48 0 0 94 207 0
2025-06-26 20:24:29.236,0x380,DATA:0 135 0 0 128 0 0 16
2025-06-26 20:24:29.237,0x488,DATA:189 19 92 116 166 0 0 32
2025-06-26 20:24:29.243,0x280,DATA:41 0 0 0 0 0 0 0
2025-06-26 20:24:29.248,0x288,DATA:17 195 48 0 0 94 207 0
2025-06-26 20:24:29.250,0x280,DATA:41 0 0 0 0 0 0 0
2025-06-26 20:24:29.257,0x380,DATA:0 135 0 0 128 0 0 16
2025-06-26 20:24:29.257,0x588,DATA:234 64 116 0 0 3 0 0
2025-06-26 20:24:29.265,0x320,DATA:68 3 135 0 0 0 0 0
2025-06-26 20:24:29.270,0x470,DATA:0 0 0 0 2
2025-06-26 20:24:29.270,0x570,DATA:3 0 0 0
2025-06-26 20:24:29.276,0x280,DATA:41 0 0 0 0 0 0 0
2025-06-26 20:24:29.277,0x288,DATA:81 195 48 0 0 94 207 0
2025-06-26 20:24:29.282,0x380,DATA:0 135 0 0 128 0 0 16
2025-06-26 20:24:29.287,0x488,DATA:237 19 92 116 166 0 0 112
2025-06-26 20:24:29.289,0x280,DATA:41 0 0 0 0 0 0 0
2025-06-26 20:24:29.297,0x288,DATA:81 195 48 0 0 94 207 0
2025-06-26 20:24:29.297,0x380,DATA:0 135 0 0 128 0 0 16
2025-06-26 20:24:29.306,0x280,DATA:41 0 0 0 0 0 0 0
2025-06-26 20:24:29.306,0x280,DATA:41 0 0 0 0 0 0 0
2025-06-26 20:24:29.314,0x288,DATA:143 195 48 0 0 94 207 0
2025-06-26 20:24:29.320,0x380,DATA:0 135 0 0 128 0 0 16
2025-06-26 20:24:29.320,0x488,DATA:61 19 92 116 166 0 0 160
2025-06-26 20:24:29.325,0x320,DATA:68 3 135 0 0 0 0 0
2025-06-26 20:24:29.331,0x280,DATA:41 0 0 0 0 0 0 0
2025-06-26 20:24:29.336,0x288,DATA:143 195 48 0 0 94 207 0
2025-06-26 20:24:29.338,0x280,DATA:41 0 0 0 0 0 0 0
2025-06-26 20:24:29.342,0x288,DATA:213 195 48 0 0 94 207 0
2025-06-26 20:24:29.346,0x380,DATA:0 135 0 0 128 0 0 16
2025-06-26 20:24:29.346,0x320,DATA:68 3 135 0 0 0 0 0
2025-06-26 20:24:29.354,0x280,DATA:41 0 0 0 0 0 0 0
2025-06-26 20:24:29.359,0x280,DATA:41 0 0 0 0 0 0 0
2025-06-26 20:24:29.359,0x288,DATA:213 195 48 0 0 94 207 0
2025-06-26 20:24:29.365,0x380,DATA:0 135 0 0 128 0 0 16
2025-06-26 20:24:29.370,0x488,DATA:109 19 92 116 166 0 0 240
2025-06-26 20:24:29.371,0x280,DATA:41 0 0 0 0 0 0 0
2025-06-26 20:24:29.379,0x288,DATA:213 195 48 0 0 94 207 0
2025-06-26 20:24:29.379,0x380,DATA:0 135 0 0 128 0 0 16
2025-06-26 20:24:29.385,0x488,DATA:141 19 92 116 166 0 0 16
2025-06-26 20:24:29.385,0x480,DATA:148 12 0 0 0 64 1 217
2025-06-26 20:24:29.385,0x320,DATA:68 3 135 0 0 0 0 0
2025-06-26 20:24:29.394,0x280,DATA:41 0 0 0 0 0 0 0
2025-06-26 20:24:29.403,0x288,DATA:17 195 48 0 0 94 207 0
2025-06-26 20:24:29.405,0x380,DATA:0 135 0 0 128 0 0 16
2025-06-26 20:24:29.409,0x320,DATA:68 3 135 0 0 0 0 0
2025-06-26 20:24:29.414,0x280,DATA:41 0 0 0 0 0 0 0
2025-06-26 20:24:29.414,0x288,DATA:17 195 48 0 0 94 207 0
2025-06-26 20:24:29.418,0x280,DATA:41 0 0 0 0 0 0 0
2025-06-26 20:24:29.426,0x288,DATA:81 195 48 0 0 94 207 0
2025-06-26 20:24:29.426,0x380,DATA:0 135 0 0 128 0 0 16
2025-06-26 20:24:29.426,0x280,DATA:41 0 0 0 0 0 0 0
2025-06-26 20:24:29.436,0x288,DATA:81 195 48 0 0 94 207 0
2025-06-26 20:24:29.442,0x380,DATA:0 135 0 0 128 0 0 16
2025-06-26 20:24:29.442,0x288,DATA:81 195 48 0 0 94 207 0
2025-06-26 20:24:29.453,0x488,DATA:237 19 92 116 166 0 0 112
2025-06-26 20:24:29.453,0x320,DATA:68 3 135 0 0 0 0 0
2025-06-26 20:24:29.458,0x520,DATA:6 0 1 150 124 18 163 1
2025-06-26 20:24:29.458,0x280,DATA:41 0 0 0 0 0 0 0
2025-06-26 20:24:29.465,0x288,DATA:143 195 48 0 0 94 207 0
2025-06-26 20:24:29.468,0x320,DATA:68 3 135 0 0 0 0 0
2025-06-26 20:24:29.475,0x470,DATA:0 0 0 0 2
2025-06-26 20:24:29.476,0x570,DATA:3 0 0 0
2025-06-26 20:24:29.481,0x280,DATA:41 0 0 0 0 0 0 0
2025-06-26 20:24:29.482,0x288,DATA:143 195 48 0 0 94 207 0
2025-06-26 20:24:29.487,0x380,DATA:0 135 0 0 128 0 0 16
2025-06-26 20:24:29.492,0x280,DATA:41 0 0 0 0 0 0 0
2025-06-26 20:24:29.493,0x288,DATA:143 195 48 0 0 94 207 0
2025-06-26 20:24:29.499,0x380,DATA:0 135 0 0 128 0 0 16
2025-06-26 20:24:29.499,0x480,DATA:192 12 0 0 0 64 1 141
2025-06-26 20:24:29.507,0x320,DATA:68 3 135 0 0 0 0 0
2025-06-26 20:24:29.507,0x470,DATA:0 0 0 0 2
2025-06-26 20:24:29.515,0x280,DATA:41 0 0 0 0 0 0 0
2025-06-26 20:24:29.521,0x320,DATA:68 3 135 0 0 0 0 0
2025-06-26 20:24:29.525,0x280,DATA:41 0 0 0 0 0 0 0
2025-06-26 20:24:29.527,0x288,DATA:213 195 48 0 0 94 207 0
2025-06-26 20:24:29.530,0x380,DATA:0 135 0 0 128 0 0 16
2025-06-26 20:24:29.537,0x488,DATA:157 19 92 116 166 0 0 0
2025-06-26 20:24:29.537,0x280,DATA:41 0 0 0 0 0 0 0
2025-06-26 20:24:29.547,0x288,DATA:17 195 48 0 0 94 207 0
2025-06-26 20:24:29.547,0x280,DATA:41 0 0 0 0 0 0 0
2025-06-26 20:24:29.547,0x288,DATA:17 195 48 0 0 94 207 0
2025-06-26 20:24:29.555,0x380,DATA:0 135 0 0 128 0 0 16
2025-06-26 20:24:29.555,0x480,DATA:15 12 0 0 0 64 1 66
2025-06-26 20:24:29.564,0x320,DATA:68 3 135 0 0 0 0 0
2025-06-26 20:24:29.564,0x420,DATA:3 0 0 0 195 0 128 0
2025-06-26 20:24:29.572,0x280,DATA:41 0 0 0 0 0 0 0
2025-06-26 20:24:29.577,0x288,DATA:81 195 48 0 0 94 207 0
2025-06-26 20:24:29.580,0x380,DATA:0 135 0 0 128 0 0 16
2025-06-26 20:24:29.582,0x320,DATA:68 3 135 0 0 0 0 0
2025-06-26 20:24:29.582,0x280,DATA:41 0 0 0 0 0 0 0
2025-06-26 20:24:29.588,0x280,DATA:41 0 0 0 0 0 0 0
2025-06-26 20:24:29.597,0x288,DATA:81 195 48 0 0 94 207 0
2025-06-26 20:24:29.597,0x380,DATA:0 135 0 0 128 0 0 16
2025-06-26 20:24:29.597,0x280,DATA:41 0 0 0 0 0 0 0
2025-06-26 20:24:29.608,0x288,DATA:81 195 48 0 0 94 207 0
2025-06-26 20:24:29.608,0x380,DATA:0 135 0 0 128 0 0 16
2025-06-26 20:24:29.619,0x488,DATA:29 19 92 116 166 0 0 128
2025-06-26 20:24:29.619,0x288,DATA:143 195 48 0 0 94 207 0
2025-06-26 20:24:29.621,0x488,DATA:13 19 92 116 166 0 0 144
2025-06-26 20:24:29.629,0x320,DATA:68 3 135 0 0 0 0 0
2025-06-26 20:24:29.631,0x280,DATA:41 0 0 0 0 0 0 0
2025-06-26 20:24:29.631,0x288,DATA:143 195 48 0 0 94 207 0
2025-06-26 20:24:29.638,0x320,DATA:68 3 135 0 0 0 0 0
2025-06-26 20:24:29.638,0x280,DATA:41 0 0 0 0 0 0 0
2025-06-26 20:24:29.646,0x288,DATA:143 195 48 0 0 94 207 0
2025-06-26 20:24:29.646,0x280,DATA:41 0 0 0 0 0 0 0
2025-06-26 20:24:29.654,0x288,DATA:213 195 48 0 0 94 207 0
2025-06-26 20:24:29.656,0x380,DATA:0 135 0 0 128 0 0 16
2025-06-26 20:24:29.664,0x488,DATA:77 19 92 116 166 0 0 208
2025-06-26 20:24:29.669,0x280,DATA:41 0 0 0 0 0 0 0
2025-06-26 20:24:29.670,0x288,DATA:213 195 48 0 0 94 207 0
2025-06-26 20:24:29.670,0x380,DATA:0 135 0 0 128 0 0 16
2025-06-26 20:24:29.681,0x280,DATA:41 0 0 0 0 0 0 0
2025-06-26 20:24:29.681,0x380,DATA:0 135 0 0 128 0 0 16
2025-06-26 20:24:29.686,0x280,DATA:41 0 0 0 0 0 0 0
2025-06-26 20:24:29.686,0x288,DATA:17 195 48 0 0 94 207 0
2025-06-26 20:24:29.686,0x380,DATA:0 135 0 0 128 0 0 16
2025-06-26 20:24:29.694,0x488,DATA:141 19 92 116 166 0 0 16
2025-06-26 20:24:29.703,0x320,DATA:68 3 135 0 0 0 0 0
2025-06-26 20:24:29.703,0x280,DATA:41 0 0 0 0 0 0 0
2025-06-26 20:24:29.703,0x470,DATA:0 0 0 0 2
2025-06-26 20:24:29.711,0x280,DATA:41 0 0 0 0 0 0 0
2025-06-26 20:24:29.719,0x288,DATA:17 195 48 0 0 94 207 0
2025-06-26 20:24:29.719,0x280,DATA:41 0 0 0 0 0 0 0
2025-06-26 20:24:29.719,0x288,DATA:17 195 48 0 0 94 207 0
2025-06-26 20:24:29.731,0x380,DATA:0 135 0 0 128 0 0 16
2025-06-26 20:24:29.731,0x488,DATA:221 19 92 116 166 0 0 64
2025-06-26 20:24:29.736,0x280,DATA:41 0 0 0 0 0 0 0
2025-06-26 20:24:29.738,0x288,DATA:81 195 48 0 0 94 207 0
2025-06-26 20:24:29.744,0x380,DATA:0 135 0 0 128 0 0 16
2025-06-26 20:24:29.753,0x588,DATA:234 64 116 0 0 3 0 0
2025-06-26 20:24:29.753,0x280,DATA:41 0 0 0 0 0 0 0
2025-06-26 20:24:29.765,0x320,DATA:68 3 135 0 0 0 0 0
2025-06-26 20:24:29.770,0x420,DATA:3 0 0 0 195 0 128 0
2025-06-26 20:24:29.771,0x470,DATA:0 0 0 0 2
2025-06-26 20:24:29.775,0x570,DATA:3 0 0 0
2025-06-26 20:24:29.777,0x280,DATA:41 0 0 0 0 0 0 0
2025-06-26 20:24:29.778,0x288,DATA:143 195 48 0 0 94 207 0
2025-06-26 20:24:29.784,0x380,DATA:0 135 0 0 128 0 0 16
2025-06-26 20:24:29.784,0x280,DATA:41 0 0 0 0 0 0 0
2025-06-26 20:24:29.792,0x288,DATA:143 195 48 0 0 94 207 0
2025-06-26 20:24:29.792,0x380,DATA:0 135 0 0 128 0 0 16
2025-06-26 20:24:29.792,0x280,DATA:41 0 0 0 0 0 0 0
2025-06-26 20:24:29.800,0x288,DATA:143 195 48 0 0 94 207 0
2025-06-26 20:24:29.808,0x588,DATA:234 64 116 0 0 3 0 0
2025-06-26 20:24:29.808,0x580,DATA:129 0 0 0 0 0 0 0
2025-06-26 20:24:29.808,0x470,DATA:0 0 0 0 2
2025-06-26 20:24:29.817,0x280,DATA:41 0 0 0 0 0 0 0
2025-06-26 20:24:29.825,0x320,DATA:68 3 135 0 0 0 0 0
2025-06-26 20:24:29.825,0x280,DATA:41 0 0 0 0 0 0 0
2025-06-26 20:24:29.825,0x280,DATA:41 0 0 0 0 0 0 0
2025-06-26 20:24:29.835,0x288,DATA:213 195 48 0 0 94 207 0
2025-06-26 20:24:29.841,0x380,DATA:0 135 0 0 128 0 0 16
2025-06-26 20:24:29.841,0x280,DATA:41 0 0 0 0 0 0 0
2025-06-26 20:24:29.841,0x288,DATA:213 195 48 0 0 94 207 0
2025-06-26 20:24:29.849,0x380,DATA:0 135 0 0 128 0 0 16
2025-06-26 20:24:29.857,0x488,DATA:157 19 92 116 166 0 0 0
2025-06-26 20:24:29.857,0x280,DATA:41 0 0 0 0 0 0 0
2025-06-26 20:24:29.857,0x288,DATA:17 195 48 0 0 94 207 0
2025-06-26 20:24:29.866,0x488,DATA:141 19 92 116 166 0 0 16
2025-06-26 20:24:29.866,0x280,DATA:41 0 0 0 0 0 0 0
2025-06-26 20:24:29.874,0x288,DATA:17 195 48 0 0 94 207 0
2025-06-26 20:24:29.874,0x320,DATA:68 3 135 0 0 0 0 0
2025-06-26 20:24:29.882,0x280,DATA:41 0 0 0 0 0 0 0
2025-06-26 20:24:29.884,0x288,DATA:17 195 48 0 0 94 207 0
2025-06-26 20:24:29.891,0x380,DATA:0 135 0 0 128 0 0 16
2025-06-26 20:24:29.891,0x280,DATA:41 0 0 0 0 0 0 0
2025-06-26 20:24:29.891,0x288,DATA:81 195 48 0 0 94 207 0
2025-06-26 20:24:29.899,0x380,DATA:0 135 0 0 128 0 0 16
2025-06-26 20:24:29.908,0x280,DATA:41 0 0 0 0 0 0 0
2025-06-26 20:24:29.908,0x288,DATA:81 195 48 0 0 94 207 0
2025-06-26 20:24:29.908,0x380,DATA:0 135 0 0 128 0 0 16
2025-06-26 20:24:29.916,0x280,DATA:41 0 0 0 0 0 0 0
2025-06-26 20:24:29.924,0x288,DATA:81 195 48 0 0 94 207 0
2025-06-26 20:24:29.926,0x488,DATA:29 19 92 116 166 0 0 128
2025-06-26 20:24:29.926,0x280,DATA:41 0 0 0 0 0 0 0
2025-06-26 20:24:29.933,0x288,DATA:143 195 48 0 0 94 207 0
2025-06-26 20:24:29.933,0x380,DATA:0 135 0 0 128 0 0 16
2025-06-26 20:24:29.941,0x320,DATA:68 3 135 0 0 0 0 0
2025-06-26 20:24:29.941,0x280,DATA:41 0 0 0 0 0 0 0
2025-06-26 20:24:29.941,0x288,DATA:143 195 48 0 0 94 207 0
2025-06-26 20:24:29.953,0x280,DATA:41 0 0 0 0 0 0 0
2025-06-26 20:24:29.957,0x288,DATA:143 195 48 0 0 94 207 0
2025-06-26 20:24:29.964,0x380,DATA:0 135 0 0 128 0 0 16
2025-06-26 20:24:29.964,0x280,DATA:41 0 0 0 0 0 0 0
2025-06-26 20:24:29.966,0x288,DATA:143 195 48 0 0 94 207 0
2025-06-26 20:24:29.975,0x380,DATA:0 135 0 0 128 0 0 16
2025-06-26 20:24:29.975,0x280,DATA:41 0 0 0 0 0 0 0
2025-06-26 20:24:29.985,0x288,DATA:213 195 48 0 0 94 207 0
2025-06-26 20:24:29.985,0x380,DATA:0 135 0 0 128 0 0 16
2025-06-26 20:24:29.992,0x280,DATA:41 0 0 0 0 0 0 0
2025-06-26 20:24:29.994,0x288,DATA:213 195 48 0 0 94 207 0
2025-06-26 20:24:29.994,0x380,DATA:0 135 0 0 128 0 0 16
2025-06-26 20:24:29.998,0x320,DATA:68 3 135 0 0 0 0 0
2025-06-26 20:24:30.007,0x280,DATA:41 0 0 0 0 0 0 0
2025-06-26 20:24:30.007,0x288,DATA:213 195 48 0 0 94 207 0
2025-06-26 20:24:30.015,0x280,DATA:41 0 0 0 0 0 0 0
2025-06-26 20:24:30.015,0x288,DATA:17 195 48 0 0 94 207 0
2025-06-26 20:24:30.023,0x280,DATA:41 0 0 0 0 0 0 0
2025-06-26 20:24:30.023,0x288,DATA:17 195 48 0 0 94 207 0
2025-06-26 20:24:30.032,0x380,DATA:0 135 0 0 128 0 0 16
2025-06-26 20:24:30.034,0x488,DATA:189 19 92 116 166 0 0 32
2025-06-26 20:24:30.034,0x280,DATA:41 0 0 0 0 0 0 0
2025-06-26 20:24:30.040,0x380,DATA:0 135 0 0 128 0 0 16
2025-06-26 20:24:30.040,0x480,DATA:148 12 0 0 0 64 1 217
2025-06-26 20:24:30.048,0x520,DATA:1 192 1 150 124 18 163 1
2025-06-26 20:24:30.048,0x280,DATA:41 0 0 0 0 0 0 0
2025-06-26 20:24:30.058,0x288,DATA:81 195 48 0 0 94 207 0
2025-06-26 20:24:30.058,0x320,DATA:68 3 135 0 0 0 0 0
2025-06-26 20:24:30.064,0x470,DATA:0 0 0 0 2
2025-06-26 20:24:30.068,0x570,DATA:3 0 0 0
2025-06-26 20:24:30.073,0x280,DATA:41 0 0 0 0 0 0 0
2025-06-26 20:24:30.073,0x288,DATA:81 195 48 0 0 94 207 0
2025-06-26 20:24:30.081,0x380,DATA:0 135 0 0 128 0 0 16
2025-06-26 20:24:30.081,0x280,DATA:41 0 0 0 0 0 0 0
2025-06-26 20:24:30.081,0x288,DATA:81 195 48 0 0 94 207 0
2025-06-26 20:24:30.092,0x380,DATA:0 135 0 0 128 0 0 16
2025-06-26 20:24:30.098,0x380,DATA:0 135 0 0 128 0 0 16
2025-06-26 20:24:30.098,0x480,DATA:192 12 0 0 0 64 1 141
2025-06-26 20:24:30.102,0x320,DATA:68 3 135 0 0 0 0 0
2025-06-26 20:24:30.102,0x470,DATA:0 0 0 0 2
2025-06-26 20:24:30.106,0x280,DATA:41 0 0 0 0 0 0 0
2025-06-26 20:24:30.114,0x288,DATA:143 195 48 0 0 94 207 0
2025-06-26 20:24:30.114,0x320,DATA:68 3 135 0 0 0 0 0
2025-06-26 20:24:30.122,0x280,DATA:41 0 0 0 0 0 0 0
2025-06-26 20:24:30.131,0x288,DATA:143 195 48 0 0 94 207 0
2025-06-26 20:24:30.131,0x280,DATA:41 0 0 0 0 0 0 0
2025-06-26 20:24:30.133,0x288,DATA:213 195 48 0 0 94 207 0
2025-06-26 20:24:30.140,0x380,DATA:0 135 0 0 128 0 0 16
2025-06-26 20:24:30.147,0x280,DATA:41 0 0 0 0 0 0 0
2025-06-26 20:24:30.147,0x288,DATA:213 195 48 0 0 94 207 0
2025-06-26 20:24:30.147,0x380,DATA:0 135 0 0 128 0 0 16
2025-06-26 20:24:30.156,0x280,DATA:41 0 0 0 0 0 0 0
2025-06-26 20:24:30.164,0x380,DATA:0 135 0 0 128 0 0 16
2025-06-26 20:24:30.164,0x480,DATA:192 12 0 0 0 64 1 141
2025-06-26 20:24:30.164,0x280,DATA:41 0 0 0 0 0 0 0
2025-06-26 20:24:30.172,0x288,DATA:17 195 48 0 0 94 207 0
2025-06-26 20:24:30.172,0x380,DATA:0 135 0 0 128 0 0 16
2025-06-26 20:24:30.180,0x320,DATA:68 3 135 0 0 0 0 0
2025-06-26 20:24:30.180,0x280,DATA:41 0 0 0 0 0 0 0
2025-06-26 20:24:30.182,0x288,DATA:17 195 48 0 0 94 207 0
2025-06-26 20:24:30.192,0x280,DATA:41 0 0 0 0 0 0 0
2025-06-26 20:24:30.197,0x288,DATA:17 195 48 0 0 94 207 0
2025-06-26 20:24:30.197,0x380,DATA:0 135 0 0 128 0 0 16
2025-06-26 20:24:30.197,0x488,DATA:173 19 92 116 166 0 0 48
2025-06-26 20:24:30.205,0x280,DATA:41 0 0 0 0 0 0 0
2025-06-26 20:24:30.213,0x288,DATA:17 195 48 0 0 94 207 0
2025-06-26 20:24:30.213,0x280,DATA:41 0 0 0 0 0 0 0
2025-06-26 20:24:30.213,0x288,DATA:81 195 48 0 0 94 207 0
2025-06-26 20:24:30.221,0x488,DATA:205 19 92 116 166 0 0 80
2025-06-26 20:24:30.221,0x280,DATA:41 0 0 0 0 0 0 0
2025-06-26 20:24:30.232,0x288,DATA:81 195 48 0 0 94 207 0
2025-06-26 20:24:30.232,0x380,DATA:0 135 0 0 128 0 0 16
2025-06-26 20:24:30.238,0x320,DATA:68 3 135 0 0 0 0 0
2025-06-26 20:24:30.246,0x280,DATA:41 0 0 0 0 0 0 0
2025-06-26 20:24:30.246,0x288,DATA:81 195 48 0 0 94 207 0
2025-06-26 20:24:30.246,0x280,DATA:41 0 0 0 0 0 0 0
2025-06-26 20:24:30.256,0x288,DATA:143 195 48 0 0 94 207 0
2025-06-26 20:24:30.262,0x380,DATA:0 135 0 0 128 0 0 16
2025-06-26 20:24:30.262,0x280,DATA:41 0 0 0 0 0 0 0
2025-06-26 20:24:30.270,0x288,DATA:143 195 48 0 0 94 207 0
2025-06-26 20:24:30.270,0x380,DATA:0 135 0 0 128 0 0 16
2025-06-26 20:24:30.270,0x280,DATA:41 0 0 0 0 0 0 0
2025-06-26 20:24:30.281,0x288,DATA:143 195 48 0 0 94 207 0
2025-06-26 20:24:30.287,0x380,DATA:0 135 0 0 128 0 0 16
2025-06-26 20:24:30.289,0x280,DATA:41 0 0 0 0 0 0 0
2025-06-26 20:24:30.295,0x288,DATA:213 195 48 0 0 94 207 0
2025-06-26 20:24:30.295,0x380,DATA:0 135 0 0 128 0 0 16
2025-06-26 20:24:30.303,0x320,DATA:68 3 135 0 0 0 0 0
2025-06-26 20:24:30.308,0x280,DATA:41 0 0 0 0 0 0 0
2025-06-26 20:24:30.313,0x288,DATA:213 195 48 0 0 94 207 0
2025-06-26 20:24:30.313,0x470,DATA:0 0 0 0 2
2025-06-26 20:24:30.320,0x280,DATA:41 0 0 0 0 0 0 0
2025-06-26 20:24:30.320,0x288,DATA:213 195 48 0 0 94 207 0
2025-06-26 20:24:30.320,0x280,DATA:41 0 0 0 0 0 0 0
2025-06-26 20:24:30.331,0x288,DATA:213 195 48 0 0 94 207 0
2025-06-26 20:24:30.336,0x380,DATA:0 135 0 0 128 0 0 16
2025-06-26 20:24:30.336,0x280,DATA:41 0 0 0 0 0 0 0
2025-06-26 20:24:30.336,0x288,DATA:17 195 48 0 0 94 207 0
2025-06-26 20:24:30.345,0x380,DATA:0 135 0 0 128 0 0 16
2025-06-26 20:24:30.345,0x588,DATA:234 64 116 0 0 3 0 0
2025-06-26 20:24:30.353,0x280,DATA:41 0 0 0 0 0 0 0
2025-06-26 20:24:30.361,0x288,DATA:17 195 48 0 0 94 207 0
2025-06-26 20:24:30.361,0x380,DATA:0 135 0 0 128 0 0 16
2025-06-26 20:24:30.369,0x320,DATA:68 3 135 0 0 0 0 0
2025-06-26 20:24:30.369,0x420,DATA:3 0 0 0 195 0 128 0
2025-06-26 20:24:30.369,0x470,DATA:0 0 0 0 2
2025-06-26 20:24:30.379,0x280,DATA:41 0 0 0 0 0 0 0
2025-06-26 20:24:30.379,0x288,DATA:81 195 48 0 0 94 207 0
2025-06-26 20:24:30.385,0x280,DATA:41 0 0 0 0 0 0 0
2025-06-26 20:24:30.385,0x288,DATA:81 195 48 0 0 94 207 0
2025-06-26 20:24:30.385,0x380,DATA:0 135 0 0 128 0 0 16
2025-06-26 20:24:30.393,0x280,DATA:41 0 0 0 0 0 0 0
2025-06-26 20:24:30.403,0x288,DATA:81 195 48 0 0 94 207 0
2025-06-26 20:24:30.403,0x380,DATA:0 135 0 0 128 0 0 16
2025-06-26 20:24:30.410,0x588,DATA:234 64 116 0 0 3 0 0
2025-06-26 20:24:30.410,0x470,DATA:0 0 0 0 2
2025-06-26 20:24:30.420,0x280,DATA:41 0 0 0 0 0 0 0
2025-06-26 20:24:30.420,0x320,DATA:68 3 135 0 0 0 0 0
2025-06-26 20:24:30.420,0x280,DATA:41 0 0 0 0 0 0 0
2025-06-26 20:24:30.431,0x288,DATA:143 195 48 0 0 94 207 0
2025-06-26 20:24:30.435,0x280,DATA:41 0 0 0 0 0 0 0
2025-06-26 20:24:30.435,0x288,DATA:143 195 48 0 0 94 207 0
2025-06-26 20:24:30.439,0x380,DATA:0 135 0 0 128 0 0 16
2025-06-26 20:24:30.443,0x488,DATA:45 19 92 116 166 0 0 176
2025-06-26 20:24:30.452,0x280,DATA:41 0 0 0 0 0 0 0
2025-06-26 20:24:30.452,0x288,DATA:143 195 48 0 0 94 207 0
2025-06-26 20:24:30.460,0x280,DATA:41 0 0 0 0 0 0 0
2025-06-26 20:24:30.463,0x288,DATA:213 195 48 0 0 94 207 0
2025-06-26 20:24:30.468,0x380,DATA:0 135 0 0 128 0 0 16
2025-06-26 20:24:30.468,0x380,DATA:0 135 0 0 128 0 0 16
2025-06-26 20:24:30.478,0x588,DATA:234 64 116 0 0 3 0 0
2025-06-26 20:24:30.478,0x280,DATA:41 0 0 0 0 0 0 0
2025-06-26 20:24:30.484,0x320,DATA:68 3 135 0 0 0 0 0
2025-06-26 20:24:30.484,0x280,DATA:41 0 0 0 0 0 0 0
2025-06-26 20:24:30.484,0x288,DATA:213 195 48 0 0 94 207 0
2025-06-26 20:24:30.497,0x280,DATA:41 0 0 0 0 0 0 0
2025-06-26 20:24:30.501,0x288,DATA:17 195 48 0 0 94 207 0
2025-06-26 20:24:30.501,0x380,DATA:0 135 0 0 128 0 0 16
2025-06-26 20:24:30.509,0x280,DATA:41 0 0 0 0 0 0 0
2025-06-26 20:24:30.514,0x288,DATA:17 195 48 0 0 94 207 0
2025-06-26 20:24:30.518,0x380,DATA:0 135 0 0 128 0 0 16
2025-06-26 20:24:30.518,0x280,DATA:41 0 0 0 0 0 0 0
2025-06-26 20:24:30.526,0x288,DATA:17 195 48 0 0 94 207 0
2025-06-26 20:24:30.526,0x380,DATA:0 135 0 0 128 0 0 16
2025-06-26 20:24:30.526,0x280,DATA:41 0 0 0 0 0 0 0
2025-06-26 20:24:30.536,0x288,DATA:81 195 48 0 0 94 207 0
2025-06-26 20:24:30.542,0x380,DATA:0 135 0 0 128 0 0 16
2025-06-26 20:24:30.543,0x320,DATA:68 3 135 0 0 0 0 0
2025-06-26 20:24:30.545,0x280,DATA:41 0 0 0 0 0 0 0
2025-06-26 20:24:30.550,0x288,DATA:81 195 48 0 0 94 207 0
2025-06-26 20:24:30.559,0x280,DATA:41 0 0 0 0 0 0 0
2025-06-26 20:24:30.559,0x288,DATA:81 195 48 0 0 94 207 0
2025-06-26 20:24:30.559,0x380,DATA:0 135 0 0 128 0 0 16
2025-06-26 20:24:30.567,0x5D0,DATA:128 2 65 32 0 0
2025-06-26 20:24:30.567,0x280,DATA:41 0 0 0 0 0 0 0
2025-06-26 20:24:30.575,0x280,DATA:41 0 0 0 0 0 0 0
2025-06-26 20:24:30.577,0x288,DATA:143 195 48 0 0 94 207 0
2025-06-26 20:24:30.577,0x380,DATA:0 135 0 0 128 0 0 16
2025-06-26 20:24:30.583,0x488,DATA:13 19 92 116 166 0 0 144
2025-06-26 20:24:30.592,0x380,DATA:0 135 0 0 128 0 0 16
2025-06-26 20:24:30.596,0x588,DATA:234 64 116 0 0 3 0 0
2025-06-26 20:24:30.596,0x280,DATA:41 0 0 0 0 0 0 0
2025-06-26 20:24:30.600,0x320,DATA:68 3 135 0 0 0 0 0
2025-06-26 20:24:30.609,0x280,DATA:41 0 0 0 0 0 0 0
2025-06-26 20:24:30.609,0x288,DATA:143 195 48 0 0 94 207 0
2025-06-26 20:24:30.611,0x470,DATA:0 0 0 0 2
2025-06-26 20:24:30.620,0x280,DATA:41 0 0 0 0 0 0 0
2025-06-26 20:24:30.625,0x280,DATA:41 0 0 0 0 0 0 0
2025-06-26 20:24:30.625,0x288,DATA:213 195 48 0 0 94 207 0
2025-06-26 20:24:30.625,0x380,DATA:0 135 0 0 128 0 0 16
2025-06-26 20:24:30.635,0x280,DATA:41 0 0 0 0 0 0 0
2025-06-26 20:24:30.635,0x288,DATA:213 195 48 0 0 94 207 0
2025-06-26 20:24:30.641,0x380,DATA:0 135 0 0 128 0 0 16
2025-06-26 20:24:30.641,0x488,DATA:109 19 92 116 166 0 0 240
2025-06-26 20:24:30.641,0x280,DATA:41 0 0 0 0 0 0 0
2025-06-26 20:24:30.658,0x288,DATA:213 195 48 0 0 94 207 0
2025-06-26 20:24:30.658,0x488,DATA:157 19 92 116 166 0 0 0
2025-06-26 20:24:30.658,0x320,DATA:68 3 135 0 0 0 0 0
2025-06-26 20:24:30.667,0x470,DATA:0 0 0 0 2
2025-06-26 20:24:30.675,0x280,DATA:41 0 0 0 0 0 0 0
2025-06-26 20:24:30.675,0x288,DATA:17 195 48 0 0 94 207 0
2025-06-26 20:24:30.675,0x380,DATA:0 135 0 0 128 0 0 16
2025-06-26 20:24:30.684,0x488,DATA:173 19 92 116 166 0 0 48
2025-06-26 20:24:30.684,0x280,DATA:41 0 0 0 0 0 0 0
2025-06-26 20:24:30.692,0x288,DATA:17 195 48 0 0 94 207 0
2025-06-26 20:24:30.692,0x280,DATA:41 0 0 0 0 0 0 0
2025-06-26 20:24:30.692,0x288,DATA:81 195 48 0 0 94 207 0
2025-06-26 20:24:30.702,0x380,DATA:0 135 0 0 128 0 0 16
2025-06-26 20:24:30.708,0x280,DATA:41 0 0 0 0 0 0 0
2025-06-26 20:24:30.708,0x288,DATA:81 195 48 0 0 94 207 0
2025-06-26 20:24:30.717,0x380,DATA:0 135 0 0 128 0 0 16
2025-06-26 20:24:30.725,0x480,DATA:148 12 0 0 0 64 1 217
2025-06-26 20:24:30.725,0x320,DATA:68 3 135 0 0 0 0 0
2025-06-26 20:24:30.731,0x280,DATA:41 0 0 0 0 0 0 0
2025-06-26 20:24:30.736,0x280,DATA:41 0 0 0 0 0 0 0
2025-06-26 20:24:30.736,0x288,DATA:143 195 48 0 0 94 207 0
2025-06-26 20:24:30.741,0x380,DATA:0 135 0 0 128 0 0 16
2025-06-26 20:24:30.741,0x320,DATA:68 3 135 0 0 0 0 0
2025-06-26 20:24:30.741,0x280,DATA:41 0 0 0 0 0 0 0
2025-06-26 20:24:30.751,0x288,DATA:143 195 48 0 0 94 207 0
2025-06-26 20:24:30.757,0x280,DATA:41 0 0 0 0 0 0 0
2025-06-26 20:24:30.757,0x288,DATA:143 195 48 0 0 94 207 0
2025-06-26 20:24:30.766,0x280,DATA:41 0 0 0 0 0 0 0
2025-06-26 20:24:30.774,0x288,DATA:143 195 48 0 0 94 207 0
2025-06-26 20:24:30.774,0x380,DATA:0 135 0 0 128 0 0 16
2025-06-26 20:24:30.781,0x280,DATA:41 0 0 0 0 0 0 0
2025-06-26 20:24:30.784,0x380,DATA:0 135 0 0 128 0 0 16
2025-06-26 20:24:30.784,0x480,DATA:192 12 0 0 0 64 1 141
2025-06-26 20:24:30.790,0x320,DATA:68 3 135 0 0 0 0 0
2025-06-26 20:24:30.790,0x280,DATA:41 0 0 0 0 0 0 0
2025-06-26 20:24:30.799,0x288,DATA:213 195 48 0 0 94 207 0
2025-06-26 20:24:30.803,0x380,DATA:0 135 0 0 128 0 0 16
2025-06-26 20:24:30.809,0x320,DATA:68 3 135 0 0 0 0 0
2025-06-26 20:24:30.810,0x280,DATA:41 0 0 0 0 0 0 0
2025-06-26 20:24:30.815,0x470,DATA:0 0 0 0 2
2025-06-26 20:24:30.815,0x280,DATA:41 0 0 0 0 0 0 0
2025-06-26 20:24:30.815,0x288,DATA:17 195 48 0 0 94 207 0
2025-06-26 20:24:30.826,0x380,DATA:0 135 0 0 128 0 0 16
2025-06-26 20:24:30.832,0x280,DATA:41 0 0 0 0 0 0 0
2025-06-26 20:24:30.839,0x288,DATA:17 195 48 0 0 94 207 0
2025-06-26 20:24:30.839,0x380,DATA:0 135 0 0 128 0 0 16
2025-06-26 20:24:30.847,0x280,DATA:41 0 0 0 0 0 0 0
2025-06-26 20:24:30.848,0x288,DATA:17 195 48 0 0 94 207 0
2025-06-26 20:24:30.852,0x488,DATA:173 19 92 116 166 0 0 48
2025-06-26 20:24:30.856,0x520,DATA:1 192 1 150 124 18 163 1
2025-06-26 20:24:30.864,0x280,DATA:41 0 0 0 0 0 0 0
2025-06-26 20:24:30.865,0x288,DATA:81 195 48 0 0 94 207 0
2025-06-26 20:24:30.865,0x320,DATA:68 3 135 0 0 0 0 0
2025-06-26 20:24:30.865,0x470,DATA:0 0 0 0 2
2025-06-26 20:24:30.872,0x570,DATA:3 0 0 0
2025-06-26 20:24:30.872,0x280,DATA:41 0 0 0 0 0 0 0
2025-06-26 20:24:30.886,0x288,DATA:81 195 48 0 0 94 207 0
2025-06-26 20:24:30.886,0x380,DATA:0 135 0 0 128 0 0 16
2025-06-26 20:24:30.897,0x280,DATA:41 0 0 0 0 0 0 0
2025-06-26 20:24:30.897,0x288,DATA:81 195 48 0 0 94 207 0
2025-06-26 20:24:30.900,0x380,DATA:0 135 0 0 128 0 0 16
2025-06-26 20:24:30.900,0x280,DATA:41 0 0 0 0 0 0 0
2025-06-26 20:24:30.908,0x288,DATA:143 195 48 0 0 94 207 0
2025-06-26 20:24:30.914,0x488,DATA:13 19 92 116 166 0 0 144
2025-06-26 20:24:30.914,0x470,DATA:0 0 0 0 2
2025-06-26 20:24:30.914,0x280,DATA:41 0 0 0 0 0 0 0
2025-06-26 20:24:30.922,0x288,DATA:143 195 48 0 0 94 207 0
2025-06-26 20:24:30.930,0x320,DATA:68 3 135 0 0 0 0 0
2025-06-26 20:24:30.935,0x280,DATA:41 0 0 0 0 0 0 0
2025-06-26 20:24:30.935,0x280,DATA:41 0 0 0 0 0 0 0
2025-06-26 20:24:30.942,0x288,DATA:213 195 48 0 0 94 207 0
2025-06-26 20:24:30.947,0x380,DATA:0 135 0 0 128 0 0 16
2025-06-26 20:24:30.947,0x280,DATA:41 0 0 0 0 0 0 0
2025-06-26 20:24:30.947,0x288,DATA:213 195 48 0 0 94 207 0
2025-06-26 20:24:30.955,0x380,DATA:0 135 0 0 128 0 0 16
2025-06-26 20:24:30.964,0x488,DATA:125 19 92 116 166 0 0 224
2025-06-26 20:24:30.964,0x280,DATA:41 0 0 0 0 0 0 0
2025-06-26 20:24:30.970,0x288,DATA:213 195 48 0 0 94 207 0
2025-06-26 20:24:30.975,0x380,DATA:0 135 0 0 128 0 0 16
2025-06-26 20:24:30.981,0x280,DATA:41 0 0 0 0 0 0 0
2025-06-26 20:24:30.985,0x320,DATA:68 3 135 0 0 0 0 0
2025-06-26 20:24:30.988,0x280,DATA:41 0 0 0 0 0 0 0
2025-06-26 20:24:30.992,0x288,DATA:17 195 48 0 0 94 207 0
2025-06-26 20:24:30.996,0x380,DATA:0 135 0 0 128 0 0 16
2025-06-26 20:24:31.000,0x280,DATA:41 0 0 0 0 0 0 0
2025-06-26 20:24:31.004,0x288,DATA:17 195 48 0 0 94 207 0
2025-06-26 20:24:31.004,0x380,DATA:0 135 0 0 128 0 0 16
2025-06-26 20:24:31.012,0x280,DATA:41 0 0 0 0 0 0 0
2025-06-26 20:24:31.015,0x288,DATA:17 195 48 0 0 94 207 0
2025-06-26 20:24:31.020,0x380,DATA:0 135 0 0 128 0 0 16
2025-06-26 20:24:31.021,0x280,DATA:41 0 0 0 0 0 0 0
2025-06-26 20:24:31.026,0x288,DATA:81 195 48 0 0 94 207 0
2025-06-26 20:24:31.031,0x488,DATA:253 19 92 116 166 0 0 96
2025-06-26 20:24:31.037,0x280,DATA:41 0 0 0 0 0 0 0
2025-06-26 20:24:31.038,0x288,DATA:81 195 48 0 0 94 207 0
2025-06-26 20:24:31.038,0x320,DATA:68 3 135 0 0 0 0 0
2025-06-26 20:24:31.045,0x280,DATA:41 0 0 0 0 0 0 0
2025-06-26 20:24:31.053,0x288,DATA:81 195 48 0 0 94 207 0
2025-06-26 20:24:31.057,0x380,DATA:0 135 0 0 128 0 0 16
2025-06-26 20:24:31.059,0x520,DATA:6 0 1 150 124 18 163 1
2025-06-26 20:24:31.062,0x280,DATA:41 0 0 0 0 0 0 0
2025-06-26 20:24:31.070,0x288,DATA:143 195 48 0 0 94 207 0
2025-06-26 20:24:31.070,0x280,DATA:41 0 0 0 0 0 0 0
2025-06-26 20:24:31.071,0x288,DATA:143 195 48 0 0 94 207 0
2025-06-26 20:24:31.080,0x380,DATA:0 135 0 0 128 0 0 16
2025-06-26 20:24:31.080,0x280,DATA:41 0 0 0 0 0 0 0
2025-06-26 20:24:31.087,0x288,DATA:143 195 48 0 0 94 207 0
2025-06-26 20:24:31.088,0x380,DATA:0 135 0 0 128 0 0 16
2025-06-26 20:24:31.088,0x588,DATA:234 64 116 0 0 3 0 0
2025-06-26 20:24:31.095,0x320,DATA:68 3 135 0 0 0 0 0
2025-06-26 20:24:31.103,0x280,DATA:41 0 0 0 0 0 0 0
2025-06-26 20:24:31.103,0x288,DATA:213 195 48 0 0 94 207 0
2025-06-26 20:24:31.103,0x380,DATA:0 135 0 0 128 0 0 16
2025-06-26 20:24:31.111,0x470,DATA:0 0 0 0 2
2025-06-26 20:24:31.119,0x280,DATA:41 0 0 0 0 0 0 0
2025-06-26 20:24:31.123,0x288,DATA:213 195 48 0 0 94 207 0
2025-06-26 20:24:31.123,0x280,DATA:41 0 0 0 0 0 0 0
2025-06-26 20:24:31.130,0x288,DATA:213 195 48 0 0 94 207 0
2025-06-26 20:24:31.136,0x380,DATA:0 135 0 0 128 0 0 16
2025-06-26 20:24:31.136,0x488,DATA:157 19 92 116 166 0 0 0
2025-06-26 20:24:31.147,0x280,DATA:41 0 0 0 0 0 0 0
2025-06-26 20:24:31.147,0x288,DATA:17 195 48 0 0 94 207 0
2025-06-26 20:24:31.152,0x280,DATA:41 0 0 0 0 0 0 0
2025-06-26 20:24:31.152,0x288,DATA:17 195 48 0 0 94 207 0
2025-06-26 20:24:31.152,0x320,DATA:68 3 135 0 0 0 0 0
2025-06-26 20:24:31.160,0x420,DATA:3 0 0 0 195 0 128 0
2025-06-26 20:24:31.169,0x470,DATA:0 0 0 0 2
2025-06-26 20:24:31.169,0x570,DATA:3 0 0 0
2025-06-26 20:24:31.175,0x280,DATA:41 0 0 0 0 0 0 0
2025-06-26 20:24:31.179,0x288,DATA:81 195 48 0 0 94 207 0
2025-06-26 20:24:31.179,0x380,DATA:0 135 0 0 128 0 0 16
2025-06-26 20:24:31.185,0x320,DATA:68 3 135 0 0 0 0 0
2025-06-26 20:24:31.192,0x280,DATA:41 0 0 0 0 0 0 0
2025-06-26 20:24:31.193,0x288,DATA:81 195 48 0 0 94 207 0
2025-06-26 20:24:31.193,0x280,DATA:41 0 0 0 0 0 0 0
2025-06-26 20:24:31.203,0x288,DATA:81 195 48 0 0 94 207 0
2025-06-26 20:24:31.205,0x380,DATA:0 135 0 0 128 0 0 16
2025-06-26 20:24:31.205,0x380,DATA:0 135 0 0 128 0 0 16
2025-06-26 20:24:31.218,0x470,DATA:0 0 0 0 2
2025-06-26 20:24:31.218,0x280,DATA:41 0 0 0 0 0 0 0
2025-06-26 20:24:31.218,0x320,DATA:68 3 135 0 0 0 0 0
2025-06-26 20:24:31.218,0x280,DATA:41 0 0 0 0 0 0 0
2025-06-26 20:24:31.231,0x288,DATA:143 195 48 0 0 94 207 0
2025-06-26 20:24:31.234,0x280,DATA:41 0 0 0 0 0 0 0
2025-06-26 20:24:31.234,0x288,DATA:143 195 48 0 0 94 207 0
2025-06-26 20:24:31.243,0x320,DATA:68 3 135 0 0 0 0 0
2025-06-26 20:24:31.244,0x280,DATA:41 0 0 0 0 0 0 0
2025-06-26 20:24:31.252,0x288,DATA:143 195 48 0 0 94 207 0
2025-06-26 20:24:31.259,0x280,DATA:41 0 0 0 0 0 0 0
2025-06-26 20:24:31.259,0x288,DATA:213 195 48 0 0 94 207 0
2025-06-26 20:24:31.259,0x380,DATA:0 135 0 0 128 0 0 16
2025-06-26 20:24:31.268,0x280,DATA:41 0 0 0 0 0 0 0
2025-06-26 20:24:31.276,0x288,DATA:213 195 48 0 0 94 207 0
2025-06-26 20:24:31.278,0x380,DATA:0 135 0 0 128 0 0 16
2025-06-26 20:24:31.284,0x320,DATA:68 3 135 0 0 0 0 0
2025-06-26 20:24:31.284,0x280,DATA:41 0 0 0 0 0 0 0
2025-06-26 20:24:31.292,0x288,DATA:213 195 48 0 0 94 207 0
2025-06-26 20:24:31.296,0x280,DATA:41 0 0 0 0 0 0 0
2025-06-26 20:24:31.296,0x288,DATA:17 195 48 0 0 94 207 0
2025-06-26 20:24:31.301,0x380,DATA:0 135 0 0 128 0 0 16
2025-06-26 20:24:31.309,0x320,DATA:68 3 135 0 0 0 0 0
2025-06-26 20:24:31.309,0x280,DATA:41 0 0 0 0 0 0 0
2025-06-26 20:24:31.309,0x288,DATA:17 195 48 0 0 94 207 0
2025-06-26 20:24:31.319,0x280,DATA:41 0 0 0 0 0 0 0
2025-06-26 20:24:31.325,0x288,DATA:17 195 48 0 0 94 207 0
2025-06-26 20:24:31.325,0x380,DATA:0 135 0 0 128 0 0 16
2025-06-26 20:24:31.327,0x280,DATA:41 0 0 0 0 0 0 0
2025-06-26 20:24:31.334,0x288,DATA:17 195 48 0 0 94 207 0
2025-06-26 20:24:31.334,0x380,DATA:0 135 0 0 128 0 0 16
2025-06-26 20:24:31.342,0x380,DATA:0 135 0 0 128 0 0 16
2025-06-26 20:24:31.342,0x480,DATA:148 12 0 0 0 64 1 217
2025-06-26 20:24:31.342,0x320,DATA:68 3 135 0 0 0 0 0
2025-06-26 20:24:31.351,0x280,DATA:41 0 0 0 0 0 0 0
2025-06-26 20:24:31.359,0x280,DATA:41 0 0 0 0 0 0 0
2025-06-26 20:24:31.359,0x288,DATA:81 195 48 0 0 94 207 0
2025-06-26 20:24:31.359,0x320,DATA:68 3 135 0 0 0 0 0
2025-06-26 20:24:31.367,0x420,DATA:3 0 0 0 195 0 128 0
2025-06-26 20:24:31.375,0x470,DATA:0 0 0 0 2
2025-06-26 20:24:31.375,0x280,DATA:41 0 0 0 0 0 0 0
2025-06-26 20:24:31.380,0x288,DATA:143 195 48 0 0 94 207 0
2025-06-26 20:24:31.386,0x380,DATA:0 135 0 0 128 0 0 16
2025-06-26 20:24:31.386,0x280,DATA:41 0 0 0 0 0 0 0
2025-06-26 20:24:31.392,0x288,DATA:143 195 48 0 0 94 207 0
2025-06-26 20:24:31.393,0x380,DATA:0 135 0 0 128 0 0 16
2025-06-26 20:24:31.393,0x288,DATA:143 195 48 0 0 94 207 0
2025-06-26 20:24:31.400,0x488,DATA:45 19 92 116 166 0 0 176
2025-06-26 20:24:31.409,0x470,DATA:0 0 0 0 2
2025-06-26 20:24:31.409,0x280,DATA:41 0 0 0 0 0 0 0
2025-06-26 20:24:31.409,0x288,DATA:213 195 48 0 0 94 207 0
2025-06-26 20:24:31.419,0x380,DATA:0 135 0 0 128 0 0 16
2025-06-26 20:24:31.426,0x320,DATA:68 3 135 0 0 0 0 0
2025-06-26 20:24:31.426,0x280,DATA:41 0 0 0 0 0 0 0
2025-06-26 20:24:31.434,0x288,DATA:213 195 48 0 0 94 207 0
2025-06-26 20:24:31.434,0x280,DATA:41 0 0 0 0 0 0 0
2025-06-26 20:24:31.443,0x288,DATA:213 195 48 0 0 94 207 0
2025-06-26 20:24:31.448,0x380,DATA:0 135 0 0 128 0 0 16
2025-06-26 20:24:31.448,0x280,DATA:41 0 0 0 0 0 0 0
2025-06-26 20:24:31.450,0x288,DATA:213 195 48 0 0 94 207 0
2025-06-26 20:24:31.459,0x380,DATA:0 135 0 0 128 0 0 16
2025-06-26 20:24:31.459,0x380,DATA:0 135 0 0 128 0 0 16
2025-06-26 20:24:31.459,0x480,DATA:15 12 0 0 0 64 1 66
2025-06-26 20:24:31.469,0x320,DATA:68 3 135 0 0 0 0 0
2025-06-26 20:24:31.475,0x280,DATA:41 0 0 0 0 0 0 0
2025-06-26 20:24:31.475,0x288,DATA:17 195 48 0 0 94 207 0
2025-06-26 20:24:31.475,0x380,DATA:0 135 0 0 128 0 0 16
2025-06-26 20:24:31.486,0x320,DATA:68 3 135 0 0 0 0 0
2025-06-26 20:24:31.486,0x280,DATA:41 0 0 0 0 0 0 0
2025-06-26 20:24:31.492,0x288,DATA:17 195 48 0 0 94 207 0
2025-06-26 20:24:31.492,0x280,DATA:41 0 0 0 0 0 0 0
2025-06-26 20:24:31.492,0x288,DATA:81 195 48 0 0 94 207 0
2025-06-26 20:24:31.500,0x380,DATA:0 135 0 0 128 0 0 16
2025-06-26 20:24:31.508,0x280,DATA:41 0 0 0 0 0 0 0
2025-06-26 20:24:31.508,0x288,DATA:81 195 48 0 0 94 207 0
2025-06-26 20:24:31.508,0x380,DATA:0 135 0 0 128 0 0 16
2025-06-26 20:24:31.516,0x380,DATA:0 135 0 0 128 0 0 16
2025-06-26 20:24:31.524,0x320,DATA:68 3 135 0 0 0 0 0
2025-06-26 20:24:31.524,0x280,DATA:41 0 0 0 0 0 0 0
2025-06-26 20:24:31.530,0x288,DATA:143 195 48 0 0 94 207 0
2025-06-26 20:24:31.534,0x380,DATA:0 135 0 0 128 0 0 16
2025-06-26 20:24:31.534,0x320,DATA:68 3 135 0 0 0 0 0
2025-06-26 20:24:31.540,0x280,DATA:41 0 0 0 0 0 0 0
2025-06-26 20:24:31.540,0x288,DATA:143 195 48 0 0 94 207 0
2025-06-26 20:24:31.548,0x280,DATA:41 0 0 0 0 0 0 0
2025-06-26 20:24:31.556,0x288,DATA:143 195 48 0 0 94 207 0
2025-06-26 20:24:31.556,0x380,DATA:0 135 0 0 128 0 0 16
2025-06-26 20:24:31.564,0x280,DATA:41 0 0 0 0 0 0 0
2025-06-26 20:24:31.569,0x288,DATA:143 195 48 0 0 94 207 0
2025-06-26 20:24:31.570,0x380,DATA:0 135 0 0 128 0 0 16
2025-06-26 20:24:31.576,0x380,DATA:0 135 0 0 128 0 0 16
2025-06-26 20:24:31.581,0x480,DATA:89 12 0 0 0 64 1 20
2025-06-26 20:24:31.582,0x320,DATA:68 3 135 0 0 0 0 0
2025-06-26 20:24:31.586,0x280,DATA:41 0 0 0 0 0 0 0
2025-06-26 20:24:31.591,0x288,DATA:213 195 48 0 0 94 207 0
2025-06-26 20:24:31.593,0x380,DATA:0 135 0 0 128 0 0 16
2025-06-26 20:24:31.598,0x320,DATA:68 3 135 0 0 0 0 0
2025-06-26 20:24:31.603,0x280,DATA:41 0 0 0 0 0 0 0
2025-06-26 20:24:31.608,0x288,DATA:213 195 48 0 0 94 207 0
2025-06-26 20:24:31.610,0x380,DATA:0 135 0 0 128 0 0 16
2025-06-26 20:24:31.614,0x280,DATA:41 0 0 0 0 0 0 0
2025-06-26 20:24:31.618,0x288,DATA:17 195 48 0 0 94 207 0
2025-06-26 20:24:31.624,0x280,DATA:41 0 0 0 0 0 0 0
2025-06-26 20:24:31.627,0x288,DATA:17 195 48 0 0 94 207 0
2025-06-26 20:24:31.627,0x380,DATA:0 135 0 0 128 0 0 16
2025-06-26 20:24:31.635,0x488,DATA:189 19 92 116 166 0 0 32
2025-06-26 20:24:31.642,0x320,DATA:68 3 135 0 0 0 0 0
2025-06-26 20:24:31.643,0x280,DATA:41 0 0 0 0 0 0 0
2025-06-26 20:24:31.643,0x288,DATA:17 195 48 0 0 94 207 0
2025-06-26 20:24:31.651,0x520,DATA:1 192 1 150 124 18 163 1
2025-06-26 20:24:31.651,0x280,DATA:41 0 0 0 0 0 0 0
2025-06-26 20:24:31.651,0x288,DATA:81 195 48 0 0 94 207 0
2025-06-26 20:24:31.659,0x320,DATA:68 3 135 0 0 0 0 0
2025-06-26 20:24:31.659,0x470,DATA:0 0 0 0 2
2025-06-26 20:24:31.675,0x570,DATA:3 0 0 0
2025-06-26 20:24:31.675,0x280,DATA:41 0 0 0 0 0 0 0
2025-06-26 20:24:31.681,0x288,DATA:81 195 48 0 0 94 207 0
2025-06-26 20:24:31.686,0x380,DATA:0 135 0 0 128 0 0 16
2025-06-26 20:24:31.687,0x280,DATA:41 0 0 0 0 0 0 0
2025-06-26 20:24:31.692,0x380,DATA:0 135 0 0 128 0 0 16
2025-06-26 20:24:31.693,0x588,DATA:234 64 116 0 0 3 0 0
2025-06-26 20:24:31.698,0x320,DATA:68 3 135 0 0 0 0 0
2025-06-26 20:24:31.702,0x280,DATA:41 0 0 0 0 0 0 0
2025-06-26 20:24:31.702,0x288,DATA:143 195 48 0 0 94 207 0
2025-06-26 20:24:31.709,0x470,DATA:0 0 0 0 2
2025-06-26 20:24:31.714,0x280,DATA:41 0 0 0 0 0 0 0
2025-06-26 20:24:31.715,0x320,DATA:68 3 135 0 0 0 0 0
2025-06-26 20:24:31.720,0x280,DATA:41 0 0 0 0 0 0 0
2025-06-26 20:24:31.725,0x288,DATA:143 195 48 0 0 94 207 0
2025-06-26 20:24:31.731,0x380,DATA:0 135 0 0 128 0 0 16
2025-06-26 20:24:31.734,0x280,DATA:41 0 0 0 0 0 0 0
2025-06-26 20:24:31.739,0x288,DATA:213 195 48 0 0 94 207 0
2025-06-26 20:24:31.739,0x380,DATA:0 135 0 0 128 0 0 16
2025-06-26 20:24:31.747,0x280,DATA:41 0 0 0 0 0 0 0
2025-06-26 20:24:31.747,0x288,DATA:213 195 48 0 0 94 207 0
2025-06-26 20:24:31.754,0x380,DATA:0 135 0 0 128 0 0 16
2025-06-26 20:24:31.759,0x320,DATA:68 3 135 0 0 0 0 0
2025-06-26 20:24:31.764,0x420,DATA:3 0 0 0 195 0 128 0
2025-06-26 20:24:31.770,0x470,DATA:0 0 0 0 2
2025-06-26 20:24:31.770,0x280,DATA:41 0 0 0 0 0 0 0
2025-06-26 20:24:31.770,0x288,DATA:17 195 48 0 0 94 207 0
2025-06-26 20:24:31.780,0x380,DATA:0 135 0 0 128 0 0 16
2025-06-26 20:24:31.786,0x320,DATA:68 3 135 0 0 0 0 0
2025-06-26 20:24:31.789,0x280,DATA:41 0 0 0 0 0 0 0
2025-06-26 20:24:31.797,0x288,DATA:17 195 48 0 0 94 207 0
2025-06-26 20:24:31.803,0x280,DATA:41 0 0 0 0 0 0 0
2025-06-26 20:24:31.803,0x288,DATA:17 195 48 0 0 94 207 0
2025-06-26 20:24:31.809,0x380,DATA:0 135 0 0 128 0 0 16
2025-06-26 20:24:31.809,0x280,DATA:41 0 0 0 0 0 0 0
2025-06-26 20:24:31.809,0x288,DATA:17 195 48 0 0 94 207 0
2025-06-26 20:24:31.818,0x380,DATA:0 135 0 0 128 0 0 16
2025-06-26 20:24:31.824,0x280,DATA:41 0 0 0 0 0 0 0
2025-06-26 20:24:31.826,0x380,DATA:0 135 0 0 128 0 0 16
2025-06-26 20:24:31.827,0x480,DATA:15 12 0 0 0 64 1 66
2025-06-26 20:24:31.836,0x280,DATA:41 0 0 0 0 0 0 0
2025-06-26 20:24:31.842,0x288,DATA:81 195 48 0 0 94 207 0
2025-06-26 20:24:31.842,0x380,DATA:0 135 0 0 128 0 0 16
2025-06-26 20:24:31.842,0x320,DATA:68 3 135 0 0 0 0 0
2025-06-26 20:24:31.850,0x280,DATA:41 0 0 0 0 0 0 0
2025-06-26 20:24:31.850,0x288,DATA:81 195 48 0 0 94 207 0
2025-06-26 20:24:31.858,0x520,DATA:6 0 1 150 124 18 163 1
2025-06-26 20:24:31.858,0x280,DATA:41 0 0 0 0 0 0 0
2025-06-26 20:24:31.858,0x288,DATA:143 195 48 0 0 94 207 0
2025-06-26 20:24:31.867,0x280,DATA:41 0 0 0 0 0 0 0
2025-06-26 20:24:31.875,0x288,DATA:143 195 48 0 0 94 207 0
2025-06-26 20:24:31.875,0x380,DATA:0 135 0 0 128 0 0 16
2025-06-26 20:24:31.878,0x280,DATA:41 0 0 0 0 0 0 0
2025-06-26 20:24:31.883,0x288,DATA:143 195 48 0 0 94 207 0
2025-06-26 20:24:31.891,0x380,DATA:0 135 0 0 128 0 0 16
2025-06-26 20:24:31.891,0x280,DATA:41 0 0 0 0 0 0 0
2025-06-26 20:24:31.891,0x288,DATA:213 195 48 0 0 94 207 0
2025-06-26 20:24:31.900,0x380,DATA:0 135 0 0 128 0 0 16
2025-06-26 20:24:31.908,0x320,DATA:68 3 135 0 0 0 0 0
2025-06-26 20:24:31.908,0x280,DATA:41 0 0 0 0 0 0 0
2025-06-26 20:24:31.908,0x288,DATA:213 195 48 0 0 94 207 0
2025-06-26 20:24:31.908,0x470,DATA:0 0 0 0 2
2025-06-26 20:24:31.917,0x280,DATA:41 0 0 0 0 0 0 0
2025-06-26 20:24:31.925,0x288,DATA:213 195 48 0 0 94 207 0
2025-06-26 20:24:31.925,0x280,DATA:41 0 0 0 0 0 0 0
2025-06-26 20:24:31.927,0x288,DATA:213 195 48 0 0 94 207 0
2025-06-26 20:24:31.933,0x280,DATA:41 0 0 0 0 0 0 0
2025-06-26 20:24:31.942,0x288,DATA:17 195 48 0 0 94 207 0
2025-06-26 20:24:31.943,0x380,DATA:0 135 0 0 128 0 0 16
2025-06-26 20:24:31.943,0x488,DATA:141 19 92 116 166 0 0 16
2025-06-26 20:24:31.951,0x280,DATA:41 0 0 0 0 0 0 0
2025-06-26 20:24:31.959,0x288,DATA:17 195 48 0 0 94 207 0
2025-06-26 20:24:31.959,0x380,DATA:0 135 0 0 128 0 0 16
2025-06-26 20:24:31.964,0x320,DATA:68 3 135 0 0 0 0 0
2025-06-26 20:24:31.970,0x420,DATA:3 0 0 0 195 0 128 0
2025-06-26 20:24:31.975,0x470,DATA:0 0 0 0 2
2025-06-26 20:24:31.976,0x570,DATA:3 0 0 0
2025-06-26 20:24:31.978,0x280,DATA:41 0 0 0 0 0 0 0
2025-06-26 20:24:31.984,0x288,DATA:81 195 48 0 0 94 207 0
2025-06-26 20:24:31.984,0x280,DATA:41 0 0 0 0 0 0 0
2025-06-26 20:24:31.993,0x288,DATA:81 195 48 0 0 94 207 0
2025-06-26 20:24:31.997,0x380,DATA:0 135 0 0 128 0 0 16
2025-06-26 20:24:31.997,0x280,DATA:41 0 0 0 0 0 0 0
2025-06-26 20:24:32.002,0x288,DATA:81 195 48 0 0 94 207 0
2025-06-26 20:24:32.008,0x380,DATA:0 135 0 0 128 0 0 16
2025-06-26 20:24:32.012,0x588,DATA:234 64 116 0 0 3 0 0
2025-06-26 20:24:32.012,0x470,DATA:0 0 0 0 2
2025-06-26 20:24:32.018,0x280,DATA:41 0 0 0 0 0 0 0
2025-06-26 20:24:32.018,0x320,DATA:68 3 135 0 0 0 0 0
2025-06-26 20:24:32.025,0x280,DATA:41 0 0 0 0 0 0 0
2025-06-26 20:24:32.032,0x280,DATA:41 0 0 0 0 0 0 0
2025-06-26 20:24:32.037,0x288,DATA:143 195 48 0 0 94 207 0
2025-06-26 20:24:32.042,0x380,DATA:0 135 0 0 128 0 0 16
2025-06-26 20:24:32.047,0x280,DATA:41 0 0 0 0 0 0 0
2025-06-26 20:24:32.048,0x288,DATA:143 195 48 0 0 94 207 0
2025-06-26 20:24:32.051,0x280,DATA:41 0 0 0 0 0 0 0
2025-06-26 20:24:32.058,0x288,DATA:213 195 48 0 0 94 207 0
2025-06-26 20:24:32.058,0x380,DATA:0 135 0 0 128 0 0 16
2025-06-26 20:24:32.058,0x280,DATA:41 0 0 0 0 0 0 0
2025-06-26 20:24:32.065,0x288,DATA:213 195 48 0 0 94 207 0
2025-06-26 20:24:32.065,0x380,DATA:0 135 0 0 128 0 0 16
2025-06-26 20:24:32.073,0x488,DATA:109 19 92 116 166 0 0 240
2025-06-26 20:24:32.082,0x320,DATA:68 3 135 0 0 0 0 0
2025-06-26 20:24:32.084,0x280,DATA:41 0 0 0 0 0 0 0
2025-06-26 20:24:32.084,0x288,DATA:213 195 48 0 0 94 207 0
2025-06-26 20:24:32.090,0x280,DATA:41 0 0 0 0 0 0 0
2025-06-26 20:24:32.090,0x288,DATA:17 195 48 0 0 94 207 0
2025-06-26 20:24:32.099,0x380,DATA:0 135 0 0 128 0 0 16
2025-06-26 20:24:32.107,0x280,DATA:41 0 0 0 0 0 0 0
2025-06-26 20:24:32.107,0x288,DATA:17 195 48 0 0 94 207 0
2025-06-26 20:24:32.107,0x380,DATA:0 135 0 0 128 0 0 16
2025-06-26 20:24:32.117,0x280,DATA:41 0 0 0 0 0 0 0
2025-06-26 20:24:32.117,0x380,DATA:0 135 0 0 128 0 0 16
2025-06-26 20:24:32.123,0x480,DATA:15 12 0 0 0 64 1 66
2025-06-26 20:24:32.123,0x280,DATA:41 0 0 0 0 0 0 0
2025-06-26 20:24:32.123,0x288,DATA:81 195 48 0 0 94 207 0
2025-06-26 20:24:32.134,0x380,DATA:0 135 0 0 128 0 0 16
2025-06-26 20:24:32.140,0x320,DATA:68 3 135 0 0 0 0 0
2025-06-26 20:24:32.142,0x280,DATA:41 0 0 0 0 0 0 0
2025-06-26 20:24:32.142,0x288,DATA:81 195 48 0 0 94 207 0
2025-06-26 20:24:32.149,0x280,DATA:41 0 0 0 0 0 0 0
2025-06-26 20:24:32.157,0x288,DATA:81 195 48 0 0 94 207 0
2025-06-26 20:24:32.157,0x380,DATA:0 135 0 0 128 0 0 16
2025-06-26 20:24:32.157,0x280,DATA:41 0 0 0 0 0 0 0
2025-06-26 20:24:32.165,0x288,DATA:81 195 48 0 0 94 207 0
2025-06-26 20:24:32.175,0x380,DATA:0 135 0 0 128 0 0 16
2025-06-26 20:24:32.175,0x488,DATA:29 19 92 116 166 0 0 128
2025-06-26 20:24:32.175,0x280,DATA:41 0 0 0 0 0 0 0
2025-06-26 20:24:32.182,0x288,DATA:143 195 48 0 0 94 207 0
2025-06-26 20:24:32.190,0x380,DATA:0 135 0 0 128 0 0 16
2025-06-26 20:24:32.190,0x280,DATA:41 0 0 0 0 0 0 0
2025-06-26 20:24:32.190,0x288,DATA:143 195 48 0 0 94 207 0
2025-06-26 20:24:32.198,0x320,DATA:68 3 135 0 0 0 0 0
2025-06-26 20:24:32.198,0x280,DATA:41 0 0 0 0 0 0 0
2025-06-26 20:24:32.206,0x288,DATA:143 195 48 0 0 94 207 0
2025-06-26 20:24:32.206,0x470,DATA:0 0 0 0 2
2025-06-26 20:24:32.214,0x280,DATA:41 0 0 0 0 0 0 0
2025-06-26 20:24:32.214,0x288,DATA:213 195 48 0 0 94 207 0
2025-06-26 20:24:32.224,0x380,DATA:0 135 0 0 128 0 0 16
2025-06-26 20:24:32.224,0x280,DATA:41 0 0 0 0 0 0 0
2025-06-26 20:24:32.231,0x288,DATA:213 195 48 0 0 94 207 0
2025-06-26 20:24:32.233,0x380,DATA:0 135 0 0 128 0 0 16
2025-06-26 20:24:32.233,0x280,DATA:41 0 0 0 0 0 0 0
2025-06-26 20:24:32.239,0x288,DATA:213 195 48 0 0 94 207 0
2025-06-26 20:24:32.247,0x380,DATA:0 135 0 0 128 0 0 16
2025-06-26 20:24:32.247,0x588,DATA:234 64 116 0 0 3 0 0
2025-06-26 20:24:32.247,0x520,DATA:255 143 1 150 124 18 163 1
2025-06-26 20:24:32.256,0x320,DATA:68 3 135 0 0 0 0 0
2025-06-26 20:24:32.256,0x470,DATA:0 0 0 0 2
2025-06-26 20:24:32.265,0x570,DATA:3 0 0 0
2025-06-26 20:24:32.276,0x5D0,DATA:128 2 65 32 0 0
2025-06-26 20:24:32.281,0x280,DATA:41 0 0 0 0 0 0 0
2025-06-26 20:24:32.281,0x288,DATA:17 195 48 0 0 94 207 0
2025-06-26 20:24:32.281,0x380,DATA:0 135 0 0 128 0 0 16
2025-06-26 20:24:32.289,0x280,DATA:41 0 0 0 0 0 0 0
2025-06-26 20:24:32.289,0x288,DATA:17 195 48 0 0 94 207 0
2025-06-26 20:24:32.297,0x280,DATA:41 0 0 0 0 0 0 0
2025-06-26 20:24:32.297,0x288,DATA:81 195 48 0 0 94 207 0
2025-06-26 20:24:32.297,0x380,DATA:0 135 0 0 128 0 0 16
2025-06-26 20:24:32.306,0x380,DATA:0 135 0 0 128 0 0 16
2025-06-26 20:24:32.314,0x588,DATA:234 64 116 0 0 3 0 0
2025-06-26 20:24:32.314,0x470,DATA:0 0 0 0 2
2025-06-26 20:24:32.314,0x320,DATA:68 3 135 0 0 0 0 0
2025-06-26 20:24:32.322,0x280,DATA:41 0 0 0 0 0 0 0
2025-06-26 20:24:32.330,0x288,DATA:81 195 48 0 0 94 207 0
2025-06-26 20:24:32.330,0x380,DATA:0 135 0 0 128 0 0 16
2025-06-26 20:24:32.333,0x280,DATA:41 0 0 0 0 0 0 0
2025-06-26 20:24:32.338,0x288,DATA:143 195 48 0 0 94 207 0
2025-06-26 20:24:32.346,0x320,DATA:68 3 135 0 0 0 0 0
2025-06-26 20:24:32.346,0x280,DATA:41 0 0 0 0 0 0 0
2025-06-26 20:24:32.346,0x288,DATA:143 195 48 0 0 94 207 0
2025-06-26 20:24:32.354,0x280,DATA:41 0 0 0 0 0 0 0
2025-06-26 20:24:32.354,0x288,DATA:143 195 48 0 0 94 207 0
2025-06-26 20:24:32.362,0x280,DATA:41 0 0 0 0 0 0 0
2025-06-26 20:24:32.362,0x288,DATA:143 195 48 0 0 94 207 0
2025-06-26 20:24:32.371,0x380,DATA:0 135 0 0 128 0 0 16
2025-06-26 20:24:32.379,0x488,DATA:93 19 92 116 166 0 0 192
2025-06-26 20:24:32.381,0x320,DATA:68 3 135 0 0 0 0 0
2025-06-26 20:24:32.388,0x280,DATA:41 0 0 0 0 0 0 0
2025-06-26 20:24:32.388,0x288,DATA:213 195 48 0 0 94 207 0
2025-06-26 20:24:32.396,0x280,DATA:41 0 0 0 0 0 0 0
2025-06-26 20:24:32.396,0x288,DATA:213 195 48 0 0 94 207 0
2025-06-26 20:24:32.396,0x380,DATA:0 135 0 0 128 0 0 16
2025-06-26 20:24:32.405,0x320,DATA:68 3 135 0 0 0 0 0
2025-06-26 20:24:32.405,0x280,DATA:41 0 0 0 0 0 0 0
2025-06-26 20:24:32.412,0x288,DATA:213 195 48 0 0 94 207 0
2025-06-26 20:24:32.412,0x280,DATA:41 0 0 0 0 0 0 0
2025-06-26 20:24:32.412,0x288,DATA:17 195 48 0 0 94 207 0
2025-06-26 20:24:32.421,0x380,DATA:0 135 0 0 128 0 0 16
2025-06-26 20:24:32.429,0x280,DATA:41 0 0 0 0 0 0 0
2025-06-26 20:24:32.435,0x288,DATA:17 195 48 0 0 94 207 0
2025-06-26 20:24:32.438,0x288,DATA:17 195 48 0 0 94 207 0
2025-06-26 20:24:32.438,0x320,DATA:68 3 135 0 0 0 0 0
2025-06-26 20:24:32.445,0x280,DATA:41 0 0 0 0 0 0 0
2025-06-26 20:24:32.451,0x288,DATA:17 195 48 0 0 94 207 0
2025-06-26 20:24:32.453,0x520,DATA:1 192 1 150 124 18 163 1
2025-06-26 20:24:32.453,0x280,DATA:41 0 0 0 0 0 0 0
2025-06-26 20:24:32.462,0x288,DATA:81 195 48 0 0 94 207 0
2025-06-26 20:24:32.462,0x320,DATA:68 3 135 0 0 0 0 0
2025-06-26 20:24:32.470,0x470,DATA:0 0 0 0 2
2025-06-26 20:24:32.470,0x570,DATA:3 0 0 0
2025-06-26 20:24:32.474,0x5D0,DATA:128 2 65 32 0 0
2025-06-26 20:24:32.476,0x280,DATA:41 0 0 0 0 0 0 0
2025-06-26 20:24:32.486,0x288,DATA:81 195 48 0 0 94 207 0
2025-06-26 20:24:32.487,0x280,DATA:41 0 0 0 0 0 0 0
2025-06-26 20:24:32.492,0x288,DATA:81 195 48 0 0 94 207 0
2025-06-26 20:24:32.496,0x380,DATA:0 135 0 0 128 0 0 16
2025-06-26 20:24:32.498,0x320,DATA:68 3 135 0 0 0 0 0
2025-06-26 20:24:32.503,0x280,DATA:41 0 0 0 0 0 0 0
2025-06-26 20:24:32.513,0x288,DATA:143 195 48 0 0 94 207 0
2025-06-26 20:24:32.513,0x470,DATA:0 0 0 0 2
2025-06-26 20:24:32.519,0x280,DATA:41 0 0 0 0 0 0 0
2025-06-26 20:24:32.524,0x288,DATA:143 195 48 0 0 94 207 0
2025-06-26 20:24:32.526,0x380,DATA:0 135 0 0 128 0 0 16
2025-06-26 20:24:32.530,0x280,DATA:41 0 0 0 0 0 0 0
2025-06-26 20:24:32.532,0x280,DATA:41 0 0 0 0 0 0 0
2025-06-26 20:24:32.537,0x288,DATA:213 195 48 0 0 94 207 0
2025-06-26 20:24:32.541,0x380,DATA:0 135 0 0 128 0 0 16
2025-06-26 20:24:32.542,0x280,DATA:41 0 0 0 0 0 0 0
2025-06-26 20:24:32.546,0x288,DATA:213 195 48 0 0 94 207 0
2025-06-26 20:24:32.552,0x380,DATA:0 135 0 0 128 0 0 16
2025-06-26 20:24:32.558,0x588,DATA:234 64 116 0 0 3 0 0
2025-06-26 20:24:32.562,0x320,DATA:68 3 135 0 0 0 0 0
2025-06-26 20:24:32.568,0x420,DATA:3 0 0 0 195 0 128 0
2025-06-26 20:24:32.570,0x470,DATA:0 0 0 0 2
2025-06-26 20:24:32.575,0x280,DATA:41 0 0 0 0 0 0 0
2025-06-26 20:24:32.580,0x288,DATA:17 195 48 0 0 94 207 0
2025-06-26 20:24:32.586,0x380,DATA:0 135 0 0 128 0 0 16
2025-06-26 20:24:32.588,0x320,DATA:68 3 135 0 0 0 0 0
2025-06-26 20:24:32.592,0x280,DATA:41 0 0 0 0 0 0 0
2025-06-26 20:24:32.596,0x288,DATA:17 195 48 0 0 94 207 0
2025-06-26 20:24:32.599,0x280,DATA:41 0 0 0 0 0 0 0
2025-06-26 20:24:32.604,0x288,DATA:17 195 48 0 0 94 207 0
2025-06-26 20:24:32.608,0x280,DATA:41 0 0 0 0 0 0 0
2025-06-26 20:24:32.608,0x288,DATA:17 195 48 0 0 94 207 0
2025-06-26 20:24:32.614,0x380,DATA:0 135 0 0 128 0 0 16
2025-06-26 20:24:32.618,0x488,DATA:221 19 92 116 166 0 0 64
2025-06-26 20:24:32.620,0x320,DATA:68 3 135 0 0 0 0 0
2025-06-26 20:24:32.631,0x280,DATA:41 0 0 0 0 0 0 0
2025-06-26 20:24:32.636,0x280,DATA:41 0 0 0 0 0 0 0
2025-06-26 20:24:32.636,0x288,DATA:81 195 48 0 0 94 207 0
2025-06-26 20:24:32.642,0x380,DATA:0 135 0 0 128 0 0 16
2025-06-26 20:24:32.647,0x320,DATA:68 3 135 0 0 0 0 0
2025-06-26 20:24:32.653,0x280,DATA:41 0 0 0 0 0 0 0
2025-06-26 20:24:32.658,0x288,DATA:81 195 48 0 0 94 207 0
2025-06-26 20:24:32.658,0x280,DATA:41 0 0 0 0 0 0 0
2025-06-26 20:24:32.664,0x288,DATA:143 195 48 0 0 94 207 0
2025-06-26 20:24:32.668,0x380,DATA:0 135 0 0 128 0 0 16
2025-06-26 20:24:32.670,0x280,DATA:41 0 0 0 0 0 0 0
2025-06-26 20:24:32.675,0x288,DATA:143 195 48 0 0 94 207 0
2025-06-26 20:24:32.681,0x380,DATA:0 135 0 0 128 0 0 16
2025-06-26 20:24:32.681,0x380,DATA:0 135 0 0 128 0 0 16
2025-06-26 20:24:32.686,0x480,DATA:192 12 0 0 0 64 1 141
2025-06-26 20:24:32.692,0x320,DATA:68 3 135 0 0 0 0 0
2025-06-26 20:24:32.693,0x280,DATA:41 0 0 0 0 0 0 0
2025-06-26 20:24:32.698,0x288,DATA:213 195 48 0 0 94 207 0
2025-06-26 20:24:32.703,0x380,DATA:0 135 0 0 128 0 0 16
2025-06-26 20:24:32.708,0x320,DATA:68 3 135 0 0 0 0 0
2025-06-26 20:24:32.709,0x280,DATA:41 0 0 0 0 0 0 0
2025-06-26 20:24:32.714,0x288,DATA:213 195 48 0 0 94 207 0
2025-06-26 20:24:32.718,0x280,DATA:41 0 0 0 0 0 0 0
2025-06-26 20:24:32.720,0x288,DATA:213 195 48 0 0 94 207 0
2025-06-26 20:24:32.724,0x380,DATA:0 135 0 0 128 0 0 16
2025-06-26 20:24:32.730,0x280,DATA:41 0 0 0 0 0 0 0
2025-06-26 20:24:32.732,0x288,DATA:213 195 48 0 0 94 207 0
2025-06-26 20:24:32.737,0x380,DATA:0 135 0 0 128 0 0 16
2025-06-26 20:24:32.741,0x488,DATA:157 19 92 116 166 0 0 0
2025-06-26 20:24:32.748,0x288,DATA:17 195 48 0 0 94 207 0
2025-06-26 20:24:32.753,0x488,DATA:141 19 92 116 166 0 0 16
2025-06-26 20:24:32.754,0x320,DATA:68 3 135 0 0 0 0 0
2025-06-26 20:24:32.759,0x280,DATA:41 0 0 0 0 0 0 0
2025-06-26 20:24:32.764,0x288,DATA:17 195 48 0 0 94 207 0
2025-06-26 20:24:32.765,0x380,DATA:0 135 0 0 128 0 0 16
2025-06-26 20:24:32.770,0x320,DATA:68 3 135 0 0 0 0 0
2025-06-26 20:24:32.775,0x280,DATA:41 0 0 0 0 0 0 0
2025-06-26 20:24:32.776,0x288,DATA:81 195 48 0 0 94 207 0
2025-06-26 20:24:32.781,0x380,DATA:0 135 0 0 128 0 0 16
2025-06-26 20:24:32.787,0x488,DATA:205 19 92 116 166 0 0 80
2025-06-26 20:24:32.790,0x280,DATA:41 0 0 0 0 0 0 0
2025-06-26 20:24:32.790,0x288,DATA:81 195 48 0 0 94 207 0
2025-06-26 20:24:32.803,0x380,DATA:0 135 0 0 128 0 0 16
2025-06-26 20:24:32.803,0x280,DATA:41 0 0 0 0 0 0 0
2025-06-26 20:24:32.806,0x288,DATA:81 195 48 0 0 94 207 0
2025-06-26 20:24:32.806,0x380,DATA:0 135 0 0 128 0 0 16
2025-06-26 20:24:32.815,0x580,DATA:132 0 0 25 15 74 68 144
2025-06-26 20:24:32.815,0x470,DATA:0 0 0 0 2
2025-06-26 20:24:32.823,0x280,DATA:41 0 0 0 0 0 0 0
2025-06-26 20:24:32.831,0x320,DATA:68 3 135 0 0 0 0 0
2025-06-26 20:24:32.831,0x280,DATA:41 0 0 0 0 0 0 0
2025-06-26 20:24:32.834,0x288,DATA:143 195 48 0 0 94 207 0
2025-06-26 20:24:32.839,0x280,DATA:41 0 0 0 0 0 0 0
2025-06-26 20:24:32.839,0x288,DATA:143 195 48 0 0 94 207 0
2025-06-26 20:24:32.848,0x320,DATA:68 3 135 0 0 0 0 0
2025-06-26 20:24:32.850,0x280,DATA:41 0 0 0 0 0 0 0
2025-06-26 20:24:32.855,0x288,DATA:143 195 48 0 0 94 207 0
2025-06-26 20:24:32.855,0x280,DATA:41 0 0 0 0 0 0 0
2025-06-26 20:24:32.864,0x288,DATA:213 195 48 0 0 94 207 0
2025-06-26 20:24:32.864,0x380,DATA:0 135 0 0 128 0 0 16
2025-06-26 20:24:32.875,0x488,DATA:77 19 92 116 166 0 0 208
2025-06-26 20:24:32.880,0x588,DATA:234 64 116 0 0 3 0 0
2025-06-26 20:24:32.880,0x280,DATA:41 0 0 0 0 0 0 0
2025-06-26 20:24:32.882,0x288,DATA:213 195 48 0 0 94 207 0
2025-06-26 20:24:32.889,0x320,DATA:68 3 135 0 0 0 0 0
2025-06-26 20:24:32.889,0x280,DATA:41 0 0 0 0 0 0 0
2025-06-26 20:24:32.897,0x288,DATA:17 195 48 0 0 94 207 0
2025-06-26 20:24:32.897,0x380,DATA:0 135 0 0 128 0 0 16
2025-06-26 20:24:32.897,0x488,DATA:141 19 92 116 166 0 0 16
2025-06-26 20:24:32.905,0x280,DATA:41 0 0 0 0 0 0 0
2025-06-26 20:24:32.913,0x288,DATA:17 195 48 0 0 94 207 0
2025-06-26 20:24:32.913,0x280,DATA:41 0 0 0 0 0 0 0
2025-06-26 20:24:32.921,0x288,DATA:17 195 48 0 0 94 207 0
2025-06-26 20:24:32.921,0x380,DATA:0 135 0 0 128 0 0 16
2025-06-26 20:24:32.930,0x280,DATA:41 0 0 0 0 0 0 0
2025-06-26 20:24:32.932,0x288,DATA:17 195 48 0 0 94 207 0
2025-06-26 20:24:32.938,0x488,DATA:221 19 92 116 166 0 0 64
2025-06-26 20:24:32.938,0x280,DATA:41 0 0 0 0 0 0 0
2025-06-26 20:24:32.947,0x320,DATA:68 3 135 0 0 0 0 0
2025-06-26 20:24:32.947,0x280,DATA:41 0 0 0 0 0 0 0
2025-06-26 20:24:32.947,0x288,DATA:81 195 48 0 0 94 207 0
2025-06-26 20:24:32.956,0x280,DATA:41 0 0 0 0 0 0 0
2025-06-26 20:24:32.964,0x288,DATA:81 195 48 0 0 94 207 0
2025-06-26 20:24:32.964,0x320,DATA:68 3 135 0 0 0 0 0
2025-06-26 20:24:32.970,0x420,DATA:3 0 0 0 195 0 128 0
2025-06-26 20:24:32.971,0x470,DATA:0 0 0 0 2
2025-06-26 20:24:32.976,0x570,DATA:3 0 0 0
2025-06-26 20:24:32.980,0x280,DATA:41 0 0 0 0 0 0 0
2025-06-26 20:24:32.980,0x288,DATA:143 195 48 0 0 94 207 0
2025-06-26 20:24:32.987,0x380,DATA:0 135 0 0 128 0 0 16
2025-06-26 20:24:32.987,0x280,DATA:41 0 0 0 0 0 0 0
2025-06-26 20:24:32.997,0x288,DATA:143 195 48 0 0 94 207 0
2025-06-26 20:24:32.997,0x488,DATA:61 19 92 116 166 0 0 160
2025-06-26 20:24:33.003,0x320,DATA:68 3 135 0 0 0 0 0
2025-06-26 20:24:33.004,0x280,DATA:41 0 0 0 0 0 0 0
2025-06-26 20:24:33.004,0x470,DATA:0 0 0 0 2
2025-06-26 20:24:33.012,0x280,DATA:41 0 0 0 0 0 0 0
2025-06-26 20:24:33.020,0x288,DATA:213 195 48 0 0 94 207 0
2025-06-26 20:24:33.020,0x320,DATA:68 3 135 0 0 0 0 0
2025-06-26 20:24:33.025,0x280,DATA:41 0 0 0 0 0 0 0
2025-06-26 20:24:33.030,0x288,DATA:213 195 48 0 0 94 207 0
2025-06-26 20:24:33.035,0x380,DATA:0 135 0 0 128 0 0 16
2025-06-26 20:24:33.035,0x280,DATA:41 0 0 0 0 0 0 0
2025-06-26 20:24:33.043,0x288,DATA:213 195 48 0 0 94 207 0
2025-06-26 20:24:33.043,0x380,DATA:0 135 0 0 128 0 0 16
2025-06-26 20:24:33.052,0x520,DATA:255 143 1 150 124 18 163 1
2025-06-26 20:24:33.052,0x280,DATA:41 0 0 0 0 0 0 0
2025-06-26 20:24:33.062,0x320,DATA:68 3 135 0 0 0 0 0
2025-06-26 20:24:33.062,0x470,DATA:0 0 0 0 2
2025-06-26 20:24:33.068,0x570,DATA:3 0 0 0
2025-06-26 20:24:33.068,0x280,DATA:41 0 0 0 0 0 0 0
2025-06-26 20:24:33.068,0x288,DATA:17 195 48 0 0 94 207 0
2025-06-26 20:24:33.080,0x380,DATA:0 135 0 0 128 0 0 16
2025-06-26 20:24:33.080,0x280,DATA:41 0 0 0 0 0 0 0
2025-06-26 20:24:33.085,0x288,DATA:17 195 48 0 0 94 207 0
2025-06-26 20:24:33.085,0x380,DATA:0 135 0 0 128 0 0 16
2025-06-26 20:24:33.093,0x280,DATA:41 0 0 0 0 0 0 0
2025-06-26 20:24:33.102,0x288,DATA:81 195 48 0 0 94 207 0
2025-06-26 20:24:33.108,0x380,DATA:0 135 0 0 128 0 0 16
2025-06-26 20:24:33.108,0x488,DATA:205 19 92 116 166 0 0 80
2025-06-26 20:24:33.113,0x470,DATA:0 0 0 0 2
2025-06-26 20:24:33.118,0x280,DATA:41 0 0 0 0 0 0 0
2025-06-26 20:24:33.118,0x320,DATA:68 3 135 0 0 0 0 0
2025-06-26 20:24:33.118,0x280,DATA:41 0 0 0 0 0 0 0
2025-06-26 20:24:33.127,0x280,DATA:41 0 0 0 0 0 0 0
2025-06-26 20:24:33.127,0x288,DATA:143 195 48 0 0 94 207 0
2025-06-26 20:24:33.135,0x380,DATA:0 135 0 0 128 0 0 16
2025-06-26 20:24:33.142,0x488,DATA:13 19 92 116 166 0 0 144
2025-06-26 20:24:33.142,0x320,DATA:68 3 135 0 0 0 0 0
2025-06-26 20:24:33.143,0x280,DATA:41 0 0 0 0 0 0 0
2025-06-26 20:24:33.156,0x288,DATA:143 195 48 0 0 94 207 0
2025-06-26 20:24:33.156,0x280,DATA:41 0 0 0 0 0 0 0
2025-06-26 20:24:33.161,0x288,DATA:143 195 48 0 0 94 207 0
2025-06-26 20:24:33.168,0x380,DATA:0 135 0 0 128 0 0 16
2025-06-26 20:24:33.170,0x288,DATA:143 195 48 0 0 94 207 0
2025-06-26 20:24:33.178,0x488,DATA:93 19 92 116 166 0 0 192
2025-06-26 20:24:33.178,0x320,DATA:68 3 135 0 0 0 0 0
2025-06-26 20:24:33.184,0x280,DATA:41 0 0 0 0 0 0 0
2025-06-26 20:24:33.184,0x288,DATA:213 195 48 0 0 94 207 0
2025-06-26 20:24:33.184,0x380,DATA:0 135 0 0 128 0 0 16
2025-06-26 20:24:33.192,0x280,DATA:41 0 0 0 0 0 0 0
2025-06-26 20:24:33.201,0x288,DATA:213 195 48 0 0 94 207 0
2025-06-26 20:24:33.201,0x320,DATA:68 3 135 0 0 0 0 0
2025-06-26 20:24:33.209,0x280,DATA:41 0 0 0 0 0 0 0
2025-06-26 20:24:33.209,0x288,DATA:213 195 48 0 0 94 207 0
2025-06-26 20:24:33.218,0x280,DATA:41 0 0 0 0 0 0 0
2025-06-26 20:24:33.218,0x288,DATA:17 195 48 0 0 94 207 0
2025-06-26 20:24:33.225,0x380,DATA:0 135 0 0 128 0 0 16
2025-06-26 20:24:33.228,0x488,DATA:141 19 92 116 166 0 0 16
2025-06-26 20:24:33.228,0x280,DATA:41 0 0 0 0 0 0 0
2025-06-26 20:24:33.236,0x288,DATA:17 195 48 0 0 94 207 0
2025-06-26 20:24:33.242,0x380,DATA:0 135 0 0 128 0 0 16
2025-06-26 20:24:33.242,0x480,DATA:148 12 0 0 0 64 1 217
2025-06-26 20:24:33.250,0x320,DATA:68 3 135 0 0 0 0 0
2025-06-26 20:24:33.250,0x280,DATA:41 0 0 0 0 0 0 0
2025-06-26 20:24:33.258,0x520,DATA:1 192 1 150 124 18 163 1
2025-06-26 20:24:33.258,0x280,DATA:41 0 0 0 0 0 0 0
2025-06-26 20:24:33.258,0x288,DATA:81 195 48 0 0 94 207 0
2025-06-26 20:24:33.270,0x320,DATA:68 3 135 0 0 0 0 0
2025-06-26 20:24:33.275,0x470,DATA:0 0 0 0 2
2025-06-26 20:24:33.276,0x570,DATA:3 0 0 0
2025-06-26 20:24:33.278,0x5D0,DATA:128 2 65 32 0 0
2025-06-26 20:24:33.286,0x280,DATA:41 0 0 0 0 0 0 0
2025-06-26 20:24:33.286,0x288,DATA:81 195 48 0 0 94 207 0
2025-06-26 20:24:33.290,0x380,DATA:0 135 0 0 128 0 0 16
2025-06-26 20:24:33.290,0x280,DATA:41 0 0 0 0 0 0 0
2025-06-26 20:24:33.299,0x280,DATA:41 0 0 0 0 0 0 0
2025-06-26 20:24:33.299,0x380,DATA:0 135 0 0 128 0 0 16
2025-06-26 20:24:33.307,0x480,DATA:192 12 0 0 0 64 1 141
2025-06-26 20:24:33.307,0x470,DATA:0 0 0 0 2
2025-06-26 20:24:33.315,0x280,DATA:41 0 0 0 0 0 0 0
2025-06-26 20:24:33.315,0x288,DATA:143 195 48 0 0 94 207 0
2025-06-26 20:24:33.325,0x320,DATA:68 3 135 0 0 0 0 0
2025-06-26 20:24:33.325,0x280,DATA:41 0 0 0 0 0 0 0
2025-06-26 20:24:33.331,0x288,DATA:143 195 48 0 0 94 207 0
2025-06-26 20:24:33.331,0x380,DATA:0 135 0 0 128 0 0 16
2025-06-26 20:24:33.340,0x280,DATA:41 0 0 0 0 0 0 0
2025-06-26 20:24:33.348,0x288,DATA:213 195 48 0 0 94 207 0
2025-06-26 20:24:33.348,0x380,DATA:0 135 0 0 128 0 0 16
2025-06-26 20:24:33.348,0x280,DATA:41 0 0 0 0 0 0 0
2025-06-26 20:24:33.356,0x288,DATA:213 195 48 0 0 94 207 0
2025-06-26 20:24:33.356,0x280,DATA:41 0 0 0 0 0 0 0
2025-06-26 20:24:33.365,0x288,DATA:213 195 48 0 0 94 207 0
2025-06-26 20:24:33.365,0x488,DATA:109 19 92 116 166 0 0 240
2025-06-26 20:24:33.372,0x280,DATA:41 0 0 0 0 0 0 0
2025-06-26 20:24:33.381,0x288,DATA:17 195 48 0 0 94 207 0
2025-06-26 20:24:33.381,0x380,DATA:0 135 0 0 128 0 0 16
2025-06-26 20:24:33.385,0x320,DATA:68 3 135 0 0 0 0 0
2025-06-26 20:24:33.391,0x280,DATA:41 0 0 0 0 0 0 0
2025-06-26 20:24:33.391,0x288,DATA:17 195 48 0 0 94 207 0
2025-06-26 20:24:33.397,0x380,DATA:0 135 0 0 128 0 0 16
2025-06-26 20:24:33.403,0x280,DATA:41 0 0 0 0 0 0 0
2025-06-26 20:24:33.403,0x288,DATA:17 195 48 0 0 94 207 0
2025-06-26 20:24:33.407,0x380,DATA:0 135 0 0 128 0 0 16
2025-06-26 20:24:33.407,0x280,DATA:41 0 0 0 0 0 0 0
2025-06-26 20:24:33.416,0x280,DATA:41 0 0 0 0 0 0 0
2025-06-26 20:24:33.416,0x288,DATA:81 195 48 0 0 94 207 0
2025-06-26 20:24:33.425,0x380,DATA:0 135 0 0 128 0 0 16
2025-06-26 20:24:33.425,0x488,DATA:205 19 92 116 166 0 0 80
2025-06-26 20:24:33.425,0x280,DATA:41 0 0 0 0 0 0 0
2025-06-26 20:24:33.440,0x288,DATA:81 195 48 0 0 94 207 0
2025-06-26 20:24:33.440,0x320,DATA:68 3 135 0 0 0 0 0
2025-06-26 20:24:33.440,0x280,DATA:41 0 0 0 0 0 0 0
2025-06-26 20:24:33.449,0x288,DATA:81 195 48 0 0 94 207 0
2025-06-26 20:24:33.449,0x520,DATA:6 0 1 150 124 18 163 1
2025-06-26 20:24:33.457,0x280,DATA:41 0 0 0 0 0 0 0
2025-06-26 20:24:33.457,0x288,DATA:143 195 48 0 0 94 207 0
2025-06-26 20:24:33.457,0x570,DATA:3 0 0 0
2025-06-26 20:24:33.469,0x5D8,DATA:1 4 0 0 0 0 0 0
2025-06-26 20:24:33.469,0x280,DATA:41 0 0 0 0 0 0 0
2025-06-26 20:24:33.474,0x280,DATA:41 0 0 0 0 0 0 0
2025-06-26 20:24:33.481,0x288,DATA:143 195 48 0 0 94 207 0
2025-06-26 20:24:33.481,0x380,DATA:0 135 0 0 128 0 0 16
2025-06-26 20:24:33.492,0x488,DATA:93 19 92 116 166 0 0 192
2025-06-26 20:24:33.492,0x280,DATA:41 0 0 0 0 0 0 0
2025-06-26 20:24:33.497,0x288,DATA:213 195 48 0 0 94 207 0
2025-06-26 20:24:33.497,0x320,DATA:68 3 135 0 0 0 0 0
2025-06-26 20:24:33.497,0x280,DATA:41 0 0 0 0 0 0 0
2025-06-26 20:24:33.508,0x288,DATA:213 195 48 0 0 94 207 0
2025-06-26 20:24:33.508,0x470,DATA:0 0 0 0 2
2025-06-26 20:24:33.514,0x280,DATA:41 0 0 0 0 0 0 0
2025-06-26 20:24:33.519,0x288,DATA:213 195 48 0 0 94 207 0
2025-06-26 20:24:33.520,0x320,DATA:68 3 135 0 0 0 0 0
2025-06-26 20:24:33.526,0x280,DATA:41 0 0 0 0 0 0 0
2025-06-26 20:24:33.530,0x280,DATA:41 0 0 0 0 0 0 0
2025-06-26 20:24:33.536,0x288,DATA:17 195 48 0 0 94 207 0
2025-06-26 20:24:33.536,0x380,DATA:0 135 0 0 128 0 0 16
2025-06-26 20:24:33.538,0x488,DATA:141 19 92 116 166 0 0 16
2025-06-26 20:24:33.546,0x280,DATA:41 0 0 0 0 0 0 0
2025-06-26 20:24:33.546,0x288,DATA:17 195 48 0 0 94 207 0
2025-06-26 20:24:33.546,0x380,DATA:0 135 0 0 128 0 0 16
2025-06-26 20:24:33.558,0x320,DATA:68 3 135 0 0 0 0 0
2025-06-26 20:24:33.558,0x420,DATA:3 0 0 0 195 0 128 0
2025-06-26 20:24:33.564,0x470,DATA:0 0 0 0 2
2025-06-26 20:24:33.565,0x570,DATA:3 0 0 0
2025-06-26 20:24:33.571,0x280,DATA:41 0 0 0 0 0 0 0
2025-06-26 20:24:33.571,0x288,DATA:81 195 48 0 0 94 207 0
2025-06-26 20:24:33.579,0x280,DATA:41 0 0 0 0 0 0 0
2025-06-26 20:24:33.579,0x288,DATA:81 195 48 0 0 94 207 0
2025-06-26 20:24:33.590,0x380,DATA:0 135 0 0 128 0 0 16
2025-06-26 20:24:33.590,0x280,DATA:41 0 0 0 0 0 0 0
2025-06-26 20:24:33.596,0x288,DATA:81 195 48 0 0 94 207 0
2025-06-26 20:24:33.596,0x380,DATA:0 135 0 0 128 0 0 16
2025-06-26 20:24:33.604,0x588,DATA:234 64 116 0 0 3 0 0
2025-06-26 20:24:33.608,0x470,DATA:0 0 0 0 2
2025-06-26 20:24:33.612,0x280,DATA:41 0 0 0 0 0 0 0
2025-06-26 20:24:33.612,0x320,DATA:68 3 135 0 0 0 0 0
2025-06-26 20:24:33.612,0x280,DATA:41 0 0 0 0 0 0 0
2025-06-26 20:24:33.612,0x280,DATA:41 0 0 0 0 0 0 0
2025-06-26 20:24:33.621,0x288,DATA:143 195 48 0 0 94 207 0
2025-06-26 20:24:33.634,0x380,DATA:0 135 0 0 128 0 0 16
2025-06-26 20:24:33.640,0x488,DATA:45 19 92 116 166 0 0 176
2025-06-26 20:24:33.640,0x280,DATA:41 0 0 0 0 0 0 0
2025-06-26 20:24:33.645,0x288,DATA:143 195 48 0 0 94 207 0
2025-06-26 20:24:33.645,0x380,DATA:0 135 0 0 128 0 0 16
2025-06-26 20:24:33.645,0x280,DATA:41 0 0 0 0 0 0 0
2025-06-26 20:24:33.654,0x288,DATA:213 195 48 0 0 94 207 0
2025-06-26 20:24:33.662,0x380,DATA:0 135 0 0 128 0 0 16
2025-06-26 20:24:33.662,0x588,DATA:234 64 116 0 0 3 0 0
2025-06-26 20:24:33.662,0x280,DATA:41 0 0 0 0 0 0 0
2025-06-26 20:24:33.671,0x288,DATA:213 195 48 0 0 94 207 0
2025-06-26 20:24:33.680,0x320,DATA:68 3 135 0 0 0 0 0
2025-06-26 20:24:33.681,0x280,DATA:41 0 0 0 0 0 0 0
2025-06-26 20:24:33.681,0x288,DATA:213 195 48 0 0 94 207 0
2025-06-26 20:24:33.687,0x280,DATA:41 0 0 0 0 0 0 0
2025-06-26 20:24:33.687,0x288,DATA:17 195 48 0 0 94 207 0
2025-06-26 20:24:33.696,0x280,DATA:41 0 0 0 0 0 0 0
2025-06-26 20:24:33.696,0x288,DATA:17 195 48 0 0 94 207 0
2025-06-26 20:24:33.704,0x380,DATA:0 135 0 0 128 0 0 16
2025-06-26 20:24:33.704,0x488,DATA:189 19 92 116 166 0 0 32
2025-06-26 20:24:33.712,0x280,DATA:41 0 0 0 0 0 0 0
2025-06-26 20:24:33.712,0x288,DATA:17 195 48 0 0 94 207 0
2025-06-26 20:24:33.720,0x380,DATA:0 135 0 0 128 0 0 16
2025-06-26 20:24:33.720,0x380,DATA:0 135 0 0 128 0 0 16
2025-06-26 20:24:33.731,0x588,DATA:234 64 116 0 0 3 0 0
2025-06-26 20:24:33.731,0x280,DATA:41 0 0 0 0 0 0 0
2025-06-26 20:24:33.737,0x288,DATA:81 195 48 0 0 94 207 0
2025-06-26 20:24:33.741,0x320,DATA:68 3 135 0 0 0 0 0
2025-06-26 20:24:33.741,0x280,DATA:41 0 0 0 0 0 0 0
2025-06-26 20:24:33.746,0x280,DATA:41 0 0 0 0 0 0 0
2025-06-26 20:24:33.746,0x288,DATA:81 195 48 0 0 94 207 0
2025-06-26 20:24:33.755,0x380,DATA:0 135 0 0 128 0 0 16
2025-06-26 20:24:33.762,0x320,DATA:68 3 135 0 0 0 0 0
2025-06-26 20:24:33.765,0x470,DATA:0 0 0 0 2
2025-06-26 20:24:33.769,0x570,DATA:3 0 0 0
2025-06-26 20:24:33.771,0x5D8,DATA:1 4 0 0 0 0 0 0
2025-06-26 20:24:33.775,0x280,DATA:41 0 0 0 0 0 0 0
2025-06-26 20:24:33.776,0x288,DATA:143 195 48 0 0 94 207 0
2025-06-26 20:24:33.779,0x380,DATA:0 135 0 0 128 0 0 16
2025-06-26 20:24:33.786,0x380,DATA:0 135 0 0 128 0 0 16
2025-06-26 20:24:33.789,0x588,DATA:234 64 116 0 0 3 0 0
2025-06-26 20:24:33.789,0x320,DATA:68 3 135 0 0 0 0 0
2025-06-26 20:24:33.802,0x280,DATA:41 0 0 0 0 0 0 0
2025-06-26 20:24:33.802,0x288,DATA:143 195 48 0 0 94 207 0
2025-06-26 20:24:33.814,0x380,DATA:0 135 0 0 128 0 0 16
2025-06-26 20:24:33.814,0x470,DATA:0 0 0 0 2
2025-06-26 20:24:33.819,0x280,DATA:41 0 0 0 0 0 0 0
2025-06-26 20:24:33.824,0x288,DATA:213 195 48 0 0 94 207 0
2025-06-26 20:24:33.827,0x320,DATA:68 3 135 0 0 0 0 0
2025-06-26 20:24:33.827,0x280,DATA:41 0 0 0 0 0 0 0
2025-06-26 20:24:33.836,0x288,DATA:213 195 48 0 0 94 207 0
2025-06-26 20:24:33.837,0x280,DATA:41 0 0 0 0 0 0 0
2025-06-26 20:24:33.837,0x288,DATA:213 195 48 0 0 94 207 0
2025-06-26 20:24:33.844,0x280,DATA:41 0 0 0 0 0 0 0
2025-06-26 20:24:33.852,0x288,DATA:213 195 48 0 0 94 207 0
2025-06-26 20:24:33.852,0x488,DATA:157 19 92 116 166 0 0 0
2025-06-26 20:24:33.852,0x520,DATA:255 143 1 150 124 18 163 1
2025-06-26 20:24:33.861,0x320,DATA:68 3 135 0 0 0 0 0
2025-06-26 20:24:33.861,0x470,DATA:0 0 0 0 2
2025-06-26 20:24:33.869,0x570,DATA:3 0 0 0
2025-06-26 20:24:33.869,0x280,DATA:41 0 0 0 0 0 0 0
2025-06-26 20:24:33.879,0x288,DATA:17 195 48 0 0 94 207 0
2025-06-26 20:24:33.885,0x380,DATA:0 135 0 0 128 0 0 16
2025-06-26 20:24:33.885,0x488,DATA:173 19 92 116 166 0 0 48
2025-06-26 20:24:33.885,0x280,DATA:41 0 0 0 0 0 0 0
2025-06-26 20:24:33.894,0x280,DATA:41 0 0 0 0 0 0 0
2025-06-26 20:24:33.894,0x288,DATA:81 195 48 0 0 94 207 0
2025-06-26 20:24:33.902,0x380,DATA:0 135 0 0 128 0 0 16
2025-06-26 20:24:33.902,0x488,DATA:205 19 92 116 166 0 0 80
2025-06-26 20:24:33.902,0x470,DATA:0 0 0 0 2
2025-06-26 20:24:33.910,0x280,DATA:41 0 0 0 0 0 0 0
2025-06-26 20:24:33.920,0x288,DATA:81 195 48 0 0 94 207 0
2025-06-26 20:24:33.925,0x320,DATA:68 3 135 0 0 0 0 0
2025-06-26 20:24:33.931,0x280,DATA:41 0 0 0 0 0 0 0
2025-06-26 20:24:33.936,0x288,DATA:81 195 48 0 0 94 207 0
2025-06-26 20:24:33.941,0x280,DATA:41 0 0 0 0 0 0 0
2025-06-26 20:24:33.943,0x288,DATA:143 195 48 0 0 94 207 0
2025-06-26 20:24:33.948,0x380,DATA:0 135 0 0 128 0 0 16
2025-06-26 20:24:33.952,0x320,DATA:68 3 135 0 0 0 0 0
2025-06-26 20:24:33.952,0x280,DATA:41 0 0 0 0 0 0 0
2025-06-26 20:24:33.958,0x288,DATA:143 195 48 0 0 94 207 0
2025-06-26 20:24:33.964,0x280,DATA:41 0 0 0 0 0 0 0
2025-06-26 20:24:33.965,0x288,DATA:143 195 48 0 0 94 207 0
2025-06-26 20:24:33.969,0x380,DATA:0 135 0 0 128 0 0 16
2025-06-26 20:24:33.975,0x488,DATA:93 19 92 116 166 0 0 192
2025-06-26 20:24:33.980,0x588,DATA:234 64 116 0 0 3 0 0
2025-06-26 20:24:33.981,0x280,DATA:41 0 0 0 0 0 0 0
2025-06-26 20:24:33.986,0x320,DATA:68 3 135 0 0 0 0 0
2025-06-26 20:24:33.992,0x280,DATA:41 0 0 0 0 0 0 0
2025-06-26 20:24:33.997,0x288,DATA:213 195 48 0 0 94 207 0
2025-06-26 20:24:33.998,0x280,DATA:41 0 0 0 0 0 0 0
2025-06-26 20:24:34.002,0x288,DATA:213 195 48 0 0 94 207 0
2025-06-26 20:24:34.008,0x380,DATA:0 135 0 0 128 0 0 16
2025-06-26 20:24:34.009,0x280,DATA:41 0 0 0 0 0 0 0
2025-06-26 20:24:34.013,0x288,DATA:213 195 48 0 0 94 207 0
2025-06-26 20:24:34.019,0x380,DATA:0 135 0 0 128 0 0 16
2025-06-26 20:24:34.019,0x280,DATA:41 0 0 0 0 0 0 0
2025-06-26 20:24:34.025,0x288,DATA:17 195 48 0 0 94 207 0
2025-06-26 20:24:34.030,0x380,DATA:0 135 0 0 128 0 0 16
2025-06-26 20:24:34.030,0x380,DATA:0 135 0 0 128 0 0 16
2025-06-26 20:24:34.036,0x588,DATA:234 64 116 0 0 3 0 0
2025-06-26 20:24:34.041,0x280,DATA:41 0 0 0 0 0 0 0
2025-06-26 20:24:34.047,0x288,DATA:17 195 48 0 0 94 207 0
2025-06-26 20:24:34.049,0x320,DATA:68 3 135 0 0 0 0 0
2025-06-26 20:24:34.053,0x280,DATA:41 0 0 0 0 0 0 0
2025-06-26 20:24:34.059,0x288,DATA:17 195 48 0 0 94 207 0
2025-06-26 20:24:34.064,0x520,DATA:1 192 1 150 124 18 163 1
2025-06-26 20:24:34.068,0x280,DATA:41 0 0 0 0 0 0 0
2025-06-26 20:24:34.070,0x5D8,DATA:1 4 0 0 0 0 0 0
2025-06-26 20:24:34.075,0x280,DATA:41 0 0 0 0 0 0 0
2025-06-26 20:24:34.076,0x288,DATA:81 195 48 0 0 94 207 0
2025-06-26 20:24:34.081,0x280,DATA:41 0 0 0 0 0 0 0
2025-06-26 20:24:34.086,0x288,DATA:81 195 48 0 0 94 207 0
2025-06-26 20:24:34.087,0x280,DATA:41 0 0 0 0 0 0 0
2025-06-26 20:24:34.092,0x288,DATA:143 195 48 0 0 94 207 0
2025-06-26 20:24:34.096,0x380,DATA:0 135 0 0 128 0 0 16
2025-06-26 20:24:34.099,0x320,DATA:68 3 135 0 0 0 0 0
2025-06-26 20:24:34.102,0x280,DATA:41 0 0 0 0 0 0 0
2025-06-26 20:24:34.109,0x288,DATA:143 195 48 0 0 94 207 0
2025-06-26 20:24:34.113,0x380,DATA:0 135 0 0 128 0 0 16
2025-06-26 20:24:34.115,0x470,DATA:0 0 0 0 2
2025-06-26 20:24:34.119,0x280,DATA:41 0 0 0 0 0 0 0
2025-06-26 20:24:34.125,0x288,DATA:143 195 48 0 0 94 207 0
2025-06-26 20:24:34.126,0x280,DATA:41 0 0 0 0 0 0 0
2025-06-26 20:24:34.131,0x288,DATA:143 195 48 0 0 94 207 0
2025-06-26 20:24:34.136,0x280,DATA:41 0 0 0 0 0 0 0
2025-06-26 20:24:34.136,0x288,DATA:213 195 48 0 0 94 207 0
2025-06-26 20:24:34.142,0x380,DATA:0 135 0 0 128 0 0 16
2025-06-26 20:24:34.147,0x380,DATA:0 135 0 0 128 0 0 16
2025-06-26 20:24:34.148,0x588,DATA:234 64 116 0 0 3 0 0
2025-06-26 20:24:34.158,0x280,DATA:41 0 0 0 0 0 0 0
2025-06-26 20:24:34.158,0x320,DATA:68 3 135 0 0 0 0 0
2025-06-26 20:24:34.163,0x420,DATA:3 0 0 0 195 0 128 0
2025-06-26 20:24:34.170,0x470,DATA:0 0 0 0 2
2025-06-26 20:24:34.170,0x570,DATA:3 0 0 0
2025-06-26 20:24:34.175,0x280,DATA:41 0 0 0 0 0 0 0
2025-06-26 20:24:34.182,0x288,DATA:17 195 48 0 0 94 207 0
2025-06-26 20:24:34.186,0x320,DATA:68 3 135 0 0 0 0 0
2025-06-26 20:24:34.186,0x280,DATA:41 0 0 0 0 0 0 0
2025-06-26 20:24:34.192,0x280,DATA:41 0 0 0 0 0 0 0
2025-06-26 20:24:34.197,0x288,DATA:17 195 48 0 0 94 207 0
2025-06-26 20:24:34.198,0x380,DATA:0 135 0 0 128 0 0 16
2025-06-26 20:24:34.203,0x280,DATA:41 0 0 0 0 0 0 0
2025-06-26 20:24:34.208,0x288,DATA:17 195 48 0 0 94 207 0
2025-06-26 20:24:34.209,0x380,DATA:0 135 0 0 128 0 0 16
2025-06-26 20:24:34.214,0x320,DATA:68 3 135 0 0 0 0 0
2025-06-26 20:24:34.218,0x280,DATA:41 0 0 0 0 0 0 0
2025-06-26 20:24:34.220,0x288,DATA:81 195 48 0 0 94 207 0
2025-06-26 20:24:34.231,0x280,DATA:41 0 0 0 0 0 0 0
2025-06-26 20:24:34.236,0x288,DATA:81 195 48 0 0 94 207 0
2025-06-26 20:24:34.237,0x380,DATA:0 135 0 0 128 0 0 16
2025-06-26 20:24:34.242,0x488,DATA:237 19 92 116 166 0 0 112
2025-06-26 20:24:34.247,0x320,DATA:68 3 135 0 0 0 0 0
2025-06-26 20:24:34.247,0x280,DATA:41 0 0 0 0 0 0 0
2025-06-26 20:24:34.253,0x280,DATA:41 0 0 0 0 0 0 0
2025-06-26 20:24:34.258,0x288,DATA:143 195 48 0 0 94 207 0
2025-06-26 20:24:34.258,0x380,DATA:0 135 0 0 128 0 0 16
2025-06-26 20:24:34.265,0x280,DATA:41 0 0 0 0 0 0 0
2025-06-26 20:24:34.268,0x288,DATA:143 195 48 0 0 94 207 0
2025-06-26 20:24:34.268,0x380,DATA:0 135 0 0 128 0 0 16
2025-06-26 20:24:34.279,0x488,DATA:61 19 92 116 166 0 0 160
2025-06-26 20:24:34.279,0x320,DATA:68 3 135 0 0 0 0 0
2025-06-26 20:24:34.286,0x280,DATA:41 0 0 0 0 0 0 0
2025-06-26 20:24:34.292,0x288,DATA:143 195 48 0 0 94 207 0
2025-06-26 20:24:34.293,0x280,DATA:41 0 0 0 0 0 0 0
2025-06-26 20:24:34.297,0x288,DATA:213 195 48 0 0 94 207 0
2025-06-26 20:24:34.303,0x320,DATA:68 3 135 0 0 0 0 0
2025-06-26 20:24:34.304,0x280,DATA:41 0 0 0 0 0 0 0
2025-06-26 20:24:34.308,0x288,DATA:213 195 48 0 0 94 207 0
2025-06-26 20:24:34.308,0x470,DATA:0 0 0 0 2
2025-06-26 20:24:34.317,0x280,DATA:41 0 0 0 0 0 0 0
2025-06-26 20:24:34.325,0x288,DATA:213 195 48 0 0 94 207 0
2025-06-26 20:24:34.326,0x280,DATA:41 0 0 0 0 0 0 0
2025-06-26 20:24:34.331,0x288,DATA:213 195 48 0 0 94 207 0
2025-06-26 20:24:34.336,0x380,DATA:0 135 0 0 128 0 0 16
2025-06-26 20:24:34.336,0x380,DATA:0 135 0 0 128 0 0 16
2025-06-26 20:24:34.341,0x480,DATA:15 12 0 0 0 64 1 66
2025-06-26 20:24:34.341,0x320,DATA:68 3 135 0 0 0 0 0
2025-06-26 20:24:34.351,0x280,DATA:41 0 0 0 0 0 0 0
2025-06-26 20:24:34.351,0x280,DATA:41 0 0 0 0 0 0 0
2025-06-26 20:24:34.357,0x288,DATA:17 195 48 0 0 94 207 0
2025-06-26 20:24:34.364,0x380,DATA:0 135 0 0 128 0 0 16
2025-06-26 20:24:34.364,0x320,DATA:68 3 135 0 0 0 0 0
2025-06-26 20:24:34.374,0x420,DATA:3 0 0 0 195 0 128 0
2025-06-26 20:24:34.374,0x280,DATA:41 0 0 0 0 0 0 0
2025-06-26 20:24:34.380,0x288,DATA:81 195 48 0 0 94 207 0
2025-06-26 20:24:34.386,0x380,DATA:0 135 0 0 128 0 0 16
2025-06-26 20:24:34.386,0x280,DATA:41 0 0 0 0 0 0 0
2025-06-26 20:24:34.390,0x288,DATA:81 195 48 0 0 94 207 0
2025-06-26 20:24:34.390,0x380,DATA:0 135 0 0 128 0 0 16
2025-06-26 20:24:34.390,0x488,DATA:253 19 92 116 166 0 0 96
2025-06-26 20:24:34.399,0x280,DATA:41 0 0 0 0 0 0 0
2025-06-26 20:24:34.407,0x380,DATA:0 135 0 0 128 0 0 16
2025-06-26 20:24:34.407,0x488,DATA:237 19 92 116 166 0 0 112
2025-06-26 20:24:34.407,0x470,DATA:0 0 0 0 2
2025-06-26 20:24:34.415,0x280,DATA:41 0 0 0 0 0 0 0
2025-06-26 20:24:34.425,0x288,DATA:143 195 48 0 0 94 207 0
2025-06-26 20:24:34.425,0x320,DATA:68 3 135 0 0 0 0 0
2025-06-26 20:24:34.425,0x280,DATA:41 0 0 0 0 0 0 0
2025-06-26 20:24:34.432,0x288,DATA:143 195 48 0 0 94 207 0
2025-06-26 20:24:34.432,0x280,DATA:41 0 0 0 0 0 0 0
2025-06-26 20:24:34.440,0x288,DATA:143 195 48 0 0 94 207 0
2025-06-26 20:24:34.440,0x280,DATA:41 0 0 0 0 0 0 0
2025-06-26 20:24:34.448,0x288,DATA:143 195 48 0 0 94 207 0
2025-06-26 20:24:34.453,0x380,DATA:0 135 0 0 128 0 0 16
2025-06-26 20:24:34.457,0x280,DATA:41 0 0 0 0 0 0 0
2025-06-26 20:24:34.457,0x288,DATA:213 195 48 0 0 94 207 0
2025-06-26 20:24:34.465,0x488,DATA:77 19 92 116 166 0 0 208
2025-06-26 20:24:34.475,0x480,DATA:89 12 0 0 0 64 1 20
2025-06-26 20:24:34.476,0x280,DATA:41 0 0 0 0 0 0 0
2025-06-26 20:24:34.482,0x288,DATA:213 195 48 0 0 94 207 0
2025-06-26 20:24:34.486,0x380,DATA:0 135 0 0 128 0 0 16
2025-06-26 20:24:34.487,0x320,DATA:68 3 135 0 0 0 0 0
2025-06-26 20:24:34.492,0x280,DATA:41 0 0 0 0 0 0 0
2025-06-26 20:24:34.497,0x280,DATA:41 0 0 0 0 0 0 0
2025-06-26 20:24:34.497,0x288,DATA:17 195 48 0 0 94 207 0
2025-06-26 20:24:34.503,0x380,DATA:0 135 0 0 128 0 0 16
2025-06-26 20:24:34.506,0x280,DATA:41 0 0 0 0 0 0 0
2025-06-26 20:24:34.506,0x288,DATA:17 195 48 0 0 94 207 0
2025-06-26 20:24:34.513,0x380,DATA:0 135 0 0 128 0 0 16
2025-06-26 20:24:34.520,0x280,DATA:41 0 0 0 0 0 0 0
2025-06-26 20:24:34.522,0x288,DATA:17 195 48 0 0 94 207 0
2025-06-26 20:24:34.522,0x380,DATA:0 135 0 0 128 0 0 16
2025-06-26 20:24:34.531,0x280,DATA:41 0 0 0 0 0 0 0
2025-06-26 20:24:34.531,0x288,DATA:81 195 48 0 0 94 207 0
2025-06-26 20:24:34.531,0x380,DATA:0 135 0 0 128 0 0 16
2025-06-26 20:24:34.537,0x320,DATA:68 3 135 0 0 0 0 0
2025-06-26 20:24:34.545,0x280,DATA:41 0 0 0 0 0 0 0
2025-06-26 20:24:34.545,0x288,DATA:81 195 48 0 0 94 207 0
2025-06-26 20:24:34.554,0x280,DATA:41 0 0 0 0 0 0 0
2025-06-26 20:24:34.558,0x288,DATA:81 195 48 0 0 94 207 0
2025-06-26 20:24:34.564,0x380,DATA:0 135 0 0 128 0 0 16
2025-06-26 20:24:34.564,0x280,DATA:41 0 0 0 0 0 0 0
2025-06-26 20:24:34.570,0x288,DATA:81 195 48 0 0 94 207 0
2025-06-26 20:24:34.570,0x380,DATA:0 135 0 0 128 0 0 16
2025-06-26 20:24:34.581,0x488,DATA:13 19 92 116 166 0 0 144
2025-06-26 20:24:34.581,0x320,DATA:68 3 135 0 0 0 0 0
2025-06-26 20:24:34.586,0x280,DATA:41 0 0 0 0 0 0 0
2025-06-26 20:24:34.592,0x280,DATA:41 0 0 0 0 0 0 0
2025-06-26 20:24:34.592,0x288,DATA:143 195 48 0 0 94 207 0
2025-06-26 20:24:34.594,0x380,DATA:0 135 0 0 128 0 0 16
2025-06-26 20:24:34.603,0x320,DATA:68 3 135 0 0 0 0 0
2025-06-26 20:24:34.603,0x280,DATA:41 0 0 0 0 0 0 0
2025-06-26 20:24:34.605,0x288,DATA:143 195 48 0 0 94 207 0
2025-06-26 20:24:34.611,0x470,DATA:0 0 0 0 2
2025-06-26 20:24:34.611,0x280,DATA:41 0 0 0 0 0 0 0
2025-06-26 20:24:34.620,0x288,DATA:213 195 48 0 0 94 207 0
2025-06-26 20:24:34.620,0x280,DATA:41 0 0 0 0 0 0 0
2025-06-26 20:24:34.630,0x288,DATA:213 195 48 0 0 94 207 0
2025-06-26 20:24:34.630,0x280,DATA:41 0 0 0 0 0 0 0
2025-06-26 20:24:34.636,0x288,DATA:213 195 48 0 0 94 207 0
2025-06-26 20:24:34.642,0x488,DATA:109 19 92 116 166 0 0 240
2025-06-26 20:24:34.647,0x320,DATA:68 3 135 0 0 0 0 0
2025-06-26 20:24:34.653,0x520,DATA:255 143 1 150 124 18 163 1
2025-06-26 20:24:34.653,0x280,DATA:41 0 0 0 0 0 0 0
2025-06-26 20:24:34.657,0x288,DATA:17 195 48 0 0 94 207 0
2025-06-26 20:24:34.661,0x320,DATA:68 3 135 0 0 0 0 0
2025-06-26 20:24:34.668,0x470,DATA:0 0 0 0 2
2025-06-26 20:24:34.668,0x570,DATA:3 0 0 0
2025-06-26 20:24:34.668,0x280,DATA:41 0 0 0 0 0 0 0
2025-06-26 20:24:34.668,0x288,DATA:17 195 48 0 0 94 207 0
2025-06-26 20:24:34.676,0x280,DATA:41 0 0 0 0 0 0 0
2025-06-26 20:24:34.686,0x288,DATA:17 195 48 0 0 94 207 0
2025-06-26 20:24:34.692,0x380,DATA:0 135 0 0 128 0 0 16
2025-06-26 20:24:34.693,0x488,DATA:221 19 92 116 166 0 0 64
2025-06-26 20:24:34.693,0x280,DATA:41 0 0 0 0 0 0 0
2025-06-26 20:24:34.703,0x288,DATA:81 195 48 0 0 94 207 0
2025-06-26 20:24:34.703,0x488,DATA:205 19 92 116 166 0 0 80
2025-06-26 20:24:34.713,0x470,DATA:0 0 0 0 2
2025-06-26 20:24:34.713,0x280,DATA:41 0 0 0 0 0 0 0
2025-06-26 20:24:34.718,0x288,DATA:81 195 48 0 0 94 207 0
2025-06-26 20:24:34.718,0x320,DATA:68 3 135 0 0 0 0 0
2025-06-26 20:24:34.728,0x280,DATA:41 0 0 0 0 0 0 0
2025-06-26 20:24:34.728,0x280,DATA:41 0 0 0 0 0 0 0
2025-06-26 20:24:34.735,0x288,DATA:143 195 48 0 0 94 207 0
2025-06-26 20:24:34.735,0x380,DATA:0 135 0 0 128 0 0 16
2025-06-26 20:24:34.743,0x280,DATA:41 0 0 0 0 0 0 0
2025-06-26 20:24:34.743,0x288,DATA:143 195 48 0 0 94 207 0
2025-06-26 20:24:34.751,0x380,DATA:0 135 0 0 128 0 0 16
2025-06-26 20:24:34.751,0x488,DATA:61 19 92 116 166 0 0 160
2025-06-26 20:24:34.759,0x280,DATA:41 0 0 0 0 0 0 0
2025-06-26 20:24:34.764,0x288,DATA:143 195 48 0 0 94 207 0
2025-06-26 20:24:34.770,0x488,DATA:45 19 92 116 166 0 0 176
2025-06-26 20:24:34.775,0x280,DATA:41 0 0 0 0 0 0 0
2025-06-26 20:24:34.780,0x288,DATA:213 195 48 0 0 94 207 0
2025-06-26 20:24:34.781,0x320,DATA:68 3 135 0 0 0 0 0
2025-06-26 20:24:34.786,0x280,DATA:41 0 0 0 0 0 0 0
2025-06-26 20:24:34.791,0x288,DATA:213 195 48 0 0 94 207 0
2025-06-26 20:24:34.791,0x280,DATA:41 0 0 0 0 0 0 0
2025-06-26 20:24:34.791,0x288,DATA:213 195 48 0 0 94 207 0
2025-06-26 20:24:34.799,0x380,DATA:0 135 0 0 128 0 0 16
2025-06-26 20:24:34.808,0x488,DATA:109 19 92 116 166 0 0 240
2025-06-26 20:24:34.808,0x280,DATA:41 0 0 0 0 0 0 0
2025-06-26 20:24:34.808,0x288,DATA:213 195 48 0 0 94 207 0
2025-06-26 20:24:34.815,0x380,DATA:0 135 0 0 128 0 0 16
2025-06-26 20:24:34.825,0x280,DATA:41 0 0 0 0 0 0 0
2025-06-26 20:24:34.825,0x288,DATA:17 195 48 0 0 94 207 0
2025-06-26 20:24:34.832,0x380,DATA:0 135 0 0 128 0 0 16
2025-06-26 20:24:34.832,0x488,DATA:189 19 92 116 166 0 0 32
2025-06-26 20:24:34.840,0x280,DATA:41 0 0 0 0 0 0 0
2025-06-26 20:24:34.840,0x320,DATA:68 3 135 0 0 0 0 0
2025-06-26 20:24:34.840,0x280,DATA:41 0 0 0 0 0 0 0
2025-06-26 20:24:34.848,0x288,DATA:17 195 48 0 0 94 207 0
2025-06-26 20:24:34.856,0x380,DATA:0 135 0 0 128 0 0 16
2025-06-26 20:24:34.856,0x520,DATA:1 192 1 150 124 18 163 1
2025-06-26 20:24:34.856,0x280,DATA:41 0 0 0 0 0 0 0
2025-06-26 20:24:34.869,0x288,DATA:81 195 48 0 0 94 207 0
2025-06-26 20:24:34.875,0x320,DATA:68 3 135 0 0 0 0 0
2025-06-26 20:24:34.875,0x470,DATA:0 0 0 0 2
2025-06-26 20:24:34.881,0x570,DATA:3 0 0 0
2025-06-26 20:24:34.882,0x280,DATA:41 0 0 0 0 0 0 0
2025-06-26 20:24:34.889,0x288,DATA:81 195 48 0 0 94 207 0
2025-06-26 20:24:34.889,0x380,DATA:0 135 0 0 128 0 0 16
2025-06-26 20:24:34.898,0x488,DATA:29 19 92 116 166 0 0 128
2025-06-26 20:24:34.900,0x280,DATA:41 0 0 0 0 0 0 0
2025-06-26 20:24:34.900,0x288,DATA:143 195 48 0 0 94 207 0
2025-06-26 20:24:34.906,0x320,DATA:68 3 135 0 0 0 0 0
2025-06-26 20:24:34.914,0x280,DATA:41 0 0 0 0 0 0 0
2025-06-26 20:24:34.915,0x288,DATA:143 195 48 0 0 94 207 0
2025-06-26 20:24:34.919,0x470,DATA:0 0 0 0 2
2025-06-26 20:24:34.925,0x280,DATA:41 0 0 0 0 0 0 0
2025-06-26 20:24:34.925,0x320,DATA:68 3 135 0 0 0 0 0
2025-06-26 20:24:34.931,0x280,DATA:41 0 0 0 0 0 0 0
2025-06-26 20:24:34.931,0x288,DATA:143 195 48 0 0 94 207 0
2025-06-26 20:24:34.931,0x380,DATA:0 135 0 0 128 0 0 16
2025-06-26 20:24:34.941,0x280,DATA:41 0 0 0 0 0 0 0
2025-06-26 20:24:34.947,0x288,DATA:213 195 48 0 0 94 207 0
2025-06-26 20:24:34.947,0x280,DATA:41 0 0 0 0 0 0 0
2025-06-26 20:24:34.956,0x288,DATA:213 195 48 0 0 94 207 0
2025-06-26 20:24:34.956,0x488,DATA:125 19 92 116 166 0 0 224
2025-06-26 20:24:34.969,0x320,DATA:68 3 135 0 0 0 0 0
2025-06-26 20:24:34.970,0x420,DATA:3 0 0 0 195 0 128 0
2025-06-26 20:24:34.975,0x470,DATA:0 0 0 0 2
2025-06-26 20:24:34.975,0x280,DATA:41 0 0 0 0 0 0 0
2025-06-26 20:24:34.980,0x288,DATA:17 195 48 0 0 94 207 0
2025-06-26 20:24:34.980,0x380,DATA:0 135 0 0 128 0 0 16
2025-06-26 20:24:34.980,0x320,DATA:68 3 135 0 0 0 0 0
2025-06-26 20:24:34.989,0x280,DATA:41 0 0 0 0 0 0 0
2025-06-26 20:24:34.996,0x288,DATA:17 195 48 0 0 94 207 0
2025-06-26 20:24:34.996,0x280,DATA:41 0 0 0 0 0 0 0
2025-06-26 20:24:35.003,0x288,DATA:17 195 48 0 0 94 207 0
2025-06-26 20:24:35.004,0x380,DATA:0 135 0 0 128 0 0 16
2025-06-26 20:24:35.014,0x280,DATA:41 0 0 0 0 0 0 0
2025-06-26 20:24:35.014,0x288,DATA:17 195 48 0 0 94 207 0
2025-06-26 20:24:35.024,0x380,DATA:0 135 0 0 128 0 0 16
2025-06-26 20:24:35.024,0x320,DATA:68 3 135 0 0 0 0 0
2025-06-26 20:24:35.029,0x280,DATA:41 0 0 0 0 0 0 0
2025-06-26 20:24:35.031,0x280,DATA:41 0 0 0 0 0 0 0
2025-06-26 20:24:35.041,0x288,DATA:81 195 48 0 0 94 207 0
2025-06-26 20:24:35.041,0x380,DATA:0 135 0 0 128 0 0 16
2025-06-26 20:24:35.047,0x320,DATA:68 3 135 0 0 0 0 0
2025-06-26 20:24:35.053,0x280,DATA:41 0 0 0 0 0 0 0
2025-06-26 20:24:35.054,0x288,DATA:81 195 48 0 0 94 207 0
2025-06-26 20:24:35.058,0x280,DATA:41 0 0 0 0 0 0 0
2025-06-26 20:24:35.062,0x288,DATA:143 195 48 0 0 94 207 0
2025-06-26 20:24:35.065,0x380,DATA:0 135 0 0 128 0 0 16
2025-06-26 20:24:35.065,0x280,DATA:41 0 0 0 0 0 0 0
2025-06-26 20:24:35.070,0x380,DATA:0 135 0 0 128 0 0 16
2025-06-26 20:24:35.075,0x280,DATA:41 0 0 0 0 0 0 0
2025-06-26 20:24:35.080,0x320,DATA:68 3 135 0 0 0 0 0
2025-06-26 20:24:35.086,0x280,DATA:41 0 0 0 0 0 0 0
2025-06-26 20:24:35.086,0x280,DATA:41 0 0 0 0 0 0 0
2025-06-26 20:24:35.086,0x288,DATA:213 195 48 0 0 94 207 0
2025-06-26 20:24:35.097,0x380,DATA:0 135 0 0 128 0 0 16
2025-06-26 20:24:35.097,0x488,DATA:77 19 92 116 166 0 0 208
2025-06-26 20:24:35.103,0x320,DATA:68 3 135 0 0 0 0 0
2025-06-26 20:24:35.111,0x280,DATA:41 0 0 0 0 0 0 0
2025-06-26 20:24:35.111,0x288,DATA:213 195 48 0 0 94 207 0
2025-06-26 20:24:35.120,0x280,DATA:41 0 0 0 0 0 0 0
2025-06-26 20:24:35.120,0x288,DATA:213 195 48 0 0 94 207 0
2025-06-26 20:24:35.120,0x380,DATA:0 135 0 0 128 0 0 16
2025-06-26 20:24:35.130,0x280,DATA:41 0 0 0 0 0 0 0
2025-06-26 20:24:35.130,0x288,DATA:213 195 48 0 0 94 207 0
2025-06-26 20:24:35.136,0x380,DATA:0 135 0 0 128 0 0 16
2025-06-26 20:24:35.142,0x320,DATA:68 3 135 0 0 0 0 0
2025-06-26 20:24:35.142,0x280,DATA:41 0 0 0 0 0 0 0
2025-06-26 20:24:35.144,0x280,DATA:41 0 0 0 0 0 0 0
2025-06-26 20:24:35.153,0x288,DATA:17 195 48 0 0 94 207 0
2025-06-26 20:24:35.158,0x380,DATA:0 135 0 0 128 0 0 16
2025-06-26 20:24:35.161,0x488,DATA:173 19 92 116 166 0 0 48
2025-06-26 20:24:35.161,0x320,DATA:68 3 135 0 0 0 0 0
2025-06-26 20:24:35.169,0x420,DATA:3 0 0 0 195 0 128 0
2025-06-26 20:24:35.169,0x470,DATA:0 0 0 0 2
2025-06-26 20:24:35.169,0x280,DATA:41 0 0 0 0 0 0 0
2025-06-26 20:24:35.179,0x288,DATA:81 195 48 0 0 94 207 0
2025-06-26 20:24:35.185,0x380,DATA:0 135 0 0 128 0 0 16
2025-06-26 20:24:35.185,0x280,DATA:41 0 0 0 0 0 0 0
2025-06-26 20:24:35.185,0x288,DATA:81 195 48 0 0 94 207 0
2025-06-26 20:24:35.197,0x380,DATA:0 135 0 0 128 0 0 16
2025-06-26 20:24:35.202,0x320,DATA:68 3 135 0 0 0 0 0
2025-06-26 20:24:35.202,0x280,DATA:41 0 0 0 0 0 0 0
2025-06-26 20:24:35.202,0x470,DATA:0 0 0 0 2
2025-06-26 20:24:35.211,0x280,DATA:41 0 0 0 0 0 0 0
2025-06-26 20:24:35.219,0x288,DATA:143 195 48 0 0 94 207 0
2025-06-26 20:24:35.219,0x320,DATA:68 3 135 0 0 0 0 0
2025-06-26 20:24:35.219,0x280,DATA:41 0 0 0 0 0 0 0
2025-06-26 20:24:35.229,0x288,DATA:143 195 48 0 0 94 207 0
2025-06-26 20:24:35.229,0x280,DATA:41 0 0 0 0 0 0 0
2025-06-26 20:24:35.236,0x288,DATA:143 195 48 0 0 94 207 0
2025-06-26 20:24:35.236,0x380,DATA:0 135 0 0 128 0 0 16
2025-06-26 20:24:35.244,0x280,DATA:41 0 0 0 0 0 0 0
2025-06-26 20:24:35.244,0x288,DATA:143 195 48 0 0 94 207 0
2025-06-26 20:24:35.255,0x380,DATA:0 135 0 0 128 0 0 16
2025-06-26 20:24:35.255,0x488,DATA:93 19 92 116 166 0 0 192
2025-06-26 20:24:35.263,0x320,DATA:68 3 135 0 0 0 0 0
2025-06-26 20:24:35.263,0x470,DATA:0 0 0 0 2
2025-06-26 20:24:35.268,0x280,DATA:41 0 0 0 0 0 0 0
2025-06-26 20:24:35.268,0x288,DATA:213 195 48 0 0 94 207 0
2025-06-26 20:24:35.268,0x380,DATA:0 135 0 0 128 0 0 16
2025-06-26 20:24:35.280,0x320,DATA:68 3 135 0 0 0 0 0
2025-06-26 20:24:35.286,0x280,DATA:41 0 0 0 0 0 0 0
2025-06-26 20:24:35.286,0x288,DATA:213 195 48 0 0 94 207 0
2025-06-26 20:24:35.289,0x280,DATA:41 0 0 0 0 0 0 0
2025-06-26 20:24:35.293,0x288,DATA:17 195 48 0 0 94 207 0
2025-06-26 20:24:35.302,0x380,DATA:0 135 0 0 128 0 0 16
2025-06-26 20:24:35.302,0x280,DATA:41 0 0 0 0 0 0 0
2025-06-26 20:24:35.314,0x288,DATA:17 195 48 0 0 94 207 0
2025-06-26 20:24:35.314,0x380,DATA:0 135 0 0 128 0 0 16
2025-06-26 20:24:35.319,0x288,DATA:17 195 48 0 0 94 207 0
2025-06-26 20:24:35.328,0x480,DATA:15 12 0 0 0 64 1 66
2025-06-26 20:24:35.328,0x320,DATA:68 3 136 0 0 0 0 0
2025-06-26 20:24:35.336,0x280,DATA:41 0 0 0 0 0 0 0
2025-06-26 20:24:35.338,0x288,DATA:81 195 48 0 0 94 207 0
2025-06-26 20:24:35.338,0x380,DATA:0 135 0 0 128 0 0 16
2025-06-26 20:24:35.345,0x320,DATA:68 3 136 0 0 0 0 0
2025-06-26 20:24:35.352,0x280,DATA:41 0 0 0 0 0 0 0
2025-06-26 20:24:35.352,0x288,DATA:81 195 48 0 0 94 207 0
2025-06-26 20:24:35.356,0x280,DATA:41 0 0 0 0 0 0 0
2025-06-26 20:24:35.360,0x288,DATA:81 195 48 0 0 94 207 0
2025-06-26 20:24:35.360,0x380,DATA:0 135 0 0 128 0 0 16
2025-06-26 20:24:35.369,0x420,DATA:3 0 0 0 195 0 128 0
2025-06-26 20:24:35.371,0x570,DATA:3 0 0 0
2025-06-26 20:24:35.379,0x280,DATA:41 0 0 0 0 0 0 0
2025-06-26 20:24:35.379,0x288,DATA:143 195 48 0 0 94 207 0
2025-06-26 20:24:35.385,0x380,DATA:0 135 0 0 128 0 0 16
2025-06-26 20:24:35.385,0x488,DATA:13 19 92 116 166 0 0 144
2025-06-26 20:24:35.385,0x280,DATA:41 0 0 0 0 0 0 0
2025-06-26 20:24:35.393,0x288,DATA:143 195 48 0 0 94 207 0
2025-06-26 20:24:35.403,0x380,DATA:0 135 0 0 128 0 0 16
2025-06-26 20:24:35.403,0x320,DATA:68 3 136 0 0 0 0 0
2025-06-26 20:24:35.405,0x280,DATA:41 0 0 0 0 0 0 0
2025-06-26 20:24:35.410,0x288,DATA:143 195 48 0 0 94 207 0
2025-06-26 20:24:35.410,0x470,DATA:0 0 0 0 2
2025-06-26 20:24:35.418,0x280,DATA:41 0 0 0 0 0 0 0
2025-06-26 20:24:35.429,0x288,DATA:213 195 48 0 0 94 207 0
2025-06-26 20:24:35.429,0x280,DATA:41 0 0 0 0 0 0 0
2025-06-26 20:24:35.435,0x288,DATA:213 195 48 0 0 94 207 0
2025-06-26 20:24:35.437,0x380,DATA:0 135 0 0 128 0 0 16
2025-06-26 20:24:35.444,0x280,DATA:41 0 0 0 0 0 0 0
2025-06-26 20:24:35.444,0x288,DATA:213 195 48 0 0 94 207 0
2025-06-26 20:24:35.452,0x488,DATA:109 19 92 116 166 0 0 240
2025-06-26 20:24:35.452,0x520,DATA:255 143 1 150 124 18 163 1
2025-06-26 20:24:35.460,0x280,DATA:41 0 0 0 0 0 0 0
2025-06-26 20:24:35.460,0x288,DATA:17 195 48 0 0 94 207 0
2025-06-26 20:24:35.469,0x320,DATA:68 3 136 0 0 0 0 0
2025-06-26 20:24:35.469,0x470,DATA:0 0 0 0 2
2025-06-26 20:24:35.474,0x570,DATA:3 0 0 0
2025-06-26 20:24:35.474,0x280,DATA:41 0 0 0 0 0 0 0
2025-06-26 20:24:35.485,0x288,DATA:17 195 48 0 0 94 207 0
2025-06-26 20:24:35.487,0x380,DATA:0 135 0 0 128 0 0 16
2025-06-26 20:24:35.493,0x320,DATA:68 3 136 0 0 0 0 0
2025-06-26 20:24:35.493,0x280,DATA:41 0 0 0 0 0 0 0
2025-06-26 20:24:35.501,0x288,DATA:17 195 48 0 0 94 207 0
2025-06-26 20:24:35.501,0x280,DATA:41 0 0 0 0 0 0 0
2025-06-26 20:24:35.501,0x288,DATA:81 195 48 0 0 94 207 0
2025-06-26 20:24:35.511,0x380,DATA:0 135 0 0 128 0 0 16
2025-06-26 20:24:35.511,0x470,DATA:0 0 0 0 2
2025-06-26 20:24:35.520,0x280,DATA:41 0 0 0 0 0 0 0
2025-06-26 20:24:35.524,0x320,DATA:68 3 136 0 0 0 0 0
2025-06-26 20:24:35.526,0x280,DATA:41 0 0 0 0 0 0 0
2025-06-26 20:24:35.530,0x288,DATA:81 195 48 0 0 94 207 0
2025-06-26 20:24:35.536,0x380,DATA:0 135 0 0 128 0 0 16
2025-06-26 20:24:35.536,0x280,DATA:41 0 0 0 0 0 0 0
2025-06-26 20:24:35.542,0x288,DATA:143 195 48 0 0 94 207 0
2025-06-26 20:24:35.553,0x380,DATA:0 135 0 0 128 0 0 16
2025-06-26 20:24:35.553,0x320,DATA:68 3 136 0 0 0 0 0
2025-06-26 20:24:35.559,0x280,DATA:41 0 0 0 0 0 0 0
2025-06-26 20:24:35.559,0x288,DATA:143 195 48 0 0 94 207 0
2025-06-26 20:24:35.567,0x280,DATA:41 0 0 0 0 0 0 0
2025-06-26 20:24:35.567,0x288,DATA:143 195 48 0 0 94 207 0
2025-06-26 20:24:35.575,0x288,DATA:143 195 48 0 0 94 207 0
2025-06-26 20:24:35.578,0x488,DATA:93 19 92 116 166 0 0 192
2025-06-26 20:24:35.578,0x280,DATA:41 0 0 0 0 0 0 0
2025-06-26 20:24:35.583,0x320,DATA:68 3 136 0 0 0 0 0
2025-06-26 20:24:35.583,0x280,DATA:41 0 0 0 0 0 0 0
2025-06-26 20:24:35.592,0x280,DATA:41 0 0 0 0 0 0 0
2025-06-26 20:24:35.592,0x288,DATA:213 195 48 0 0 94 207 0
2025-06-26 20:24:35.602,0x380,DATA:0 135 0 0 128 0 0 16
2025-06-26 20:24:35.602,0x280,DATA:41 0 0 0 0 0 0 0
2025-06-26 20:24:35.609,0x288,DATA:213 195 48 0 0 94 207 0
2025-06-26 20:24:35.609,0x380,DATA:0 135 0 0 128 0 0 16
2025-06-26 20:24:35.617,0x488,DATA:157 19 92 116 166 0 0 0
2025-06-26 20:24:35.625,0x280,DATA:41 0 0 0 0 0 0 0
2025-06-26 20:24:35.625,0x288,DATA:17 195 48 0 0 94 207 0
2025-06-26 20:24:35.625,0x380,DATA:0 135 0 0 128 0 0 16
2025-06-26 20:24:35.636,0x280,DATA:41 0 0 0 0 0 0 0
2025-06-26 20:24:35.636,0x288,DATA:17 195 48 0 0 94 207 0
2025-06-26 20:24:35.641,0x380,DATA:0 135 0 0 128 0 0 16
2025-06-26 20:24:35.641,0x320,DATA:68 3 136 0 0 0 0 0
2025-06-26 20:24:35.641,0x280,DATA:41 0 0 0 0 0 0 0
2025-06-26 20:24:35.650,0x288,DATA:17 195 48 0 0 94 207 0
2025-06-26 20:24:35.658,0x520,DATA:1 192 1 150 124 18 163 1
2025-06-26 20:24:35.661,0x280,DATA:41 0 0 0 0 0 0 0
2025-06-26 20:24:35.661,0x288,DATA:81 195 48 0 0 94 207 0
2025-06-26 20:24:35.669,0x470,DATA:0 0 0 0 2
2025-06-26 20:24:35.675,0x5D0,DATA:128 2 65 32 0 0
2025-06-26 20:24:35.675,0x280,DATA:41 0 0 0 0 0 0 0
2025-06-26 20:24:35.677,0x280,DATA:41 0 0 0 0 0 0 0
2025-06-26 20:24:35.685,0x288,DATA:81 195 48 0 0 94 207 0
2025-06-26 20:24:35.692,0x588,DATA:234 64 116 0 0 3 0 0
2025-06-26 20:24:35.692,0x280,DATA:41 0 0 0 0 0 0 0
2025-06-26 20:24:35.697,0x288,DATA:143 195 48 0 0 94 207 0
2025-06-26 20:24:35.700,0x320,DATA:68 3 136 0 0 0 0 0
2025-06-26 20:24:35.700,0x280,DATA:41 0 0 0 0 0 0 0
2025-06-26 20:24:35.708,0x288,DATA:143 195 48 0 0 94 207 0
2025-06-26 20:24:35.708,0x470,DATA:0 0 0 0 2
2025-06-26 20:24:35.713,0x280,DATA:41 0 0 0 0 0 0 0
2025-06-26 20:24:35.717,0x288,DATA:143 195 48 0 0 94 207 0
2025-06-26 20:24:35.725,0x320,DATA:68 3 136 0 0 0 0 0
2025-06-26 20:24:35.725,0x280,DATA:41 0 0 0 0 0 0 0
2025-06-26 20:24:35.735,0x288,DATA:143 195 48 0 0 94 207 0
2025-06-26 20:24:35.735,0x380,DATA:0 135 0 0 128 0 0 16
2025-06-26 20:24:35.742,0x280,DATA:41 0 0 0 0 0 0 0
2025-06-26 20:24:35.742,0x288,DATA:213 195 48 0 0 94 207 0
2025-06-26 20:24:35.753,0x488,DATA:125 19 92 116 166 0 0 224
2025-06-26 20:24:35.753,0x280,DATA:41 0 0 0 0 0 0 0
2025-06-26 20:24:35.758,0x320,DATA:68 3 136 0 0 0 0 0
2025-06-26 20:24:35.758,0x420,DATA:3 0 0 0 195 0 128 0
2025-06-26 20:24:35.758,0x470,DATA:0 0 0 0 2
2025-06-26 20:24:35.758,0x570,DATA:3 0 0 0
2025-06-26 20:24:35.767,0x280,DATA:41 0 0 0 0 0 0 0
2025-06-26 20:24:35.774,0x288,DATA:17 195 48 0 0 94 207 0
2025-06-26 20:24:35.782,0x380,DATA:0 135 0 0 128 0 0 16
2025-06-26 20:24:35.784,0x320,DATA:68 3 136 0 0 0 0 0
2025-06-26 20:24:35.790,0x280,DATA:41 0 0 0 0 0 0 0
2025-06-26 20:24:35.790,0x288,DATA:17 195 48 0 0 94 207 0
2025-06-26 20:24:35.796,0x380,DATA:0 135 0 0 128 0 0 16
2025-06-26 20:24:35.803,0x280,DATA:41 0 0 0 0 0 0 0
2025-06-26 20:24:35.806,0x280,DATA:41 0 0 0 0 0 0 0
2025-06-26 20:24:35.806,0x288,DATA:17 195 48 0 0 94 207 0
2025-06-26 20:24:35.806,0x380,DATA:0 135 0 0 128 0 0 16
2025-06-26 20:24:35.815,0x320,DATA:68 3 136 0 0 0 0 0
2025-06-26 20:24:35.815,0x280,DATA:41 0 0 0 0 0 0 0
2025-06-26 20:24:35.825,0x288,DATA:81 195 48 0 0 94 207 0
2025-06-26 20:24:35.831,0x280,DATA:41 0 0 0 0 0 0 0
2025-06-26 20:24:35.831,0x288,DATA:81 195 48 0 0 94 207 0
2025-06-26 20:24:35.839,0x380,DATA:0 135 0 0 128 0 0 16
2025-06-26 20:24:35.839,0x320,DATA:68 3 136 0 0 0 0 0
2025-06-26 20:24:35.848,0x280,DATA:41 0 0 0 0 0 0 0
2025-06-26 20:24:35.848,0x288,DATA:81 195 48 0 0 94 207 0
2025-06-26 20:24:35.856,0x520,DATA:6 0 1 150 124 18 163 1
2025-06-26 20:24:35.856,0x280,DATA:41 0 0 0 0 0 0 0
2025-06-26 20:24:35.864,0x288,DATA:143 195 48 0 0 94 207 0
2025-06-26 20:24:35.865,0x380,DATA:0 135 0 0 128 0 0 16
2025-06-26 20:24:35.865,0x280,DATA:41 0 0 0 0 0 0 0
2025-06-26 20:24:35.872,0x288,DATA:143 195 48 0 0 94 207 0
2025-06-26 20:24:35.880,0x488,DATA:45 19 92 116 166 0 0 176
2025-06-26 20:24:35.880,0x480,DATA:192 12 0 0 0 64 1 141
2025-06-26 20:24:35.880,0x320,DATA:68 3 136 0 0 0 0 0
2025-06-26 20:24:35.891,0x280,DATA:41 0 0 0 0 0 0 0
2025-06-26 20:24:35.891,0x288,DATA:213 195 48 0 0 94 207 0
2025-06-26 20:24:35.897,0x380,DATA:0 135 0 0 128 0 0 16
2025-06-26 20:24:35.897,0x320,DATA:68 3 136 0 0 0 0 0
2025-06-26 20:24:35.905,0x280,DATA:41 0 0 0 0 0 0 0
2025-06-26 20:24:35.913,0x288,DATA:213 195 48 0 0 94 207 0
2025-06-26 20:24:35.913,0x380,DATA:0 135 0 0 128 0 0 16
2025-06-26 20:24:35.920,0x470,DATA:0 0 0 0 2
2025-06-26 20:24:35.924,0x280,DATA:41 0 0 0 0 0 0 0
2025-06-26 20:24:35.930,0x280,DATA:41 0 0 0 0 0 0 0
2025-06-26 20:24:35.930,0x288,DATA:213 195 48 0 0 94 207 0
2025-06-26 20:24:35.932,0x380,DATA:0 135 0 0 128 0 0 16
2025-06-26 20:24:35.939,0x488,DATA:157 19 92 116 166 0 0 0
2025-06-26 20:24:35.939,0x488,DATA:141 19 92 116 166 0 0 16
2025-06-26 20:24:35.946,0x320,DATA:68 3 136 0 0 0 0 0
2025-06-26 20:24:35.946,0x280,DATA:41 0 0 0 0 0 0 0
2025-06-26 20:24:35.946,0x288,DATA:17 195 48 0 0 94 207 0
2025-06-26 20:24:35.964,0x380,DATA:0 135 0 0 128 0 0 16
2025-06-26 20:24:35.965,0x320,DATA:68 3 136 0 0 0 0 0
2025-06-26 20:24:35.965,0x420,DATA:3 0 0 0 195 0 128 0
2025-06-26 20:24:35.975,0x470,DATA:0 0 0 0 2
2025-06-26 20:24:35.976,0x570,DATA:3 0 0 0
2025-06-26 20:24:35.980,0x280,DATA:41 0 0 0 0 0 0 0
2025-06-26 20:24:35.986,0x288,DATA:81 195 48 0 0 94 207 0
2025-06-26 20:24:35.987,0x280,DATA:41 0 0 0 0 0 0 0
2025-06-26 20:24:35.993,0x288,DATA:81 195 48 0 0 94 207 0
2025-06-26 20:24:35.995,0x380,DATA:0 135 0 0 128 0 0 16
2025-06-26 20:24:36.000,0x280,DATA:41 0 0 0 0 0 0 0
2025-06-26 20:24:36.003,0x488,DATA:237 19 92 116 166 0 0 112
2025-06-26 20:24:36.008,0x320,DATA:68 3 136 0 0 0 0 0
2025-06-26 20:24:36.011,0x470,DATA:0 0 0 0 2
2025-06-26 20:24:36.019,0x280,DATA:41 0 0 0 0 0 0 0
2025-06-26 20:24:36.020,0x288,DATA:143 195 48 0 0 94 207 0
2025-06-26 20:24:36.023,0x320,DATA:68 3 136 0 0 0 0 0
2025-06-26 20:24:36.030,0x280,DATA:41 0 0 0 0 0 0 0
2025-06-26 20:24:36.030,0x288,DATA:143 195 48 0 0 94 207 0
2025-06-26 20:24:36.036,0x380,DATA:0 135 0 0 128 0 0 16
2025-06-26 20:24:36.036,0x280,DATA:41 0 0 0 0 0 0 0
2025-06-26 20:24:36.047,0x288,DATA:143 195 48 0 0 94 207 0
2025-06-26 20:24:36.053,0x280,DATA:41 0 0 0 0 0 0 0
2025-06-26 20:24:36.053,0x288,DATA:143 195 48 0 0 94 207 0
2025-06-26 20:24:36.053,0x380,DATA:0 135 0 0 128 0 0 16
2025-06-26 20:24:36.061,0x280,DATA:41 0 0 0 0 0 0 0
2025-06-26 20:24:36.061,0x288,DATA:213 195 48 0 0 94 207 0
2025-06-26 20:24:36.069,0x488,DATA:77 19 92 116 166 0 0 208
2025-06-26 20:24:36.073,0x280,DATA:41 0 0 0 0 0 0 0
2025-06-26 20:24:36.073,0x288,DATA:213 195 48 0 0 94 207 0
2025-06-26 20:24:36.077,0x380,DATA:0 135 0 0 128 0 0 16
2025-06-26 20:24:36.086,0x320,DATA:68 3 136 0 0 0 0 0
2025-06-26 20:24:36.090,0x280,DATA:41 0 0 0 0 0 0 0
2025-06-26 20:24:36.094,0x288,DATA:213 195 48 0 0 94 207 0
2025-06-26 20:24:36.094,0x280,DATA:41 0 0 0 0 0 0 0
2025-06-26 20:24:36.102,0x288,DATA:17 195 48 0 0 94 207 0
2025-06-26 20:24:36.102,0x380,DATA:0 135 0 0 128 0 0 16
2025-06-26 20:24:36.114,0x280,DATA:41 0 0 0 0 0 0 0
2025-06-26 20:24:36.114,0x288,DATA:17 195 48 0 0 94 207 0
2025-06-26 20:24:36.119,0x280,DATA:41 0 0 0 0 0 0 0
2025-06-26 20:24:36.119,0x288,DATA:17 195 48 0 0 94 207 0
2025-06-26 20:24:36.119,0x488,DATA:173 19 92 116 166 0 0 48
2025-06-26 20:24:36.129,0x280,DATA:41 0 0 0 0 0 0 0
2025-06-26 20:24:36.136,0x288,DATA:81 195 48 0 0 94 207 0
2025-06-26 20:24:36.137,0x380,DATA:0 135 0 0 128 0 0 16
2025-06-26 20:24:36.142,0x488,DATA:205 19 92 116 166 0 0 80
2025-06-26 20:24:36.146,0x320,DATA:68 3 136 0 0 0 0 0
2025-06-26 20:24:36.148,0x280,DATA:41 0 0 0 0 0 0 0
2025-06-26 20:24:36.152,0x288,DATA:81 195 48 0 0 94 207 0
2025-06-26 20:24:36.152,0x280,DATA:41 0 0 0 0 0 0 0
2025-06-26 20:24:36.161,0x288,DATA:81 195 48 0 0 94 207 0
2025-06-26 20:24:36.168,0x320,DATA:68 3 136 0 0 0 0 0
2025-06-26 20:24:36.168,0x420,DATA:3 0 0 0 195 0 128 0
2025-06-26 20:24:36.168,0x470,DATA:0 0 0 0 2
2025-06-26 20:24:36.177,0x280,DATA:41 0 0 0 0 0 0 0
2025-06-26 20:24:36.178,0x288,DATA:143 195 48 0 0 94 207 0
2025-06-26 20:24:36.185,0x380,DATA:0 135 0 0 128 0 0 16
2025-06-26 20:24:36.185,0x380,DATA:0 135 0 0 128 0 0 16
2025-06-26 20:24:36.185,0x588,DATA:234 64 116 0 0 3 0 0
2025-06-26 20:24:36.193,0x280,DATA:41 0 0 0 0 0 0 0
2025-06-26 20:24:36.202,0x320,DATA:68 3 136 0 0 0 0 0
2025-06-26 20:24:36.202,0x280,DATA:41 0 0 0 0 0 0 0
2025-06-26 20:24:36.213,0x288,DATA:143 195 48 0 0 94 207 0
2025-06-26 20:24:36.213,0x380,DATA:0 135 0 0 128 0 0 16
2025-06-26 20:24:36.219,0x470,DATA:0 0 0 0 2
2025-06-26 20:24:36.219,0x280,DATA:41 0 0 0 0 0 0 0
2025-06-26 20:24:36.219,0x280,DATA:41 0 0 0 0 0 0 0
2025-06-26 20:24:36.229,0x288,DATA:213 195 48 0 0 94 207 0
2025-06-26 20:24:36.229,0x380,DATA:0 135 0 0 128 0 0 16
2025-06-26 20:24:36.235,0x280,DATA:41 0 0 0 0 0 0 0
2025-06-26 20:24:36.235,0x288,DATA:213 195 48 0 0 94 207 0
2025-06-26 20:24:36.235,0x380,DATA:0 135 0 0 128 0 0 16
2025-06-26 20:24:36.243,0x588,DATA:234 64 116 0 0 3 0 0
2025-06-26 20:24:36.252,0x520,DATA:255 143 1 150 124 18 163 1
2025-06-26 20:24:36.253,0x280,DATA:41 0 0 0 0 0 0 0
2025-06-26 20:24:36.264,0x320,DATA:68 3 136 0 0 0 0 0
2025-06-26 20:24:36.268,0x470,DATA:0 0 0 0 2
2025-06-26 20:24:36.271,0x570,DATA:3 0 0 0
2025-06-26 20:24:36.275,0x280,DATA:41 0 0 0 0 0 0 0
2025-06-26 20:24:36.281,0x288,DATA:17 195 48 0 0 94 207 0
2025-06-26 20:24:36.286,0x380,DATA:0 135 0 0 128 0 0 16
2025-06-26 20:24:36.286,0x320,DATA:68 3 136 0 0 0 0 0
2025-06-26 20:24:36.291,0x280,DATA:41 0 0 0 0 0 0 0
2025-06-26 20:24:36.296,0x288,DATA:17 195 48 0 0 94 207 0
2025-06-26 20:24:36.298,0x280,DATA:41 0 0 0 0 0 0 0
2025-06-26 20:24:36.301,0x288,DATA:81 195 48 0 0 94 207 0
2025-06-26 20:24:36.303,0x280,DATA:41 0 0 0 0 0 0 0
2025-06-26 20:24:36.308,0x288,DATA:81 195 48 0 0 94 207 0
2025-06-26 20:24:36.308,0x488,DATA:253 19 92 116 166 0 0 96
2025-06-26 20:24:36.316,0x320,DATA:68 3 136 0 0 0 0 0
2025-06-26 20:24:36.324,0x280,DATA:41 0 0 0 0 0 0 0
2025-06-26 20:24:36.326,0x288,DATA:81 195 48 0 0 94 207 0
2025-06-26 20:24:36.333,0x380,DATA:0 135 0 0 128 0 0 16
2025-06-26 20:24:36.333,0x280,DATA:41 0 0 0 0 0 0 0
2025-06-26 20:24:36.340,0x288,DATA:143 195 48 0 0 94 207 0
2025-06-26 20:24:36.340,0x380,DATA:0 135 0 0 128 0 0 16
2025-06-26 20:24:36.340,0x320,DATA:68 3 136 0 0 0 0 0
2025-06-26 20:24:36.349,0x280,DATA:41 0 0 0 0 0 0 0
2025-06-26 20:24:36.357,0x280,DATA:41 0 0 0 0 0 0 0
2025-06-26 20:24:36.357,0x288,DATA:143 195 48 0 0 94 207 0
2025-06-26 20:24:36.357,0x380,DATA:0 135 0 0 128 0 0 16
2025-06-26 20:24:36.366,0x280,DATA:41 0 0 0 0 0 0 0
2025-06-26 20:24:36.375,0x288,DATA:143 195 48 0 0 94 207 0
2025-06-26 20:24:36.377,0x380,DATA:0 135 0 0 128 0 0 16
2025-06-26 20:24:36.382,0x320,DATA:68 3 136 0 0 0 0 0
2025-06-26 20:24:36.382,0x280,DATA:41 0 0 0 0 0 0 0
2025-06-26 20:24:36.390,0x288,DATA:213 195 48 0 0 94 207 0
2025-06-26 20:24:36.390,0x280,DATA:41 0 0 0 0 0 0 0
2025-06-26 20:24:36.390,0x288,DATA:213 195 48 0 0 94 207 0
2025-06-26 20:24:36.398,0x380,DATA:0 135 0 0 128 0 0 16
2025-06-26 20:24:36.398,0x320,DATA:68 3 136 0 0 0 0 0
2025-06-26 20:24:36.407,0x280,DATA:41 0 0 0 0 0 0 0
2025-06-26 20:24:36.407,0x288,DATA:213 195 48 0 0 94 207 0
2025-06-26 20:24:36.415,0x470,DATA:0 0 0 0 2
2025-06-26 20:24:36.415,0x280,DATA:41 0 0 0 0 0 0 0
2025-06-26 20:24:36.425,0x288,DATA:17 195 48 0 0 94 207 0
2025-06-26 20:24:36.431,0x280,DATA:41 0 0 0 0 0 0 0
2025-06-26 20:24:36.431,0x288,DATA:17 195 48 0 0 94 207 0
2025-06-26 20:24:36.439,0x380,DATA:0 135 0 0 128 0 0 16
2025-06-26 20:24:36.439,0x488,DATA:173 19 92 116 166 0 0 48
2025-06-26 20:24:36.447,0x320,DATA:68 3 136 0 0 0 0 0
2025-06-26 20:24:36.452,0x280,DATA:41 0 0 0 0 0 0 0
2025-06-26 20:24:36.453,0x288,DATA:17 195 48 0 0 94 207 0
2025-06-26 20:24:36.458,0x520,DATA:1 192 1 150 124 18 163 1
2025-06-26 20:24:36.463,0x280,DATA:41 0 0 0 0 0 0 0
2025-06-26 20:24:36.465,0x320,DATA:68 3 136 0 0 0 0 0
2025-06-26 20:24:36.470,0x470,DATA:0 0 0 0 2
2025-06-26 20:24:36.475,0x570,DATA:3 0 0 0
2025-06-26 20:24:36.475,0x280,DATA:41 0 0 0 0 0 0 0
2025-06-26 20:24:36.481,0x288,DATA:81 195 48 0 0 94 207 0
2025-06-26 20:24:36.486,0x380,DATA:0 135 0 0 128 0 0 16
2025-06-26 20:24:36.487,0x280,DATA:41 0 0 0 0 0 0 0
2025-06-26 20:24:36.492,0x288,DATA:81 195 48 0 0 94 207 0
2025-06-26 20:24:36.498,0x380,DATA:0 135 0 0 128 0 0 16
2025-06-26 20:24:36.502,0x280,DATA:41 0 0 0 0 0 0 0
2025-06-26 20:24:36.502,0x380,DATA:0 135 0 0 128 0 0 16
2025-06-26 20:24:36.502,0x480,DATA:192 12 0 0 0 64 1 141
2025-06-26 20:24:36.511,0x320,DATA:68 3 136 0 0 0 0 0
2025-06-26 20:24:36.511,0x470,DATA:0 0 0 0 2
2025-06-26 20:24:36.524,0x320,DATA:68 3 136 0 0 0 0 0
2025-06-26 20:24:36.526,0x280,DATA:41 0 0 0 0 0 0 0
2025-06-26 20:24:36.530,0x288,DATA:143 195 48 0 0 94 207 0
2025-06-26 20:24:36.535,0x380,DATA:0 135 0 0 128 0 0 16
2025-06-26 20:24:36.536,0x280,DATA:41 0 0 0 0 0 0 0
2025-06-26 20:24:36.541,0x288,DATA:213 195 48 0 0 94 207 0
2025-06-26 20:24:36.550,0x380,DATA:0 135 0 0 128 0 0 16
2025-06-26 20:24:36.550,0x280,DATA:41 0 0 0 0 0 0 0
2025-06-26 20:24:36.559,0x288,DATA:213 195 48 0 0 94 207 0
2025-06-26 20:24:36.563,0x380,DATA:0 135 0 0 128 0 0 16
2025-06-26 20:24:36.564,0x380,DATA:0 135 0 0 128 0 0 16
2025-06-26 20:24:36.570,0x480,DATA:192 12 0 0 0 64 1 141
2025-06-26 20:24:36.575,0x320,DATA:68 3 136 0 0 0 0 0
2025-06-26 20:24:36.575,0x280,DATA:41 0 0 0 0 0 0 0
2025-06-26 20:24:36.581,0x288,DATA:17 195 48 0 0 94 207 0
2025-06-26 20:24:36.586,0x380,DATA:0 135 0 0 128 0 0 16
2025-06-26 20:24:36.587,0x320,DATA:68 3 136 0 0 0 0 0
2025-06-26 20:24:36.589,0x280,DATA:41 0 0 0 0 0 0 0
2025-06-26 20:24:36.597,0x280,DATA:41 0 0 0 0 0 0 0
2025-06-26 20:24:36.602,0x288,DATA:17 195 48 0 0 94 207 0
2025-06-26 20:24:36.603,0x380,DATA:0 135 0 0 128 0 0 16
2025-06-26 20:24:36.608,0x488,DATA:173 19 92 116 166 0 0 48
2025-06-26 20:24:36.613,0x488,DATA:221 19 92 116 166 0 0 64
2025-06-26 20:24:36.614,0x470,DATA:0 0 0 0 2
2025-06-26 20:24:36.619,0x320,DATA:68 3 136 0 0 0 0 0
2025-06-26 20:24:36.620,0x280,DATA:41 0 0 0 0 0 0 0
2025-06-26 20:24:36.623,0x288,DATA:81 195 48 0 0 94 207 0
2025-06-26 20:24:36.629,0x380,DATA:0 135 0 0 128 0 0 16
2025-06-26 20:24:36.629,0x280,DATA:41 0 0 0 0 0 0 0
2025-06-26 20:24:36.639,0x288,DATA:81 195 48 0 0 94 207 0
2025-06-26 20:24:36.639,0x320,DATA:68 3 136 0 0 0 0 0
2025-06-26 20:24:36.647,0x280,DATA:41 0 0 0 0 0 0 0
2025-06-26 20:24:36.652,0x288,DATA:81 195 48 0 0 94 207 0
2025-06-26 20:24:36.653,0x280,DATA:41 0 0 0 0 0 0 0
2025-06-26 20:24:36.659,0x288,DATA:143 195 48 0 0 94 207 0
2025-06-26 20:24:36.669,0x380,DATA:0 135 0 0 128 0 0 16
2025-06-26 20:24:36.669,0x488,DATA:13 19 92 116 166 0 0 144
2025-06-26 20:24:36.669,0x288,DATA:143 195 48 0 0 94 207 0
2025-06-26 20:24:36.679,0x488,DATA:61 19 92 116 166 0 0 160
2025-06-26 20:24:36.685,0x588,DATA:234 64 116 0 0 3 0 0
2025-06-26 20:24:36.687,0x320,DATA:68 3 136 0 0 0 0 0
2025-06-26 20:24:36.691,0x280,DATA:41 0 0 0 0 0 0 0
2025-06-26 20:24:36.693,0x280,DATA:41 0 0 0 0 0 0 0
2025-06-26 20:24:36.696,0x288,DATA:213 195 48 0 0 94 207 0
2025-06-26 20:24:36.700,0x380,DATA:0 135 0 0 128 0 0 16
2025-06-26 20:24:36.700,0x320,DATA:68 3 136 0 0 0 0 0
2025-06-26 20:24:36.710,0x280,DATA:41 0 0 0 0 0 0 0
2025-06-26 20:24:36.710,0x288,DATA:213 195 48 0 0 94 207 0
2025-06-26 20:24:36.717,0x470,DATA:0 0 0 0 2
2025-06-26 20:24:36.717,0x280,DATA:41 0 0 0 0 0 0 0
2025-06-26 20:24:36.717,0x288,DATA:213 195 48 0 0 94 207 0
2025-06-26 20:24:36.727,0x280,DATA:41 0 0 0 0 0 0 0
2025-06-26 20:24:36.727,0x288,DATA:213 195 48 0 0 94 207 0
2025-06-26 20:24:36.736,0x380,DATA:0 135 0 0 128 0 0 16
2025-06-26 20:24:36.742,0x280,DATA:41 0 0 0 0 0 0 0
2025-06-26 20:24:36.742,0x320,DATA:68 3 136 0 0 0 0 0
2025-06-26 20:24:36.742,0x280,DATA:41 0 0 0 0 0 0 0
2025-06-26 20:24:36.750,0x288,DATA:17 195 48 0 0 94 207 0
2025-06-26 20:24:36.758,0x280,DATA:41 0 0 0 0 0 0 0
2025-06-26 20:24:36.758,0x288,DATA:17 195 48 0 0 94 207 0
2025-06-26 20:24:36.761,0x320,DATA:68 3 136 0 0 0 0 0
2025-06-26 20:24:36.766,0x420,DATA:3 0 0 0 195 0 128 0
2025-06-26 20:24:36.766,0x470,DATA:0 0 0 0 2
2025-06-26 20:24:36.775,0x570,DATA:3 0 0 0
2025-06-26 20:24:36.775,0x280,DATA:41 0 0 0 0 0 0 0
2025-06-26 20:24:36.786,0x288,DATA:81 195 48 0 0 94 207 0
2025-06-26 20:24:36.791,0x280,DATA:41 0 0 0 0 0 0 0
2025-06-26 20:24:36.792,0x288,DATA:81 195 48 0 0 94 207 0
2025-06-26 20:24:36.792,0x380,DATA:0 135 0 0 128 0 0 16
2025-06-26 20:24:36.798,0x588,DATA:234 64 116 0 0 3 0 0
2025-06-26 20:24:36.798,0x320,DATA:68 3 136 0 0 0 0 0
2025-06-26 20:24:36.806,0x470,DATA:0 0 0 0 2
2025-06-26 20:24:36.806,0x280,DATA:41 0 0 0 0 0 0 0
2025-06-26 20:24:36.806,0x288,DATA:143 195 48 0 0 94 207 0
2025-06-26 20:24:36.815,0x320,DATA:68 3 136 0 0 0 0 0
2025-06-26 20:24:36.815,0x280,DATA:41 0 0 0 0 0 0 0
2025-06-26 20:24:36.825,0x288,DATA:143 195 48 0 0 94 207 0
2025-06-26 20:24:36.831,0x380,DATA:0 135 0 0 128 0 0 16
2025-06-26 20:24:36.833,0x280,DATA:41 0 0 0 0 0 0 0
2025-06-26 20:24:36.839,0x288,DATA:143 195 48 0 0 94 207 0
2025-06-26 20:24:36.839,0x380,DATA:0 135 0 0 128 0 0 16
2025-06-26 20:24:36.858,0x280,DATA:41 0 0 0 0 0 0 0
2025-06-26 20:24:36.858,0x288,DATA:143 195 48 0 0 94 207 0
2025-06-26 20:24:36.864,0x380,DATA:0 135 0 0 128 0 0 16
2025-06-26 20:24:36.864,0x488,DATA:77 19 92 116 166 0 0 208
2025-06-26 20:24:36.864,0x320,DATA:68 3 136 0 0 0 0 0
2025-06-26 20:24:36.872,0x280,DATA:41 0 0 0 0 0 0 0
2025-06-26 20:24:36.880,0x288,DATA:213 195 48 0 0 94 207 0
2025-06-26 20:24:36.880,0x380,DATA:0 135 0 0 128 0 0 16
2025-06-26 20:24:36.886,0x488,DATA:109 19 92 116 166 0 0 240
2025-06-26 20:24:36.889,0x320,DATA:68 3 136 0 0 0 0 0
2025-06-26 20:24:36.889,0x280,DATA:41 0 0 0 0 0 0 0
2025-06-26 20:24:36.897,0x288,DATA:213 195 48 0 0 94 207 0
2025-06-26 20:24:36.897,0x280,DATA:41 0 0 0 0 0 0 0
2025-06-26 20:24:36.907,0x288,DATA:17 195 48 0 0 94 207 0
2025-06-26 20:24:36.914,0x380,DATA:0 135 0 0 128 0 0 16
2025-06-26 20:24:36.914,0x280,DATA:41 0 0 0 0 0 0 0
2025-06-26 20:24:36.914,0x288,DATA:17 195 48 0 0 94 207 0
2025-06-26 20:24:36.922,0x380,DATA:0 135 0 0 128 0 0 16
2025-06-26 20:24:36.930,0x380,DATA:0 135 0 0 128 0 0 16
2025-06-26 20:24:36.931,0x280,DATA:41 0 0 0 0 0 0 0
2025-06-26 20:24:36.935,0x288,DATA:81 195 48 0 0 94 207 0
2025-06-26 20:24:36.939,0x380,DATA:0 135 0 0 128 0 0 16
2025-06-26 20:24:36.939,0x320,DATA:68 3 136 0 0 0 0 0
2025-06-26 20:24:36.947,0x280,DATA:41 0 0 0 0 0 0 0
2025-06-26 20:24:36.947,0x288,DATA:81 195 48 0 0 94 207 0
2025-06-26 20:24:36.956,0x380,DATA:0 135 0 0 128 0 0 16
2025-06-26 20:24:36.956,0x280,DATA:41 0 0 0 0 0 0 0
2025-06-26 20:24:36.964,0x288,DATA:81 195 48 0 0 94 207 0
2025-06-26 20:24:36.969,0x380,DATA:0 135 0 0 128 0 0 16
2025-06-26 20:24:36.975,0x320,DATA:68 3 136 0 0 0 0 0
2025-06-26 20:24:36.976,0x470,DATA:0 0 0 0 2
2025-06-26 20:24:36.980,0x280,DATA:41 0 0 0 0 0 0 0
2025-06-26 20:24:36.981,0x288,DATA:143 195 48 0 0 94 207 0
2025-06-26 20:24:36.987,0x380,DATA:0 135 0 0 128 0 0 16
2025-06-26 20:24:36.987,0x488,DATA:13 19 92 116 166 0 0 144
2025-06-26 20:24:36.995,0x280,DATA:41 0 0 0 0 0 0 0
2025-06-26 20:24:36.995,0x288,DATA:143 195 48 0 0 94 207 0
2025-06-26 20:24:37.004,0x380,DATA:0 135 0 0 128 0 0 16
2025-06-26 20:24:37.004,0x320,DATA:68 3 136 0 0 0 0 0
2025-06-26 20:24:37.004,0x280,DATA:41 0 0 0 0 0 0 0
2025-06-26 20:24:37.013,0x288,DATA:143 195 48 0 0 94 207 0
2025-06-26 20:24:37.024,0x470,DATA:0 0 0 0 2
2025-06-26 20:24:37.026,0x280,DATA:41 0 0 0 0 0 0 0
2025-06-26 20:24:37.031,0x288,DATA:213 195 48 0 0 94 207 0
2025-06-26 20:24:37.035,0x320,DATA:68 3 136 0 0 0 0 0
2025-06-26 20:24:37.036,0x280,DATA:41 0 0 0 0 0 0 0
2025-06-26 20:24:37.044,0x288,DATA:213 195 48 0 0 94 207 0
2025-06-26 20:24:37.048,0x380,DATA:0 135 0 0 128 0 0 16
2025-06-26 20:24:37.052,0x280,DATA:41 0 0 0 0 0 0 0
2025-06-26 20:24:37.057,0x288,DATA:213 195 48 0 0 94 207 0
2025-06-26 20:24:37.057,0x488,DATA:157 19 92 116 166 0 0 0
2025-06-26 20:24:37.064,0x520,DATA:255 143 1 150 124 18 163 1
2025-06-26 20:24:37.068,0x280,DATA:41 0 0 0 0 0 0 0
2025-06-26 20:24:37.068,0x320,DATA:68 3 136 0 0 0 0 0
2025-06-26 20:24:37.076,0x470,DATA:0 0 0 0 2
2025-06-26 20:24:37.078,0x570,DATA:3 0 0 0
2025-06-26 20:24:37.078,0x280,DATA:41 0 0 0 0 0 0 0
2025-06-26 20:24:37.086,0x288,DATA:17 195 48 0 0 94 207 0
2025-06-26 20:24:37.088,0x380,DATA:0 135 0 0 128 0 0 16
2025-06-26 20:24:37.097,0x488,DATA:173 19 92 116 166 0 0 48
2025-06-26 20:24:37.100,0x320,DATA:68 3 136 0 0 0 0 0
2025-06-26 20:24:37.100,0x280,DATA:41 0 0 0 0 0 0 0
2025-06-26 20:24:37.100,0x280,DATA:41 0 0 0 0 0 0 0
2025-06-26 20:24:37.113,0x288,DATA:81 195 48 0 0 94 207 0
2025-06-26 20:24:37.117,0x470,DATA:0 0 0 0 2
2025-06-26 20:24:37.117,0x280,DATA:41 0 0 0 0 0 0 0
2025-06-26 20:24:37.125,0x320,DATA:68 3 136 0 0 0 0 0
2025-06-26 20:24:37.125,0x280,DATA:41 0 0 0 0 0 0 0
2025-06-26 20:24:37.129,0x288,DATA:81 195 48 0 0 94 207 0
2025-06-26 20:24:37.136,0x280,DATA:41 0 0 0 0 0 0 0
2025-06-26 20:24:37.141,0x288,DATA:143 195 48 0 0 94 207 0
2025-06-26 20:24:37.141,0x380,DATA:0 135 0 0 128 0 0 16
2025-06-26 20:24:37.141,0x488,DATA:13 19 92 116 166 0 0 144
2025-06-26 20:24:37.150,0x320,DATA:68 3 136 0 0 0 0 0
2025-06-26 20:24:37.158,0x280,DATA:41 0 0 0 0 0 0 0
2025-06-26 20:24:37.161,0x288,DATA:143 195 48 0 0 94 207 0
2025-06-26 20:24:37.161,0x280,DATA:41 0 0 0 0 0 0 0
2025-06-26 20:24:37.169,0x288,DATA:143 195 48 0 0 94 207 0
2025-06-26 20:24:37.174,0x288,DATA:143 195 48 0 0 94 207 0
2025-06-26 20:24:37.174,0x488,DATA:93 19 92 116 166 0 0 192
2025-06-26 20:24:37.185,0x280,DATA:41 0 0 0 0 0 0 0
2025-06-26 20:24:37.185,0x320,DATA:68 3 136 0 0 0 0 0
2025-06-26 20:24:37.192,0x280,DATA:41 0 0 0 0 0 0 0
2025-06-26 20:24:37.197,0x288,DATA:213 195 48 0 0 94 207 0
2025-06-26 20:24:37.197,0x280,DATA:41 0 0 0 0 0 0 0
2025-06-26 20:24:37.200,0x288,DATA:213 195 48 0 0 94 207 0
2025-06-26 20:24:37.210,0x380,DATA:0 135 0 0 128 0 0 16
2025-06-26 20:24:37.210,0x320,DATA:68 3 136 0 0 0 0 0
2025-06-26 20:24:37.214,0x280,DATA:41 0 0 0 0 0 0 0
2025-06-26 20:24:37.214,0x470,DATA:0 0 0 0 2
2025-06-26 20:24:37.216,0x280,DATA:41 0 0 0 0 0 0 0
2025-06-26 20:24:37.225,0x288,DATA:17 195 48 0 0 94 207 0
2025-06-26 20:24:37.225,0x380,DATA:0 135 0 0 128 0 0 16
2025-06-26 20:24:37.235,0x280,DATA:41 0 0 0 0 0 0 0
2025-06-26 20:24:37.235,0x288,DATA:17 195 48 0 0 94 207 0
2025-06-26 20:24:37.241,0x320,DATA:68 3 136 0 0 0 0 0
2025-06-26 20:24:37.241,0x280,DATA:41 0 0 0 0 0 0 0
2025-06-26 20:24:37.241,0x288,DATA:17 195 48 0 0 94 207 0
2025-06-26 20:24:37.252,0x380,DATA:0 135 0 0 128 0 0 16
2025-06-26 20:24:37.258,0x520,DATA:1 192 1 150 124 18 163 1
2025-06-26 20:24:37.258,0x280,DATA:41 0 0 0 0 0 0 0
2025-06-26 20:24:37.268,0x288,DATA:81 195 48 0 0 94 207 0
2025-06-26 20:24:37.274,0x320,DATA:68 3 136 0 0 0 0 0
2025-06-26 20:24:37.275,0x470,DATA:0 0 0 0 2
2025-06-26 20:24:37.280,0x570,DATA:3 0 0 0
2025-06-26 20:24:37.281,0x280,DATA:41 0 0 0 0 0 0 0
2025-06-26 20:24:37.286,0x288,DATA:81 195 48 0 0 94 207 0
2025-06-26 20:24:37.291,0x280,DATA:41 0 0 0 0 0 0 0
2025-06-26 20:24:37.291,0x288,DATA:81 195 48 0 0 94 207 0
2025-06-26 20:24:37.291,0x380,DATA:0 135 0 0 128 0 0 16
2025-06-26 20:24:37.299,0x480,DATA:89 12 0 0 0 64 1 20
2025-06-26 20:24:37.307,0x320,DATA:68 3 136 0 0 0 0 0
2025-06-26 20:24:37.307,0x470,DATA:0 0 0 0 2
2025-06-26 20:24:37.307,0x280,DATA:41 0 0 0 0 0 0 0
2025-06-26 20:24:37.315,0x288,DATA:143 195 48 0 0 94 207 0
2025-06-26 20:24:37.324,0x380,DATA:0 135 0 0 128 0 0 16
2025-06-26 20:24:37.324,0x320,DATA:68 3 136 0 0 0 0 0
2025-06-26 20:24:37.324,0x280,DATA:41 0 0 0 0 0 0 0
2025-06-26 20:24:37.334,0x280,DATA:41 0 0 0 0 0 0 0
2025-06-26 20:24:37.334,0x288,DATA:213 195 48 0 0 94 207 0
2025-06-26 20:24:37.339,0x380,DATA:0 135 0 0 128 0 0 16
2025-06-26 20:24:37.339,0x488,DATA:77 19 92 116 166 0 0 208
2025-06-26 20:24:37.348,0x280,DATA:41 0 0 0 0 0 0 0
2025-06-26 20:24:37.358,0x288,DATA:213 195 48 0 0 94 207 0
2025-06-26 20:24:37.362,0x280,DATA:41 0 0 0 0 0 0 0
2025-06-26 20:24:37.366,0x380,DATA:0 135 0 0 128 0 0 16
2025-06-26 20:24:37.374,0x480,DATA:89 12 0 0 0 64 1 20
2025-06-26 20:24:37.376,0x320,DATA:68 3 136 0 0 0 0 0
2025-06-26 20:24:37.376,0x280,DATA:41 0 0 0 0 0 0 0
2025-06-26 20:24:37.384,0x288,DATA:17 195 48 0 0 94 207 0
2025-06-26 20:24:37.391,0x320,DATA:68 3 136 0 0 0 0 0
2025-06-26 20:24:37.391,0x280,DATA:41 0 0 0 0 0 0 0
2025-06-26 20:24:37.391,0x288,DATA:17 195 48 0 0 94 207 0
2025-06-26 20:24:37.399,0x280,DATA:41 0 0 0 0 0 0 0
2025-06-26 20:24:37.407,0x288,DATA:17 195 48 0 0 94 207 0
2025-06-26 20:24:37.407,0x380,DATA:0 135 0 0 128 0 0 16
2025-06-26 20:24:37.414,0x280,DATA:41 0 0 0 0 0 0 0
2025-06-26 20:24:37.415,0x288,DATA:17 195 48 0 0 94 207 0
2025-06-26 20:24:37.415,0x380,DATA:0 135 0 0 128 0 0 16
2025-06-26 20:24:37.424,0x280,DATA:41 0 0 0 0 0 0 0
2025-06-26 20:24:37.424,0x288,DATA:81 195 48 0 0 94 207 0
2025-06-26 20:24:37.424,0x380,DATA:0 135 0 0 128 0 0 16
2025-06-26 20:24:37.434,0x280,DATA:41 0 0 0 0 0 0 0
2025-06-26 20:24:37.441,0x288,DATA:81 195 48 0 0 94 207 0
2025-06-26 20:24:37.442,0x320,DATA:68 3 136 0 0 0 0 0
2025-06-26 20:24:37.442,0x280,DATA:41 0 0 0 0 0 0 0
2025-06-26 20:24:37.449,0x288,DATA:81 195 48 0 0 94 207 0
2025-06-26 20:24:37.458,0x520,DATA:6 0 1 150 124 18 163 1
2025-06-26 20:24:37.458,0x280,DATA:41 0 0 0 0 0 0 0
2025-06-26 20:24:37.463,0x288,DATA:143 195 48 0 0 94 207 0
2025-06-26 20:24:37.468,0x320,DATA:68 3 136 0 0 0 0 0
2025-06-26 20:24:37.468,0x470,DATA:0 0 0 0 2
2025-06-26 20:24:37.474,0x5D0,DATA:128 2 65 32 0 0
2025-06-26 20:24:37.478,0x280,DATA:41 0 0 0 0 0 0 0
2025-06-26 20:24:37.478,0x280,DATA:41 0 0 0 0 0 0 0
2025-06-26 20:24:37.482,0x288,DATA:143 195 48 0 0 94 207 0
2025-06-26 20:24:37.491,0x380,DATA:0 135 0 0 128 0 0 16
2025-06-26 20:24:37.497,0x280,DATA:41 0 0 0 0 0 0 0
2025-06-26 20:24:37.499,0x288,DATA:213 195 48 0 0 94 207 0
2025-06-26 20:24:37.508,0x380,DATA:0 135 0 0 128 0 0 16
2025-06-26 20:24:37.508,0x320,DATA:68 3 136 0 0 0 0 0
2025-06-26 20:24:37.511,0x280,DATA:41 0 0 0 0 0 0 0
2025-06-26 20:24:37.516,0x288,DATA:213 195 48 0 0 94 207 0
2025-06-26 20:24:37.524,0x470,DATA:0 0 0 0 2
2025-06-26 20:24:37.526,0x280,DATA:41 0 0 0 0 0 0 0
2025-06-26 20:24:37.530,0x280,DATA:41 0 0 0 0 0 0 0
2025-06-26 20:24:37.536,0x288,DATA:213 195 48 0 0 94 207 0
2025-06-26 20:24:37.536,0x380,DATA:0 135 0 0 128 0 0 16
2025-06-26 20:24:37.541,0x280,DATA:41 0 0 0 0 0 0 0
2025-06-26 20:24:37.547,0x380,DATA:0 135 0 0 128 0 0 16
2025-06-26 20:24:37.547,0x488,DATA:141 19 92 116 166 0 0 16
2025-06-26 20:24:37.547,0x320,DATA:68 3 136 0 0 0 0 0
2025-06-26 20:24:37.557,0x280,DATA:41 0 0 0 0 0 0 0
2025-06-26 20:24:37.563,0x288,DATA:17 195 48 0 0 94 207 0
2025-06-26 20:24:37.563,0x380,DATA:0 135 0 0 128 0 0 16
2025-06-26 20:24:37.563,0x320,DATA:68 3 136 0 0 0 0 0
2025-06-26 20:24:37.572,0x420,DATA:3 0 0 0 195 0 128 0
2025-06-26 20:24:37.581,0x280,DATA:41 0 0 0 0 0 0 0
2025-06-26 20:24:37.582,0x288,DATA:81 195 48 0 0 94 207 0
2025-06-26 20:24:37.583,0x380,DATA:0 135 0 0 128 0 0 16
2025-06-26 20:24:37.590,0x280,DATA:41 0 0 0 0 0 0 0
2025-06-26 20:24:37.590,0x288,DATA:81 195 48 0 0 94 207 0
2025-06-26 20:24:37.596,0x380,DATA:0 135 0 0 128 0 0 16
2025-06-26 20:24:37.596,0x488,DATA:253 19 92 116 166 0 0 96
2025-06-26 20:24:37.596,0x280,DATA:41 0 0 0 0 0 0 0
2025-06-26 20:24:37.605,0x380,DATA:0 135 0 0 128 0 0 16
2025-06-26 20:24:37.614,0x488,DATA:237 19 92 116 166 0 0 112
2025-06-26 20:24:37.614,0x470,DATA:0 0 0 0 2
2025-06-26 20:24:37.621,0x280,DATA:41 0 0 0 0 0 0 0
2025-06-26 20:24:37.621,0x320,DATA:68 3 136 0 0 0 0 0
2025-06-26 20:24:37.629,0x280,DATA:41 0 0 0 0 0 0 0
2025-06-26 20:24:37.632,0x280,DATA:41 0 0 0 0 0 0 0
2025-06-26 20:24:37.636,0x288,DATA:143 195 48 0 0 94 207 0
2025-06-26 20:24:37.642,0x380,DATA:0 135 0 0 128 0 0 16
2025-06-26 20:24:37.646,0x320,DATA:68 3 136 0 0 0 0 0
2025-06-26 20:24:37.652,0x280,DATA:41 0 0 0 0 0 0 0
2025-06-26 20:24:37.653,0x288,DATA:143 195 48 0 0 94 207 0
2025-06-26 20:24:37.659,0x288,DATA:213 195 48 0 0 94 207 0
2025-06-26 20:24:37.663,0x488,DATA:77 19 92 116 166 0 0 208
2025-06-26 20:24:37.669,0x320,DATA:68 3 136 0 0 0 0 0
2025-06-26 20:24:37.669,0x280,DATA:41 0 0 0 0 0 0 0
2025-06-26 20:24:37.669,0x288,DATA:213 195 48 0 0 94 207 0
2025-06-26 20:24:37.677,0x380,DATA:0 135 0 0 128 0 0 16
2025-06-26 20:24:37.677,0x320,DATA:68 3 136 0 0 0 0 0
2025-06-26 20:24:37.688,0x280,DATA:41 0 0 0 0 0 0 0
2025-06-26 20:24:37.688,0x288,DATA:213 195 48 0 0 94 207 0
2025-06-26 20:24:37.694,0x280,DATA:41 0 0 0 0 0 0 0
2025-06-26 20:24:37.702,0x288,DATA:17 195 48 0 0 94 207 0
2025-06-26 20:24:37.702,0x380,DATA:0 135 0 0 128 0 0 16
2025-06-26 20:24:37.702,0x320,DATA:68 3 136 0 0 0 0 0
2025-06-26 20:24:37.710,0x280,DATA:41 0 0 0 0 0 0 0
2025-06-26 20:24:37.710,0x288,DATA:17 195 48 0 0 94 207 0
2025-06-26 20:24:37.719,0x280,DATA:41 0 0 0 0 0 0 0
2025-06-26 20:24:37.719,0x288,DATA:17 195 48 0 0 94 207 0
2025-06-26 20:24:37.719,0x380,DATA:0 135 0 0 128 0 0 16
2025-06-26 20:24:37.727,0x280,DATA:41 0 0 0 0 0 0 0
2025-06-26 20:24:37.735,0x288,DATA:81 195 48 0 0 94 207 0
2025-06-26 20:24:37.737,0x380,DATA:0 135 0 0 128 0 0 16
2025-06-26 20:24:37.737,0x488,DATA:205 19 92 116 166 0 0 80
2025-06-26 20:24:37.747,0x320,DATA:68 3 136 0 0 0 0 0
2025-06-26 20:24:37.752,0x280,DATA:41 0 0 0 0 0 0 0
2025-06-26 20:24:37.752,0x280,DATA:41 0 0 0 0 0 0 0
2025-06-26 20:24:37.758,0x288,DATA:81 195 48 0 0 94 207 0
2025-06-26 20:24:37.760,0x380,DATA:0 135 0 0 128 0 0 16
2025-06-26 20:24:37.760,0x320,DATA:68 3 136 0 0 0 0 0
2025-06-26 20:24:37.769,0x420,DATA:3 0 0 0 195 0 128 0
2025-06-26 20:24:37.774,0x470,DATA:0 0 0 0 2
2025-06-26 20:24:37.776,0x280,DATA:41 0 0 0 0 0 0 0
2025-06-26 20:24:37.781,0x288,DATA:143 195 48 0 0 94 207 0
2025-06-26 20:24:37.791,0x380,DATA:0 135 0 0 128 0 0 16
2025-06-26 20:24:37.792,0x588,DATA:234 64 116 0 0 3 0 0
2025-06-26 20:24:37.798,0x280,DATA:41 0 0 0 0 0 0 0
2025-06-26 20:24:37.803,0x288,DATA:143 195 48 0 0 94 207 0
2025-06-26 20:24:37.808,0x320,DATA:68 3 136 0 0 0 0 0
2025-06-26 20:24:37.808,0x280,DATA:41 0 0 0 0 0 0 0
2025-06-26 20:24:37.813,0x470,DATA:0 0 0 0 2
2025-06-26 20:24:37.813,0x280,DATA:41 0 0 0 0 0 0 0
2025-06-26 20:24:37.818,0x288,DATA:213 195 48 0 0 94 207 0
2025-06-26 20:24:37.824,0x320,DATA:68 3 136 0 0 0 0 0
2025-06-26 20:24:37.827,0x280,DATA:41 0 0 0 0 0 0 0
2025-06-26 20:24:37.827,0x288,DATA:213 195 48 0 0 94 207 0
2025-06-26 20:24:37.833,0x280,DATA:41 0 0 0 0 0 0 0
2025-06-26 20:24:37.833,0x288,DATA:213 195 48 0 0 94 207 0
2025-06-26 20:24:37.845,0x380,DATA:0 135 0 0 128 0 0 16
2025-06-26 20:24:37.845,0x288,DATA:213 195 48 0 0 94 207 0
2025-06-26 20:24:37.857,0x488,DATA:157 19 92 116 166 0 0 0
2025-06-26 20:24:37.857,0x520,DATA:255 143 1 150 124 18 163 1
2025-06-26 20:24:37.866,0x320,DATA:68 3 136 0 0 0 0 0
2025-06-26 20:24:37.866,0x470,DATA:0 0 0 0 2
2025-06-26 20:24:37.866,0x570,DATA:3 0 0 0
2025-06-26 20:24:37.876,0x5D0,DATA:128 2 65 32 0 0
2025-06-26 20:24:37.876,0x280,DATA:41 0 0 0 0 0 0 0
2025-06-26 20:24:37.882,0x288,DATA:17 195 48 0 0 94 207 0
2025-06-26 20:24:37.890,0x320,DATA:68 3 136 0 0 0 0 0
2025-06-26 20:24:37.890,0x280,DATA:41 0 0 0 0 0 0 0
2025-06-26 20:24:37.890,0x288,DATA:17 195 48 0 0 94 207 0
2025-06-26 20:24:37.903,0x380,DATA:0 135 0 0 128 0 0 16
2025-06-26 20:24:37.908,0x280,DATA:41 0 0 0 0 0 0 0
2025-06-26 20:24:37.908,0x288,DATA:81 195 48 0 0 94 207 0
2025-06-26 20:24:37.908,0x280,DATA:41 0 0 0 0 0 0 0
